freq_GHz,S11_dB_0pct,S11_dB_5pct,S11_dB_10pct,S11_dB_15pct,S11_dB_20pct
1.5,-0.5733250724849414,-0.596569870805539,-0.6707026041630627,-0.702805455755991,-0.7556136806021563
1.502,-0.5766112966997242,-0.6001712235740474,-0.6750614199310998,-0.7077188588527982,-0.7612894649421089
1.504,-0.5799392622757239,-0.6038181879496678,-0.6794832782827708,-0.7127000405538289,-0.7670435479846878
1.506,-0.5833094243413235,-0.6075112839996438,-0.6839690206666617,-0.7177499106925547,-0.7728770510125581
1.508,-0.5867222437961603,-0.6112510387511282,-0.6885195002046479,-0.7228693929105469,-0.7787911139188973
1.51,-0.5901781873923555,-0.6150379862958972,-0.6931355818366345,-0.7280594248872562,-0.7847868955520042
1.512,-0.5936777278169677,-0.6188726678967563,-0.6978181424665326,-0.7333209585740413,-0.7908655740668314
1.514,-0.5972213437757196,-0.6227556320957454,-0.7025680711095508,-0.7386549604324673,-0.7970283472836449
1.516,-0.6008095200779617,-0.6266874348241089,-0.7073862690408361,-0.7440624116770382,-0.8032764330539284
1.518,-0.6044427477229712,-0.6306686395141116,-0.7122736499454346,-0.7495443085224014,-0.8096110696337123
1.52,-0.6081215239875413,-0.634699817212689,-0.7172311400696075,-0.7551016624351299,-0.8160335160644598
1.522,-0.6118463525149144,-0.6387815466970028,-0.7222596783736511,-0.7607355003902343,-0.8225450525617078
1.524,-0.6156177434050616,-0.6429144145919155,-0.7273602166860484,-0.7664468651324117,-0.8291469809116188
1.526,-0.6194362133063755,-0.6470990154894183,-0.7325337198591795,-0.77223681544225,-0.8358406248756032
1.528,-0.6233022855087127,-0.6513359520700546,-0.7377811659266014,-0.7781064264073706,-0.8426273306032086
1.53,-0.6272164900379052,-0.6556258352263888,-0.7431035462618043,-0.7840567896987505,-0.8495084670534547
1.532,-0.6311793637517098,-0.6599692841885024,-0.7485018657387124,-0.7900890138522108,-0.8564854264247863
1.534,-0.635191450437213,-0.6643669266516626,-0.753977142893819,-0.7962042245552989,-0.8635596245938235
1.536,-0.6392533009097447,-0.6688193989060364,-0.7595304100901032,-0.8024035649395893,-0.870732501563165
1.538,-0.6433654731133037,-0.673327345968685,-0.7651627136827427,-0.8086881958786112,-0.8780055219183689
1.54,-0.6475285322225456,-0.6778914217176819,-0.7708751141868098,-0.8150592962914761,-0.8853801752943542
1.542,-0.6517430507463313,-0.6825122890285885,-0.7766686864468607,-0.821518063452329,-0.8928579768514117
1.544,-0.656009608632836,-0.6871906199131551,-0.7825445198086789,-0.8280657133058044,-0.9004404677610717
1.546,-0.6603287933763489,-0.6919270956604163,-0.7885037182930572,-0.8347034807885418,-0.9081292157020099
1.548,-0.6647012001256537,-0.6967224069800979,-0.7945474007720392,-0.8414326201570831,-0.9159258153662265
1.55,-0.6691274317941396,-0.701577254148621,-0.8006767011473425,-0.8482544053219777,-0.9238318889757496
1.552,-0.6736080991715774,-0.7064923471572875,-0.8068927685314502,-0.8551701301886229,-0.9318490868100555
1.554,-0.6781438210376206,-0.7114684058633675,-0.8131967674311193,-0.862181109004662,-0.9399790877444989
1.556,-0.682735224277115,-0.7165061601433885,-0.819589877933894,-0.8692886767143527,-0.9482235997999411
1.558,-0.6873829439971477,-0.7216063500493198,-0.8260732958972589,-0.8764941893199125,-0.956584360703887
1.56,-0.6920876236459332,-0.7267697259671884,-0.8326482331409915,-0.8837990242499991,-0.9650631384633368
1.562,-0.6968499151335482,-0.7319970487785993,-0.8393159176427296,-0.8912045807356159,-0.9736617319496589
1.564,-0.7016704789545353,-0.7372890900249341,-0.8460775937367817,-0.898712280193571,-0.9823819714957537
1.566,-0.7065499843124425,-0.7426466320742887,-0.8529345223166582,-0.9063235666175952,-0.9912257195057139
1.568,-0.7114891092462461,-0.7480704682914558,-0.8598879810413208,-0.9140399069773857,-1.0001948710774067
1.57,-0.7164885407588382,-0.7535614032105995,-0.8669392645451406,-0.9218627916257472,-1.0092913546381093
1.572,-0.7215489749474391,-0.7591202527111744,-0.8740896846525621,-0.9297937347140183,-1.018517132593646
1.574,-0.726671117136093,-0.7647478441965567,-0.8813405705966038,-0.9378342746160369,-1.0278742019912104
1.576,-0.7318556820101941,-0.7704450167760418,-0.8886932692423226,-0.9459859743607223,-1.037364595196261
1.578,-0.737103393753231,-0.7762126214498009,-0.8961491453150844,-0.9542504220736804,-1.0469903805838183
1.58,-0.7424149861855123,-0.7820515212971485,-0.9037095816339944,-0.9626292314278377,-1.0567536632444234
1.582,-0.7477912029052212,-0.7879625916679528,-0.9113759793507668,-0.9711240421035758,-1.0666565857052086
1.584,-0.753232797431598,-0.7939467203775721,-0.9191497581943929,-0.9797365202582373,-1.0767013286662839
1.586,-0.7587405333504529,-0.800004807904895,-0.9270323567215872,-0.988468359005898,-1.0868901117529293
1.588,-0.764315184461887,-0.8061377675940422,-0.9350252325739529,-0.9973212789066311,-1.0972251942839537
1.59,-0.7699575349303922,-0.8123465258595554,-0.9431298627416398,-1.0062970284667132,-1.1077088760564187
1.592,-0.7756683794373344,-0.8186320223950773,-0.9513477438339073,-1.015397384648989,-1.1183434981473914
1.594,-0.7814485233358658,-0.82499521038576,-0.9596803923573907,-1.024624153394345,-1.129131443732856
1.596,-0.7872987828082179,-0.8314370567243906,-0.9681293450019954,-1.0339791701543035,-1.1400751389244115
1.598,-0.7932199850255506,-0.8379585422311613,-0.9766961589348654,-1.0434643004349344,-1.1511770536239887
1.6,-0.7992129683103739,-0.844560661877578,-0.9853824121030269,-1.053081440352675,-1.162439702397173
1.602,-0.8052785823014477,-0.851244425014071,-0.9941897035452363,-1.0628325172020234,-1.1738656453654324
1.604,-0.8114176881214115,-0.8580108556015985,-1.003119653712857,-1.0727194900356571,-1.1854574891177785
1.606,-0.8176311585470407,-0.864860992447629,-1.0121739048011298,-1.082744350257219,-1.1972178876424253
1.608,-0.8239198781822321,-0.8717958894459744,-1.0213541210901869,-1.0929091222269873,-1.2091495432786015
1.61,-0.8302847436338063,-0.8788166158209063,-1.0306619892977107,-1.1032158638810587,-1.2212552076894048
1.612,-0.8367266636899856,-0.8859242563758818,-1.0400992189423,-1.1136666673639604,-1.2335376828559286
1.614,-0.8432465595019457,-0.8931199117462607,-1.0496675427189108,-1.1242636596755515,-1.2459998220932837
1.616,-0.8498453647681306,-0.9004046986568979,-1.0593687168869779,-1.1350090033321167,-1.2586445310889738
1.618,-0.8565240259215651,-0.9077797501841738,-1.0692045216709913,-1.1459048970423082,-1.2714747689643093
1.62,-0.8632835023202367,-0.9152462160225205,-1.0791767616750083,-1.1569535763982588,-1.2844935493592335
1.6219999999999999,-0.8701247664405249,-0.9228052627560791,-1.0892872663110635,-1.1681573145822857,-1.2977039415413585
1.624,-0.8770488040737738,-0.9304580741348568,-1.0995378902421655,-1.1795184230894495,-1.3111090715395077
1.626,-0.8840566145260247,-0.9382058513562443,-1.1099305138407853,-1.1910392524665911,-1.324712123302747
1.6280000000000001,-0.8911492108210133,-0.9460498133510558,-1.1204670436630124,-1.202722193068281,-1.338516339885202
1.63,-0.8983276199065117,-0.9539911970751922,-1.131149412939461,-1.2145696758297895,-1.3525250246574618
1.6320000000000001,-0.9055928828639342,-0.9620312578064155,-1.141979582082754,-1.2265841730580243,-1.3667415425452645
1.634,-0.9129460551214735,-0.9701712694463309,-1.152959539213609,-1.2387681992405695,-1.3811693212960672
1.6360000000000001,-0.9203882066706913,-0.9784125248279367,-1.1640913007048301,-1.251124311873336,-1.3958118527742363
1.638,-0.9279204222865987,-0.9867563360289298,-1.175376911744101,-1.2636551123076436,-1.4106726942855528
1.6400000000000001,-0.9355438017514814,-0.9952040346905058,-1.1868184469176297,-1.2763632466165742,-1.4257554699318884
1.642,-0.9432594600822728,-1.0037569723418103,-1.198418010812745,-1.289251406482008,-1.4410638719967197
1.6440000000000001,-0.9510685277618315,-1.0124165207306113,-1.210177738643186,-1.302322330102026,-1.4566016623622202
1.646,-0.9589721509738545,-1.0211840721598844,-1.2220997968947682,-1.315578803119875,-1.4723726739589726
1.648,-0.9669714918418936,-1.0300610398305805,-1.2341863839946439,-1.3290236595746616,-1.4883808122489262
1.65,-0.9750677286721834,-1.0390488581906754,-1.246439731003314,-1.342659782874629,-1.5046300567424242
1.652,-0.9832620562005924,-1.0481489832903876,-1.258862102330339,-1.3564901067933417,-1.5211244625506612
1.654,-0.9915556858437204,-1.0573628931445085,-1.2714557964752218,-1.3705176164896788,-1.5378681619737482
1.656,-0.9999498459540569,-1.0666920881007242,-1.2842231467931506,-1.384745349552119,-1.554865366126044
1.658,-1.008445782079669,-1.0761380912153957,-1.297166522286829,-1.3991763970679305,-1.5721203665992847
1.66,-1.0170447572279824,-1.0857024486357707,-1.3102883284251452,-1.4138139047180718,-1.5896375371647848
1.662,-1.025748052134236,-1.0953867299895292,-1.3235910079892723,-1.42866107389833,-1.6074213355155855
1.664,-1.0345569655343236,-1.105192528781608,-1.3370770419464613,-1.4437211628675657,-1.625476305049821
1.666,-1.043472814442378,-1.1151214627985389,-1.3507489503532741,-1.4589974879236287,-1.643807076696149
1.668,-1.0524969344329695,-1.1251751745197272,-1.3646092932876928,-1.474493424607914,-1.6624183707827467
1.67,-1.0616306799282207,-1.1353553315372873,-1.3786606718115058,-1.49021240893894,-1.6813149989508782
1.672,-1.0708754244897496,-1.1456636269832086,-1.3929057289635987,-1.5061579386762483,-1.7005018661142128
1.674,-1.080232561115693,-1.1561017799646194,-1.4073471507847157,-1.522333574614894,-1.7199839724652937
1.676,-1.0897035025427346,-1.1666715360073605,-1.4219876673740979,-1.5387429419118916,-1.7397664155305832
1.678,-1.0992896815535225,-1.177374667508063,-1.4368300539788528,-1.5553897314449647,-1.7598543922751608
1.68,-1.108992551289198,-1.1882129741943497,-1.4518771321169228,-1.572277701204852,-1.780253201258799
1.682,-1.1188135855675503,-1.1991882835942516,-1.467131770733498,-1.5894106777218235,-1.8009682448447304
1.684,-1.1287542792065686,-1.2103024515144303,-1.4825968873925552,-1.6067925575275934,-1.822005031462703
1.686,-1.1388161483536983,-1.221557362527244,-1.498275449502934,-1.6244273086532315,-1.843369177927827
1.688,-1.149000730820992,-1.2329549304675624,-1.5141704755804897,-1.6423189721644507,-1.8650664118170424
1.69,-1.159309586425967,-1.2444970989387996,-1.5302850365460041,-1.6604716637348436,-1.8871025739046838
1.692,-1.1697442973386056,-1.2561858418288196,-1.546622257060547,-1.678889575258562,-1.9094836206590693
1.694,-1.1803064684344855,-1.2680231638356805,-1.5631853168972474,-1.697576976503121,-1.9322156268019413
1.696,-1.1909977276542425,-1.2800111010037627,-1.5799774523515817,-1.7165382168036087,-1.9553047879326075
1.698,-1.2018197263693624,-1.2921517212700366,-1.5970019576893804,-1.7357777267994496,-1.978757423218847
1.7,-1.2127741397546101,-1.3044471250210639,-1.6142621866339129,-1.7553000202147917,-2.002579978156604
1.702,-1.2238626671671433,-1.316899445660937,-1.6317615538920613,-1.7751096956837036,-2.026779027400594
1.704,-1.2350870325325358,-1.3295108501901733,-1.6495035367200104,-1.7952114386215983,-2.0513612776681605
1.706,-1.246448984737671,-1.3422835397961506,-1.6674916765292562,-1.8156100231439138,-2.07633357071861
1.708,-1.2579502980309347,-1.355219750454871,-1.6857295805328794,-1.836310314033427,-2.101702886410493
1.71,-1.2695927724297251,-1.3683217535449985,-1.7042209234331076,-1.8573172687576964,-2.1274763458393275
1.712,-1.2813782341353575,-1.381591856473604,-1.7229694491497822,-1.8786359395379013,-2.1536612145585514
1.714,-1.2933085359557572,-1.3950324033147685,-1.741978972590971,-1.9002714754705212,-2.1802649058861516
1.716,-1.3053855577358684,-1.4086457754605592,-1.7612533814654376,-1.9222291247031689,-2.207294984300196
1.718,-1.3176112067962014,-1.422434392285332,-1.780796638137914,-1.9445142366666883,-2.234759168925912
1.72,-1.3299874183795037,-1.4364007118228883,-1.8006127815270843,-1.96713226436438,-2.262665337117767
1.722,-1.3425161561058667,-1.4505472314579992,-1.8207059290472798,-1.990088766720378,-2.291021528139593
1.724,-1.3551994124364328,-1.4648764886308792,-1.8410802785934266,-2.0133894109889465,-2.3198359469461503
1.726,-1.3680392091458997,-1.479391061557074,-1.861740110570752,-2.0370399752262953,-2.3491169680699815
1.728,-1.3810375978040157,-1.4940935699611237,-1.8826897899687465,-2.061046350826588,-2.3788731396169362
1.73,-1.3941966602663287,-1.5089866758254282,-1.9039337684802717,-2.085414545124458,-2.4091131873744813
1.732,-1.4075185091744025,-1.5240730841547214,-1.9254765866663461,-2.110150684065636,-2.43984601903683
1.734,-1.421005288465669,-1.5393555437557502,-1.9473228761666457,-2.135261014947752,-2.471080728551388
1.736,-1.4346591738932368,-1.5548368480339585,-1.9694773619570487,-2.1607519092336025,-2.5028266005904776
1.738,-1.4484823735558612,-1.5705198358052601,-1.9919448646538358,-2.186629865438991,-2.535093115153739
1.74,-1.4624771284383251,-1.5864073921261537,-2.014730302865619,-2.2129015120972295,-2.567889952305651
1.742,-1.4766457129624606,-1.6025024491403816,-2.037838695593854,-2.2395736108030544,-2.6012269970536623
1.744,-1.4909904355492234,-1.6188079869432106,-2.061275164682237,-2.26665305933808,-2.6351143443721576
1.746,-1.5055136391918424,-1.6353270344647106,-2.085044937315467,-2.2941468948805754,-2.669562304378271
1.748,-1.5202177020406276,-1.6520626703706847,-2.109153348568992,-2.322062297302103,-2.704581407665298
1.75,-1.5351050379994422,-1.6690180239837538,-2.1336058440097827,-2.350406592554002,-2.740182410800242
1.752,-1.5501780973344212,-1.686196276223257,-2.1584079823493623,-2.379187256146507,-2.776376301992186
1.754,-1.5654393672949296,-1.703600660565857,-2.1835654381501985,-2.408411916723547,-2.813174306938311
1.756,-1.5808913727475284,-1.721234464026535,-2.2090840045862437,-2.438088359736529,-2.850587894855216
1.758,-1.5965366768227298,-1.7391010281609125,-2.234969596258844,-2.468224531220444,-2.888628784703205
1.76,-1.6123778815753786,-1.7572037500894477,-2.261228252069649,-2.4988285416757314,-2.927308951611738
1.762,-1.6284176286587473,-1.775546083543651,-2.2878661381510756,-2.529908670059541,-2.9666406335149302
1.764,-1.6446586000127792,-1.794131539935855,-2.3148895508565492,-2.561473367890568,-3.0066363380059014
1.766,-1.661103518566838,-1.8129636894520167,-2.3423049198118457,-2.5935312634710734,-3.047308849420067
1.768,-1.677755148957453,-1.8320461621691608,-2.370118811028796,-2.6260911662305886,-3.0886712361572437
1.77,-1.6946162982613002,-1.8513826491973497,-2.3983379300838994,-2.659162071195885,-3.1307368582534743
1.772,-1.7116898167439834,-1.8709769038475341,-2.426969125363067,-2.6927531635916804,-3.173519375214051
1.774,-1.7289785986249575,-1.8908327428257725,-2.456019391375422,-2.726873823577124,-3.2170327541196486
1.776,-1.7464855828590928,-1.9109540474542857,-2.4854958721375144,-2.7615336311234366,-3.261291278018449
1.778,-1.76421375393533,-1.9313447649202578,-2.5154058646310133,-2.7967423710379697,-3.3063095546177177
1.78,-1.7821661426928492,-1.9520089095535886,-2.545756822336407,-2.8325100381406347,-3.3521025252889802
1.782,-1.8003458271553598,-1.9729505641338887,-2.576556358845053,-2.868846842598879,-3.3986854744022805
1.784,-1.81875593338382,-1.9941738812276872,-2.6078122515531788,-2.9057632154274984,-3.446074039005102
1.786,-1.8373996363484313,-2.015683084556959,-2.639532445440618,-2.9432698141603364,-3.4942842188633128
1.788,-1.856280160820011,-2.0374824703998815,-2.67172505693777,-2.9813775287009197,-3.5433323868819917
1.79,-1.8754007822817889,-2.0595764090241166,-2.7043983778845764,-3.0200974873598296,-3.593235299925163
1.792,-1.8947648278617633,-2.0819693461550366,-2.7375608795851636,-3.05944106308685,-3.644010110054932
1.794,-1.9143756772865703,-2.104665804478168,-2.7712212169624815,-3.0994198799064376,-3.6956743762112554
1.796,-1.9342367638571811,-2.127670385178348,-2.805388232817257,-3.1400458195655605,-3.748246076355379
1.798,-1.9543515754473948,-2.15098776951609,-2.8400709621961995,-3.1813310284037826,-3.801743620101065
1.8,-1.974723655525393,-2.17462272044201,-2.8752786368739596,-3.2232879244554207,-3.856185861859351
1.802,-1.9953566041994077,-2.198580084251524,-2.9110206899547664,-3.2659292047950506,-3.911592114524263
1.804,-2.016254079288054,-2.2228647922800966,-2.947306760599141,-3.309267853137406,-3.9679821637283985
1.806,-2.037419797415843,-2.2474818626406967,-2.9841466988815233,-3.3533171477043586,-4.02537628269935
1.808,-2.058857535135172,-2.272436402005104,-3.021550570785676,-3.3980906693715953,-4.083795247749753
1.81,-2.0805711300749214,-2.2977336074297705,-3.059528663344326,-3.4436023101089948,-4.143260354435827
1.812,-2.102564482116985,-2.3233787682287965,-3.0980914899304968,-3.4898662817292476,-4.203793434421493
1.814,-2.1248415546012662,-2.3493772678944884,-3.137249795707968,-3.536897124960581,-4.265416873087579
1.816,-2.1474063755601023,-2.3757345860676233,-3.177014563249516,-3.5847097188598216,-4.328153627928053
1.818,-2.170263038983097,-2.402456300559436,-3.2173970183309377,-3.6333192905838145,-4.392027247777853
1.82,-2.1934157061130035,-2.4295480894261825,-3.2584086359108317,-3.6827414255378694,-4.457061892919886
1.822,-2.216868606773997,-2.4570157330989706,-3.3000611463052687,-3.732992077921342,-4.523282356121754
1.824,-2.2406260407330323,-2.48486511657031,-3.3423665415682007,-3.784087581691735,-4.590714084655795
1.826,-2.264692379095347,-2.5131022316396505,-3.38533708208847,-3.836044661970072,-4.659383203359877
1.828,-2.289072065735381,-2.5417331792197713,-3.4289853034151774,-3.8888804469119926,-4.72931653879959
1.83,-2.313769618763886,-2.570764171706201,-3.4733240233237983,-3.942612480070251,-4.800541644596705
1.832,-2.338789632032649,-2.600201535412234,-3.518366349136521,-3.99725873327663,-4.873086827992819
1.834,-2.3641367766777726,-2.630051713071859,-3.564125685310629,-4.052837620072521,-4.946981177721285
1.836,-2.3898158027029566,-2.66032126641268,-3.6106157413100046,-4.109368009719876,-5.022254593265513
1.838,-2.415831540603843,-2.691016878802235,-3.657850539775594,-4.16686924182624,-5.098937815586471
1.84,-2.4421889030347854,-2.722145357969532,-3.7058444250119518,-4.225361141619824,-5.1770624594073595
1.842,-2.468892886519577,-2.753713638805804,-3.7546120718074665,-4.284864035913177,-5.25666104714913
1.844,-2.4959485732071442,-2.785728786246401,-3.8041684946077146,-4.345398769796559,-5.33776704461621
1.846,-2.5233611326741845,-2.8181979982376864,-3.8545290570622543,-4.406986724105177,-5.420414898537946
1.848,-2.551135823775767,-2.851128608792223,-3.905709481966398,-4.469649833707294,-5.504640076077702
1.85,-2.5792779965458013,-2.8845280911353517,-3.9577258616211615,-4.533410606663722,-5.5904791064282975
1.8519999999999999,-2.607793094148852,-2.9184040609473016,-4.0105946686360285,-4.598292144312742,-5.677969624619534
1.854,-2.6366866548850525,-2.952764279704436,-4.064332767200573,-4.664318162338247,-5.767150417670819
1.8559999999999999,-2.66596431424976,-2.987616658123775,-4.118957424852988,-4.731513012883069,-5.858061473229393
1.858,-2.6956318070500362,-3.022969259715029,-4.174486324775459,-4.799901707774313,-5.950744030842964
1.8599999999999999,-2.7256949695794845,-3.0588303044446254,-4.23093757864776,-4.8695099429313515,-6.045240636022587
1.862,-2.7561597418538177,-3.0952081725166347,-4.288329740093579,-4.940364124033617,-6.141595197261044
1.8639999999999999,-2.7870321699088456,-3.1321114082752235,-4.346681818755313,-5.012491393529722,-6.2398530461786645
1.866,-2.818318408163302,-3.1695487242343034,-4.406013295036394,-5.085919659076446,-6.3400610009781655
1.8679999999999999,-2.850024721848539,-3.2075290052394703,-4.466344135552324,-5.160677623501768,-6.4422674333963
1.87,-2.882157489507706,-3.246061312768458,-4.5276948093349265,-5.236794816394152,-6.54652233934932
1.8719999999999999,-2.914723205566215,-3.285154889375897,-4.590086304836768,-5.3143016274268104,-6.6528774134743305
1.874,-2.9477284829769608,-3.3248191632891677,-4.653540147787006,-5.393229341535044,-6.7613861277762854
1.876,-2.981180055941911,-3.365063753161917,-4.718078419952392,-5.473610176072546,-6.872103814593357
1.8780000000000001,-3.0150847827136706,-3.405898472992664,-4.7837237788620115,-5.5554773200833285,-6.98508775409797
1.88,-3.049449648479249,-3.447333337215919,-4.850499478557862,-5.638864975835277,-7.100397266549808
1.8820000000000001,-3.0842817683294914,-3.48937856597416,-4.918429391438447,-5.723808402773674,-7.218093809516365
1.884,-3.1195883903170234,-3.5320445905787863,-4.987538031266805,-5.810343964064359,-7.338241080268658
1.8860000000000001,-3.155376898606177,-3.5753420591694764,-5.057850577420582,-5.898509175910465,-7.460905123550195
1.888,-3.1916548167181253,-3.6192818425811106,-5.1293929004664784,-5.98834275984003,-7.586154444898051
1.8900000000000001,-3.2284298108751104,-3.6638750404286218,-5.202191589148669,-6.079884698178618,-7.714060129670869
1.892,-3.265709693447228,-3.709132987420235,-5.2762739788865645,-6.173176292936868,-7.844695967901485
1.8940000000000001,-3.3035024265060158,-3.7550672599106028,-5.351668181885575,-6.2682602283626165,-7.978138585044916
1.896,-3.341816125488704,-3.801689682705583,-5.42840311897154,-6.365180637426018,-8.114467578626698
1.8980000000000001,-3.3806590629777906,-3.8490123361316537,-5.50650855326916,-6.46398317252919,-8.253765660714114
1.9,-3.4200396726002307,-3.897047563383106,-5.586015125853131,-6.564715080754339,-8.396118806022226
1.9020000000000001,-3.4599665530512995,-3.9458079781616675,-5.6669543935120466,-6.667425283991354,-8.541616405328734
1.904,-3.5004484722479585,-3.995306472623352,-5.749358868775223,-6.7721644643125645,-8.69035142369141
1.9060000000000001,-3.5414943716172944,-4.0455562256490545,-5.833262062365883,-6.878985154994208,-8.842420562737953
1.908,-3.583113370525379,-4.0965707114556125,-5.918698528256474,-6.987941837615788,-8.997924426010023
1.9100000000000001,-3.625314770852715,-4.148363708565884,-6.005703911517344,-7.099091045706016,-9.156967685985343
1.912,-3.6681080617222266,-4.200949309156882,-6.094314999165098,-7.212491475441519,-9.319659250947096
1.9140000000000001,-3.7115029243866653,-4.2543419288068645,-6.184569774235337,-7.32820410394865,-9.486112429304141
1.916,-3.755509237282043,-4.308556316663008,-6.276507473322486,-7.446292315802985,-9.656445088251909
1.918,-3.800137081254682,-4.363607566053196,-6.370168647851698,-7.566822038372852,-9.830779802775275
1.92,-3.8453967449694515,-4.419511125566665,-6.465595229369528,-7.6898618867055095,-10.009243989878414
1.922,-3.8912987305074296,-4.476282810630108,-6.562830599166554,-7.8154833187143655,-10.191970021534242
1.924,-3.937853759161624,-4.533938815607314,-6.661919662572195,-7.943760801487871,-10.37909530810217
1.926,-3.9850727774398678,-4.592495726452781,-6.76290892829313,-8.074771989608582,-10.570762341782622
1.928,-4.032966963284667,-4.651970533951086,-6.865846593200381,-8.20859791644354,-10.76711868694999
1.93,-4.081547732520169,-4.712380647576817,-6.970782633007567,-8.345323199444593,-10.968316900792505
1.932,-4.130826745537094,-4.773743910011435,-7.077768899324232,-8.485036260579676,-11.174514363416378
1.934,-4.180815914227363,-4.836078612356409,-7.186859223613698,-8.62782956310245,-11.385872991223865
1.936,-4.231527409180299,-4.899403510084803,-7.298109528635739,-8.773799865958951,-11.60255880067835
1.938,-4.2829736671538,-4.963737839776054,-7.411577948010434,-8.923048497223,-11.82474128118415
1.94,-4.3351673988338675,-5.029101336682075,-7.527324954601759,-9.075681648048029,-12.052592525310057
1.942,-4.3881215968973795,-5.0955142531764785,-7.645413498489411,-9.231810688717275,-12.286286051448009
1.944,-4.441849544393558,-5.1629973781417675,-7.765909155373532,-9.391552508466077,-12.52599523757562
1.946,-4.496364823460706,-5.231572057354493,-7.88888028634404,-9.555029880834024,-12.771891264293133
1.948,-4.5516813243956245,-5.30126021493119,-8.01439821004109,-9.722371856374952,-13.024140439783018
1.95,-4.607813255094783,-5.372084375904286,-8.142537388341701,-9.89371418460307,-13.282900747673626
1.952,-4.664775150886618,-5.444067690000846,-8.273375626825718,-10.069199767071064,-13.548317419690877
1.954,-4.722581884776735,-5.517233956703629,-8.406994291409692,-10.248979143448304,-13.820517287045089
1.956,-4.781248678127957,-5.591607651679309,-8.543478542687387,-10.43321101237389,-14.09960160629396
1.958,-4.840791111799955,-5.667213954665444,-8.682917589683614,-10.622062788674233,-14.38563698570017
1.96,-4.901225137773395,-5.744078778915115,-8.825404964918825,-10.815711198224134,-14.678643956201434
1.962,-4.962567091286559,-5.822228802305515,-8.971038822894274,-11.014342911245382,-14.978582637608111
1.964,-5.024833703513112,-5.9016915002254065,-9.119922264348434,-11.218155214116665,-15.285334848512298
1.966,-5.088042114812396,-5.98249518036582,-9.272163688905565,-11.427356718727236,-15.598681904796152
1.968,-5.152209888585424,-6.06466901954796,-9.427877179043483,-11.642168106932093,-15.918277260740654
1.97,-5.217355025772024,-6.148243102733318,-9.587182918652605,-11.8628229056057,-16.243613093932634
1.972,-5.283495980026826,-6.233248464373596,-9.750207649848438,-12.089568284939665,-16.573979962862403
1.974,-5.35065167361514,-6.319717132270348,-9.917085172141578,-12.322665868712503,-16.908418841384705
1.976,-5.418841514071126,-6.407682174129333,-10.087956888569147,-12.562392539901,-17.245665257455222
1.978,-5.488085411665597,-6.497177747009667,-10.262972403957328,-12.809041217702662,-17.584086075459375
1.98,-5.558403797732021,-6.5882391498863875,-10.442290181126788,-13.062921572109719,-17.92161084264142
1.982,-5.629817643904539,-6.680902879562417,-10.626078261578103,-13.324360628690705,-18.255661771566444
1.984,-5.702348482324091,-6.7752066901888055,-10.814515058017811,-13.59370319793366,-18.583089515660618
1.986,-5.776018426874119,-6.871189656673646,-11.007790227014716,-13.8713120386618,-18.900125918555027
1.988,-5.850850195510423,-6.9688922422867625,-11.20610563112741,-14.157567631304742,-19.20236952197575
1.99,-5.926867133755546,-7.068356370794544,-11.409676401027241,-14.452867390995115,-19.484823806475415
1.992,-6.004093239432406,-7.169625503491577,-11.618732109470045,-14.757624088196991,-19.74201004285529
1.994,-6.0825531887176805,-7.272744721528869,-11.83351807045608,-15.072263159931168,-19.968173540486294
1.996,-6.1622723636012005,-7.377760813978449,-12.054296778567723,-15.397218479603353,-20.157591137384905
1.998,-6.243276880844552,-7.484722372114815,-12.281349505288524,-15.732925997166252,-20.30496761182999
2.0,-6.325593622538136,-7.593679890442997,-12.51497807108015,-16.079814449492893,-20.40588166753702
2.002,-6.409250268364243,-7.704685875053712,-12.755506814091348,-16.438292054680407,-20.457215864865166
2.004,-6.494275329681302,-7.817794959946626,-13.003284778547137,-16.808727719826614,-20.457490868092375
2.0060000000000002,-6.5806981855537305,-7.9330640320267385,-13.258688148010897,-17.19142478110151,-20.407032845780808
2.008,-6.668549120861174,-8.05055236555396,-13.522122950665018,-17.586584626467893,-20.307935662553454
2.01,-6.7578593666310915,-8.17032176690673,-13.794028065235137,-17.994256697783715,-20.16382667853729
2.012,-6.848661142750256,-8.292436730613762,-14.074878556762025,-18.414270322022844,-19.97948877726425
2.0140000000000002,-6.940987703223099,-8.416964607710938,-14.365189370410548,-18.84614262435126,-19.760415796071033
2.016,-7.034873384157922,-8.543975787598848,-14.66551940784003,-19.288955586917986,-19.512378104671242
2.018,-7.130353654676657,-8.673543894705965,-14.976476002687328,-19.741194523928186,-19.241055248248177
2.02,-7.227465170959589,-8.805746001413297,-15.29871979689328,-20.200540653491718,-18.951764823331434
2.0220000000000002,-7.326245833654284,-8.940662858863952,-15.632969993993413,-20.66361356737631,-18.64929160999407
2.024,-7.426734848896049,-9.0783791474734,-15.980009923008094,-21.12566775529975,-18.33780411908023
2.026,-7.52897279320857,-9.218983749172338,-16.340692777759507,-21.580264586626523,-18.020837885779066
2.028,-7.6330016825756175,-9.362570043663057,-16.715947286613453,-22.018971346335007,-17.70132389822289
2.0300000000000002,-7.738865045999171,-9.509236231252453,-17.10678289382448,-22.431183696655687,-17.381643553266862
2.032,-7.84660800388674,-9.65908568514839,-17.514293759816283,-22.804220089657832,-17.063696037215784
2.034,-7.95627735164019,-9.812227336477362,-17.93966045708706,-23.123870655064685,-16.748968499053706
2.036,-8.067921648850167,-9.968776095707243,-18.384147561316972,-23.375550053729263,-16.438603085682047
2.0380000000000003,-8.181591314536579,-10.128853314650579,-18.849094271772657,-23.546049434202704,-16.133457644515584
2.04,-8.297338728914164,-10.292587293790236,-19.335893517069817,-23.625604333011275,-15.83415874962423
2.042,-8.415218342205346,-10.460113840328102,-19.84595235984966,-23.60970987102541,-15.541146860517062
2.044,-8.535286791068847,-10.631576883116498,-20.380622362716807,-23.500038595898513,-15.254714075421978
2.0460000000000003,-8.657603023265745,-10.807129151523249,-20.941082101573215,-23.30409300436941,-14.975035260664198
2.048,-8.782228431239991,-10.986932926315749,-21.528144060299002,-23.03373509942962,-14.702193450124518
2.05,-8.909226995354546,-11.171160871863169,-22.1419432993605,-22.703152985090544,-14.436200401140278
2.052,-9.038665437591813,-11.359996960382148,-22.78144443906777,-22.32690764290464,-14.177013122813243
2.0540000000000003,-9.17061338660419,-11.553637500630208,-23.44367774077184,-21.918486772097268,-13.924547094984858
2.056,-9.305143555083443,-11.752292285437612,-24.12259309031535,-21.48948811356124,-13.678686791877182
2.058,-9.442331930509674,-11.956185874824325,-24.807431217322495,-21.049337057436375,-13.439294024823901
2.06,-9.58225798044204,-12.165559034252713,-25.4806261494048,-20.605359379804895,-13.20621452901402
2.0620000000000003,-9.72500487362442,-12.380670350919356,-26.115608275763734,-20.163040085811524,-12.979283141681107
2.064,-9.870659718302287,-12.601798055010056,-26.675626478971136,-19.726347689649483,-12.758327853723612
2.066,-10.019313819280399,-12.829242077685656,-27.11572067011446,-19.298053237104718,-12.543172962401439
2.068,-10.171062955399414,-13.063326383422796,-27.390204143463635,-18.88001047315992,-12.33364150817449
2.0700000000000003,-10.326007679269818,-13.304401621451774,-27.465472184077704,-18.473386354615766,-12.129557142490697
2.072,-10.484253641278672,-13.5528481497177,-27.33252802569629,-18.0788430771051,-11.930745544021775
2.074,-10.64591194007563,-13.809079495440141,-27.010760583909406,-17.696677950965736,-11.737035477257008
2.076,-10.811099501952587,-14.073546329465469,-26.540020231482163,-17.326928886210094,-11.548259568439077
2.078,-10.979939491755479,-14.346741047862515,-25.966991668676386,-16.969452876531008,-11.364254858672
2.08,-11.152561758207222,-14.629203074446655,-25.33406350584816,-16.62398379879981,-11.184863181913816
2.082,-11.329103316772954,-14.921525023259301,-24.67413047227623,-16.290174621128276,-11.009931405887606
2.084,-11.509708873468599,-15.224359891951806,-24.010117514252588,-15.967627985533035,-10.839311566210503
2.086,-11.694531393283912,-15.538429497462564,-23.35673990378985,-15.65591818679422,-10.672860917869007
2.088,-11.883732717170961,-15.864534416949681,-22.72274394572897,-15.354606817440972,-10.510441923235692
2.09,-12.077484231811443,-16.2035657631185,-22.112843978466504,-15.063253768741339,-10.351922191886322
2.092,-12.275967596622548,-16.55651920858007,-21.5291602699136,-14.78142483845672,-10.197174384326784
2.094,-12.479375532654684,-16.924511785069704,-20.972206670448333,-14.508696867734578,-10.046076089226311
2.096,-12.687912678158819,-17.308802128970726,-20.441539785733724,-14.244661085791892,-9.898509681740386
2.098,-12.901796515597594,-17.71081503655884,-19.936174160613753,-13.988925161009078,-9.754362168900956
2.1,-13.121258374695424,-18.132171447152782,-19.45484264650615,-13.741114324402181,-9.61352502676397
2.102,-13.346544515667896,-18.57472531247062,-18.996156791295306,-13.500871833836815,-9.475894032978436
2.104,-13.577917295930162,-19.040609266858432,-18.558703573832464,-13.267858975546137,-9.341369097617886
2.106,-13.815656422175433,-19.532291627394734,-18.141101984758002,-13.041754746698393,-9.20985409446123
2.108,-14.060060287510854,-20.05264808004352,-17.742034476136645,-12.822255323879357,-9.081256694384711
2.11,-14.311447389993607,-20.605052515888133,-17.360262823190094,-12.609073393730391,-8.955488202111763
2.112,-14.570157823969417,-21.193492942565086,-16.994634440987525,-12.401937400889265,-8.832463397234317
2.114,-14.83655482841045,-21.822720254703274,-16.644082973644856,-12.200590752845672,-8.712100380158065
2.116,-15.111026366070593,-22.498439819734703,-16.3076255607804,-12.004791009875166,-8.594320423414688
2.118,-15.393986692413339,-23.22755782754415,-15.984358288667188,-11.814309079796457,-8.479047828622367
2.12,-15.685877852099013,-24.018494480230693,-15.673450763076017,-11.62892843110708,-8.36620978924609
2.122,-15.987171010737109,-24.881569331752548,-15.374140377974864,-11.448444333523186,-8.255736259211671
2.124,-16.29836748694832,-25.8294359696852,-15.085726623621493,-11.272663131639732,-8.147559827348994
2.126,-16.6199992892862,-26.87745227331794,-14.807565631402738,-11.101401555032242,-8.041615597583373
2.128,-16.952628876802514,-28.043597792622805,-14.539065060646621,-10.934486066393852,-7.937841074748702
2.13,-17.296847740351744,-29.34673329626749,-14.279679375190305,-10.771752248078057,-7.836176055865507
2.132,-17.6532732289934,-30.799588062125906,-14.028905522284653,-10.613044226558108,-7.736562526702933
2.134,-18.02254280051529,-32.38610523309657,-13.786279005474857,-10.458214133731534,-7.638944563429674
2.136,-18.40530452675181,-33.998191382177566,-13.551370331240193,-10.30712160361129,-7.543268239147954
2.138,-18.802202190374405,-35.310585634110545,-13.323781803081339,-10.159633302709011,-7.449481535101032
2.14,-19.213852611566256,-35.763746844723535,-13.103144634235326,-10.015622492281809,-7.357534256341803
2.142,-19.640811862030837,-35.082361960742,-12.88911634989242,-9.8749686205607,-7.267377951652821
2.144,-20.083525660586066,-33.67478140057893,-12.681378450770328,-9.73755694307562,-7.178965837509912
2.146,-20.542257384685772,-32.06890859126509,-12.479634311605468,-9.603278169230572,-7.092252725887857
2.148,-21.016984672335404,-30.527603106581086,-12.283607290168376,-9.472028133342684,-7.007194955711347
2.15,-21.507252508118675,-29.12855979735875,-12.09303902458526,-9.343707488439483,-6.92375032776244
2.152,-22.01196721309342,-27.87758593958219,-11.907687898898816,-9.218221421195482,-6.8418780428619606
2.154,-22.529112716946283,-26.759352824608147,-11.727327658860311,-9.095479386484694,-6.76153864315114
2.156,-23.0553699731651,-25.754864778369885,-11.5517461618564,-8.975394860119202,-6.682693956306448
2.158,-23.58562685612498,-24.84668355972645,-11.380744246630252,-8.857885108440444,-6.605307042529676
2.16,-24.112387664007777,-24.020093428445524,-11.214134710041414,-8.742870973520098,-6.529342144161937
2.162,-24.625141356159077,-23.263015940734924,-11.051741379537003,-8.630276672817988,-6.454764637779153
2.164,-25.109840060399435,-22.565605130721764,-10.893398271277313,-8.52002961222685,-6.3815409886328665
2.166,-25.54877508039658,-21.91981913217201,-10.738948824993278,-8.412060211515195,-6.30963870730869
2.168,-25.921271085128108,-21.319051126248247,-10.588245207654449,-8.306301741252641,-6.239026308480514
2.17,-26.205618970612786,-20.75783254986709,-10.441147678916469,-8.202690170373417,-6.169673271646424
2.172,-26.38233877191754,-20.231600563323866,-10.297524012099707,-8.101164023597228,-6.10155000373764
2.174,-26.438136146191415,-19.736517388351324,-10.157248965145921,-8.00166424798856,-6.0346278034989105
2.176,-26.369141826008857,-19.269329956506155,-10.020203796609547,-7.904134087989761,-5.968878827543605
2.178,-26.181934455260706,-18.827260427834585,-9.88627582228255,-7.808518968316383,-5.904276057993315
2.18,-25.89182143984288,-18.407920261231425,-9.755358008526725,-7.714766384149383,-5.840793271615898
2.182,-25.51924737054374,-18.009242284617212,-9.627348598810766,-7.622825798104101,-5.778405010381967
2.184,-25.085910121347915,-17.629426586417857,-9.502150770320135,-7.5326485434949655,-5.717086553363398
2.186,-24.611824617384784,-17.266897086120657,-9.379672317839317,-7.444187733453331,-5.656813889902854
2.188,-24.11374889477123,-16.920266413925788,-9.259825362396105,-7.357398175488836,-5.597563693986585
2.19,-23.604752390738184,-16.58830730288786,-9.142526082418193,-7.272236291117257,-5.539313299757427
2.192,-23.09448195109806,-16.269929123092467,-9.027694465380176,-7.188660040205564,-5.482040678107937
2.194,-22.589734439327568,-15.964158505362406,-8.915254078124764,-7.106628849712652,-5.425724414297739
2.196,-22.09508765897553,-15.6701232404438,-8.805131854221692,-7.026103546527324,-5.370343686541689
2.198,-21.613467256753825,-15.387038819593053,-8.697257896890942,-6.947046294128885,-5.315878245519286
2.2,-21.146607363896067,-15.114197119188642,-8.591565296159207,-6.869420532815007,-5.26230839475788
2.202,-20.695403780363904,-14.850956836562908,-8.487989959048521,-6.793190923261698,-5.20961497184566
2.2039999999999997,-20.26017515099687,-14.596735364764875,-8.38647045170923,-6.718323293196566,-5.157779330432265
2.206,-19.840851577334774,-14.351001856398899,-8.286947852513403,-6.6447845869835,-5.106783322977813
2.208,-19.4371086076998,-14.113271275396881,-8.189365615215893,-6.57254281793116,-5.056609284213046
2.21,-19.048461256006274,-13.883099273853423,-8.093669441372791,-6.50156702315123,-5.007240015275464
2.2119999999999997,-18.674329283041835,-13.660077761289616,-7.999807161281238,-6.431827220805243,-4.9586587684883
2.214,-18.314082050411017,-13.443831057758853,-7.907728622770954,-6.363294369590097,-4.910849232751214
2.216,-17.967068964108044,-13.234012541430415,-7.817385587237457,-6.295940330323048,-4.863795519513038
2.218,-17.632639807953833,-13.03030171674828,-7.728731632360967,-6.229737829496756,-4.817482149298683
2.2199999999999998,-17.310158016197466,-12.832401641757649,-7.6417220610035566,-6.164660424684013,-4.771894038763914
2.222,-16.99900903753371,-12.640036663346025,-7.55631381582107,-6.100682471680346,-4.7270164882530965
2.224,-16.698605305525106,-12.45295041743381,-7.472465399165834,-6.0377790932800615,-4.6828351698363235
2.226,-16.408388880077638,-12.270904057951185,-7.390136797891903,-5.975926149588605,-4.6393361158036655
2.2279999999999998,-16.12783250720486,-12.093674684039929,-7.309289412707431,-5.915100209780746,-4.596505707595432
2.23,-15.856439620805736,-11.921053939558394,-7.229885991747968,-5.855278525220179,-4.554330665148631
2.232,-15.593743652791701,-11.752846762818628,-7.151890568071302,-5.796439003861701,-4.512798036640632
2.234,-15.339306907012286,-11.588870267702536,-7.075268400798499,-5.7385601858623625,-4.47189518861217
2.2359999999999998,-15.09271917425549,-11.428952739995994,-6.9999859196482594,-5.6816212203329,-4.431609796452747
2.238,-14.853596210463145,-11.27293273504306,-6.926010672631637,-5.625601843165273,-4.3919298352324585
2.24,-14.62157816141496,-11.120658264733876,-6.8533112766924065,-5.570482355876188,-4.352843570864933
2.242,-14.396327989727967,-10.971986063455223,-6.781857371095122,-5.516243605410361,-4.314339551586965
2.2439999999999998,-14.177529940741753,-10.826780924005488,-6.711619573378193,-5.462866964850921,-4.276406599741137
2.246,-13.96488807034042,-10.684915095647336,-6.642569437703329,-5.410334314987749,-4.239033803848477
2.248,-13.758124848334262,-10.546267737469748,-6.574679415445282,-5.358628026697513,-4.202210510958796
2.25,-13.556979844498668,-10.410724421087213,-6.507922817877479,-5.307730944091985,-4.165926319266896
2.252,-13.361208499905104,-10.278176677442254,-6.442273780819994,-5.257626368394161,-4.130171070983592
2.254,-13.170580983178304,-10.148521583110588,-6.377707231126054,-5.208298042503971,-4.094934845450957
2.2560000000000002,-12.984881129347874,-10.021661382057914,-6.314198854892194,-5.159730136217844,-4.060207952491676
2.258,-12.80390545772587,-9.897503139270704,-6.251725067285429,-5.111907232068306,-4.025980925982953
2.26,-12.62746226451808,-9.775958423098846,-6.190262983888517,-5.064814311752133,-3.9922445176458177
2.262,-12.455370785506158,-9.65694301350439,-6.1297903934713736,-5.018436743117265,-3.9589896910412126
2.2640000000000002,-12.287460424011286,-9.540376633726616,-6.070285732103059,-4.972760267680513,-3.926207615764588
2.266,-12.123570039388005,-9.426182703145724,-6.01172805852462,-4.927770988649602,-3.893889661831054
2.268,-11.963547291441447,-9.314288109369587,-5.954097030708704,-4.883455359424778,-3.8620273942436545
2.27,-11.807248036373663,-9.20462299777802,-5.8973728835368995,-4.83980017255668,-3.830612567737618
2.2720000000000002,-11.654535770115151,-9.097120576945013,-5.8415364075302865,-4.796792549138283,-3.799637121693732
2.274,-11.505281115168057,-8.991716938522783,-5.7865689285729935,-4.754419928610156,-3.769093175214342
2.276,-11.359361347364201,-8.888350890317415,-5.732452288572668,-4.712670058959372,-3.7389730223557067
2.278,-11.21665995921354,-8.786963801412416,-5.679168827005451,-4.671530987293628,-3.709269127510904
2.2800000000000002,-11.077066256782373,-8.687499458311425,-5.626701363296287,-4.6309910507729715,-3.679974120937543
2.282,-10.940474987291394,-8.589903931170907,-5.575033179988697,-4.591038867882588,-3.651080794424846
2.284,-10.806785994859705,-8.494125449284637,-5.524148006661043,-4.551663330031036,-3.622582097094951
2.286,-10.675903902040659,-8.40011428506142,-5.474030004549107,-4.512853593459109,-3.5944711313335596
2.2880000000000003,-10.547737814999095,-8.30782264580818,-5.42466375183723,-4.474599071445402,-3.5667411488451166
2.29,-10.422201050366624,-8.217204572695533,-5.376034229582595,-4.4368894267951555,-3.53938554682802
2.292,-10.299210881984349,-8.128215846339511,-5.328126808239507,-4.399714564599954,-3.512397864265526
2.294,-10.178688305900149,-8.040813898484338,-5.280927234752549,-4.3630646252563565,-3.485771778328241
2.2960000000000003,-10.060557822130791,-7.954957729317713,-5.234421620189376,-4.326929977732183,-3.4595011008842267
2.298,-9.944747231830979,-7.870607829990713,-5.188596427885489,-4.291301213069687,-3.4335797751128543
2.3,-9.83118744863034,-7.787726109952665,-5.143438462075281,-4.256169138115521,-3.4080018722188177
2.302,-9.719812323008817,-7.706275828743908,-5.098934856984998,-4.221524769467917,-3.3827615882428317
2.3040000000000003,-9.610558478678248,-7.626221531921006,-5.055073066364684,-4.187359327631828,-3.357853240965653
2.306,-9.503365160029109,-7.547528990815015,-5.011840853437518,-4.153664231373387,-3.33327126690215
2.308,-9.398174089781351,-7.470165145849297,-4.9692262812462396,-4.120431092265404,-3.309010218382416
2.31,-9.294929336053592,-7.3940980531658305,-4.9272177033775275,-4.087651709416127,-3.2850647607169785
2.3120000000000003,-9.193577188131313,-7.319296834328672,-4.885803755046253,-4.055318064373685,-3.2614296694432
2.314,-9.094066040275576,-7.245731628892563,-4.844973344522451,-4.023422316199177,-3.238099827650185
2.316,-8.996346282970016,-7.173373549641116,-4.804715644885039,-3.9919567967015994,-3.2150702233795774
2.318,-8.900370201053603,-7.102194640314801,-4.765020086086959,-3.9609140058282417,-3.1923359470997283
2.3200000000000003,-8.806091878232902,-7.032167835662277,-4.725876347317494,-3.9302866072043234,-3.169892189250799
2.322,-8.713467107508949,-6.963266923662287,-4.687274349647987,-3.9000674238161066,-3.147734237858532
2.324,-8.622453307092075,-6.895466509773999,-4.649204248948217,-3.8702494338318023,-3.1258574762143483
2.326,-8.533009441412686,-6.828741983085416,-4.611656429061272,-3.84082576655509,-3.104257380619746
2.3280000000000003,-8.445095946867218,-6.763069484238326,-4.574621495225354,-3.811789698506093,-3.0829295181928695
2.33,-8.35867466196748,-6.698425875017769,-4.5380902677315715,-3.7831346496249436,-3.061869544735238
2.332,-8.273708761587589,-6.6347887095017555,-4.502053775807405,-3.7548541795933876,-3.041073202656759
2.334,-8.190162695027151,-6.572136206675184,-4.466503251716077,-3.726941984269958,-3.0205363189571575
2.336,-8.10800212763066,-6.510447224418018,-4.431430125062485,-3.699391892234572,-3.0002548032621057
2.338,-8.027193885723182,-6.449701234784412,-4.396826017296795,-3.672197861438376,-2.980224645912213
2.34,-7.947705904641368,-6.3898783004959006,-4.362682736407496,-3.6453539759551727,-2.960441916103372
2.342,-7.869507179654468,-6.330959052575943,-4.328992271795746,-3.618854442830563,-2.9409027600767637
2.344,-7.792567719586644,-6.272924669059461,-4.295746789323639,-3.592693589025442,-2.9216033993570663
2.346,-7.716858502964677,-6.215756854714273,-4.262938626529026,-3.5668658584502917,-2.902540129037326
2.348,-7.642351436529445,-6.159437821716671,-4.230560288000264,-3.5413658090872375,-2.8837093161091416
2.35,-7.569019315960018,-6.103950271226343,-4.198604440904122,-3.5161881101965795,-2.8651073978366686
2.352,-7.496835788671455,-6.049277375810268,-4.1670639106609695,-3.4913275396050065,-2.8467308801732836
2.354,-7.425775318556241,-5.995402762667762,-4.135931676761052,-3.4667789810724905,-2.8285763362194554
2.356,-7.355813152549548,-5.942310497612756,-4.10520086871651,-3.4425374217352767,-2.8106404047207483
2.358,-7.286925288906022,-5.889985069771359,-4.0748647621435765,-3.41859794962227,-2.792919788604592
2.36,-7.219088447084695,-5.838411376956336,-4.044916774970047,-3.394955751242331,-2.775411253554881
2.362,-7.152280039144604,-5.787574711681664,-4.01535046376298,-3.3716061092400844,-2.758111626623052
2.364,-7.086478142561713,-5.737460747783539,-3.9861595201722135,-3.3485444001179716,-2.7410177948747885
2.366,-7.021661474382541,-5.6880555276153775,-3.9573377674850145,-3.3257660920221954,-2.724126704071122
2.368,-6.957809366636765,-5.639345449787281,-3.9288791572879433,-3.3032667425906577,-2.707435357383108
2.37,-6.894901742935316,-5.591317257421365,-3.9007777662315855,-3.281041996860568,-2.6909408141389184
2.372,-6.832919096186241,-5.543958026896822,-3.8730277928946095,-3.2590875852340395,-2.6746401886026017
2.374,-6.771842467364225,-5.4972551570596355,-3.845623554743218,-3.2373993214995265,-2.6585306487834384
2.376,-6.71165342527466,-5.451196358873657,-3.8185594851826714,-3.215973100907515,-2.6426094152751385
2.378,-6.652334047256277,-5.405769645490929,-3.7918301306973605,-3.194804898298532,-2.626873760123955
2.38,-6.593866900770639,-5.360963322720698,-3.7654301480763963,-3.173890766281948,-2.611321005724943
2.382,-6.536235025829276,-5.316765979877349,-3.739354301721427,-3.15322683346381,-2.5959485237455304
2.384,-6.479421918213363,-5.273166480989166,-3.7135974610339706,-3.132809302722324,-2.580753734075657
2.386,-6.423411513442595,-5.2301539563502,-3.6881545978792007,-3.1126344495292866,-2.565734103803739
2.388,-6.368188171453583,-5.187717794399296,-3.6630207841237503,-3.0926986203162308,-2.550887146217733
2.39,-6.313736661949757,-5.145847633910348,-3.6381911892446785,-3.0729982308837105,-2.5362104198305797
2.392,-6.260042150387744,-5.10453335647973,-3.613661078007371,-3.05352976485254,-2.5217015274294137
2.394,-6.20709018456672,-5.063765079296574,-3.5894258082097794,-3.0342897721555886,-2.5073581151477886
2.396,-6.154866681789811,-5.023533148183321,-3.565480828490919,-3.0152748675689485,-2.493177871560414
2.398,-6.103357916567927,-4.983828130893853,-3.5418216762012604,-2.996481729281266,-2.4791585267996523
2.4,-6.052550508838799,-4.944640810657901,-3.5184439753330787,-2.9779070975000628,-2.4652978516932937
2.402,-6.002431412674777,-4.905962179960286,-3.495343434508604,-2.9595477730939344,-2.4515936569229484
2.404,-5.952987905455452,-4.8677834345449735,-3.4725158450241804,-2.9414006162696236,-2.4380437922025724
2.406,-5.9042075774815705,-4.830095967633604,-3.4499570789484246,-2.923462545282754,-2.424646145476515
2.408,-5.856078322008964,-4.792891364349553,-3.4276630872727862,-2.9057305351814784,-2.411398642136636
2.41,-5.808588325681652,-4.7561613963381735,-3.4056298981125788,-2.888201616581807,-2.3982992442578883
2.412,-5.761726059345111,-4.719898016575163,-3.3838536149570757,-2.8708728744739167,-2.3853459498519998
2.414,-5.715480269221203,-4.6840933543547605,-3.3623304149668414,-2.8537414470583267,-2.3725367921386247
2.416,-5.669839968427811,-4.648739710450352,-3.341056547317032,-2.836804524611289,-2.359869838833667
2.418,-5.624794428826655,-4.613829552440095,-3.3200283315849277,-2.8200593483783436,-2.3473431914541494
2.42,-5.580333173184199,-4.5793555101908625,-3.2992421561805667,-2.803503209495377,-2.3349549846393627
2.422,-5.536445967630805,-4.54531037149379,-3.2786944768188637,-2.7871334479363186,-2.3227033854877233
2.424,-5.493122814404735,-4.511687077845405,-3.2583818150321435,-2.7709474514867534,-2.310586592909032
2.426,-5.450353944867641,-4.4784787203682415,-3.2383007567216335,-2.7549426547426723,-2.298602836991676
2.428,-5.40812981277953,-4.445678535865486,-3.218447950746854,-2.73911653813373,-2.286750378384419
2.43,-5.366441087821291,-4.413279903004169,-3.198820107551618,-2.7234666269702066,-2.2750275076923785
2.432,-5.325278649353984,-4.381276338621879,-3.1794139978256704,-2.707990490513143,-2.263432544886839
2.434,-5.284633580404103,-4.349661494152082,-3.160226451200675,-2.6926857410668523,-2.25196383872854
2.436,-5.244497161865251,-4.318429152163496,-3.1412543549797354,-2.6775500330933744,-2.2406197662041136
2.438,-5.204860866906417,-4.287573223008975,-3.1224946528992232,-2.662581062348051,-2.22939873197529
2.44,-5.165716355578262,-4.2570877415798325,-3.103944343922142,-2.6477765650358553,-2.2182991678406068
2.442,-5.127055469608617,-4.226966864161435,-3.0856004810619195,-2.6331343169877157,-2.2073195322092465
2.444,-5.08887022737941,-4.197204865386388,-3.0674601702358677,-2.6186521328564623,-2.1964583095867525
2.446,-5.051152819077089,-4.1677961352814545,-3.0495205691472904,-2.6043278653317077,-2.185714010072275
2.448,-5.013895602009512,-4.138735176404928,-3.031778886195586,-2.5901594043732774,-2.1750851688670854
2.45,-4.977091096082146,-4.110016601070855,-3.0142323794132757,-2.576144676462601,-2.1645703457940777
2.452,-4.940731979427216,-4.081635128657198,-2.9968783554294904,-2.562281643871642,-2.1541681248279625
2.454,-4.904811084179302,-4.053585582994563,-2.97971416845882,-2.5485683039488567,-2.1438771136359165
2.456,-4.869321392391646,-4.025862889832875,-2.9627372193150903,-2.5350026884217645,-2.133695943128389
2.458,-4.834256032087293,-3.9984620743829358,-2.945944954449117,-2.5215828627156456,-2.1236232670198834
2.46,-4.799608273439827,-3.971378258930378,-2.9293348650099653,-2.5083069252880104,-2.1136577613993683
2.4619999999999997,-4.765371525078368,-3.944606660519324,-2.9129044859288418,-2.4951730069783347,-2.1037981243101758
2.464,-4.731539330512088,-3.9181425887033345,-2.8966513950251658,-2.4821792703727428,-2.094043075339097
2.466,-4.698105364669468,-3.8919814433613444,-2.880573212134099,-2.4693239091832093,-2.084391355214485
2.468,-4.665063430547802,-3.866118712576207,-2.864667598254926,-2.456605147640917,-2.0748417254131186
2.4699999999999998,-4.632407455968747,-3.8405499705737887,-2.8489322547197675,-2.4440212399033605,-2.065392967775608
2.472,-4.600131490435839,-3.8152708757204827,-2.833364922382021,-2.431570469474931,-2.0560438841301982
2.474,-4.568229702090052,-3.7902771685772074,-2.817963380824007,-2.4192511486405475,-2.046793295924683
2.476,-4.536696374759733,-3.7655646700078877,-2.802725447583285,-2.4070616179120603,-2.0376400438662983
2.4779999999999998,-4.505525905101297,-3.7411292793406474,-2.7876489773971103,-2.3950002454870383,-2.028582987569357
2.48,-4.474712799827383,-3.7169669725799714,-2.7727318614645897,-2.3830654267197096,-2.019621005210477
2.482,-4.444251673019207,-3.6930738006681034,-2.757972026726043,-2.371255583603693,-2.010752993191226
2.484,-4.4141372435199235,-3.669445887794055,-2.743367435159048,-2.359569164266209,-2.00197786580795
2.4859999999999998,-4.38436433240616,-3.646079429748666,-2.728916083090807,-2.34800464247353,-1.9932945549286705
2.488,-4.354927860534828,-3.622970692324283,-2.7146160005263487,-2.3365605171473502,-1.9847020096768755
2.49,-4.325822846162476,-3.600116009757503,-2.700465250492179,-2.325235311891845,-1.9761991961220247
2.492,-4.297044402634645,-3.5775117832136925,-2.6864619283949276,-2.3140275745310825,-1.9677850969766113
2.4939999999999998,-4.268587736142662,-3.5551544793118603,-2.672604161394641,-2.302935876656621,-1.95945871129965
2.496,-4.240448143545554,-3.5330406286886773,-2.658890107792299,-2.2919588131849595,-1.9512190542064103
2.498,-4.212621010254801,-3.511166824600405,-2.645317956431244,-2.2810950019246476,-1.9430651565842818
2.5,-4.185101808179655,-3.4895297215614574,-2.631885926112079,-2.2703430831528206,-1.9349960648146005
2.502,-4.1578860937310065,-3.4681260340185287,-2.618592265020747,-2.2597017192008853,-1.927010840500304
2.504,-4.130969505881758,-3.44695253505918,-2.6054352501694438,-2.2491695940491736,-1.919108560199307
2.5060000000000002,-4.1043477642818,-3.4260060551538087,-2.592413186850011,-2.238745412930344,-1.911288315163429
2.508,-4.078016667425677,-3.405283480929966,-2.579524408099516,-2.228427901941303,-1.9035492110827752
2.51,-4.0519720908711685,-3.38478175397801,-2.5667672741776904,-2.218215807663447,-1.8958903678354098
2.512,-4.026209985507206,-3.364497869687251,-2.5541401720559183,-2.208107896791018,-1.8883109192422662
2.5140000000000002,-4.0007263758692835,-3.3444288761115364,-2.5416415149175657,-2.1981029557674043,-1.8808100128270864
2.516,-3.9755173585009453,-3.324571872863488,-2.5292697416691956,-2.188199790429162,-1.8733868095813628
2.518,-3.950579100359754,-3.304924010036481,-2.517023316462579,-2.1783972256576183,-1.8660404837341042
2.52,-3.925907837266303,-3.2854824871535677,-2.504900728227128,-2.168694105037796,-1.858770222526349
2.5220000000000002,-3.901499872394945,-3.266244552142582,-2.4929004902125107,-2.159089290524598,-1.8515752259903118
2.524,-3.8773515748047327,-3.247207500336557,-2.4810211395411983,-2.1495816621159856,-1.8444547067330732
2.526,-3.8534593780094175,-3.228368673498847,-2.46926123677072,-2.140170117533031,-1.837407889724664
2.528,-3.8298197785852444,-3.209725458872102,-2.4576193654653484,-2.1308535719066763,-1.8304340120905103
2.5300000000000002,-3.806429334815269,-3.1912752882505666,-2.446094131777031,-2.1216309574710475,-1.8235323229081088
2.532,-3.783284665369138,-3.1730156370748563,-2.4346841640352843,-2.112501223263137,-1.8167020830078147
2.534,-3.760382448017101,-3.154944023548683,-2.4233881123458896,-2.103463334828779,-1.8099425647777174
2.536,-3.7377194183773783,-3.137058007776898,-2.41220464819815,-2.0945162739346737,-1.8032530519724341
2.5380000000000003,-3.715292368695628,-3.119355190924209,-2.401132464080489,-2.0856590382864204,-1.7966328395258067
2.54,-3.6930981466557107,-3.101833214394016,-2.390170273104229,-2.076890641252345,-1.7900812333673746
2.542,-3.6711336542206654,-3.0844897590267575,-2.379316808635302,-2.0682101115930416,-1.783597550242534
2.544,-3.6493958465030496,-3.0673225443173284,-2.368570823933752,-2.059616493196446,-1.7771811175363603
2.5460000000000003,-3.6278817306637396,-3.0503293276509202,-2.3579310918008267,-2.0511088448183816,-1.7708312731009217
2.548,-3.606588364838333,-3.0335079035568535,-2.3473964042334643,-2.042686239828377,-1.7645473650861245
2.55,-3.585512857090275,-3.0168561029798373,-2.3369655720859934,-2.0343477659607196,-1.758328751773889
2.552,-3.5646523643900423,-3.000371792568291,-2.326637424738928,-2.026092525070532,-1.7521748014156813
2.5540000000000003,-3.544004091619467,-2.9840528739791514,-2.316410809774646,-2.0179196328948494,-1.7460848920732917
2.556,-3.523565290600559,-2.9678972831987824,-2.306284592659791,-2.0098282188185297,-1.740058411462778
2.558,-3.503333259148066,-2.9519029898795,-2.296257656434249,-2.0018174256449117,-1.7340947568015435
2.56,-3.4833053401450798,-2.93606799669138,-2.2863289014065638,-1.9938864093710773,-1.7281933346584164
2.5620000000000003,-3.4634789206411005,-2.9203903386888492,-2.276497244855629,-1.9860343389676909,-1.72235356080677
2.564,-3.443851430971751,-2.9048680826917344,-2.266761620738486,-1.9782603961632517,-1.7165748600805044
2.566,-3.424420343899686,-2.889499326680318,-2.2571209794041285,-1.9705637752326568,-1.7108566662329334
2.568,-3.4051831737759737,-2.8742821992041083,-2.24757428731316,-1.9629436827900213,-1.705198421798413
2.5700000000000003,-3.3861374757214895,-2.8592148588039046,-2.2381205267631676,-1.9553993375856673,-1.699599577956773
2.572,-3.3672808448276155,-2.8442954934468574,-2.228758695619693,-1.9479299703071218,-1.6940595944003602
2.574,-3.348610915375794,-2.829522319974109,-2.219487807052623,-1.9405348233840942,-1.688577939203765
2.576,-3.3301253600754137,-2.8148935835607976,-2.210306889277972,-1.9332131507973613,-1.683154088696083
2.5780000000000003,-3.3118218893195035,-2.8004075571880227,-2.2012149853048553,-1.9259642178914052,-1.6777875273357055
2.58,-3.293698250457686,-2.7860625411264675,-2.192211152687568,-1.9187873011908039,-1.6724777475875798
2.582,-3.275752227086,-2.7718568624314495,-2.183294463282637,-1.9116816882202134,-1.6672242498028758
2.584,-3.2579816383531117,-2.757788874449009,-2.1744640030107556,-1.9046466773279387,-1.6620265421010125
2.5860000000000003,-3.240384338282427,-2.7438569563328623,-2.165718871623505,-1.8976815775129725,-1.656884140254037
2.588,-3.222958215109706,-2.730059512571836,-2.1570581824746906,-1.8907857082554405,-1.6517965675732182
2.59,-3.2057011906357618,-2.7163949725276098,-2.1484810622962898,-1.883958399350352,-1.646763354797908
2.592,-3.188611219593838,-2.7028617899824643,-2.139986650978789,-1.8771989907446687,-1.6417840399865749
2.5940000000000003,-3.1716862890312694,-2.689458442696779,-2.13157410135596,-1.8705068323775011,-1.6368581684099515
2.596,-3.154924417705045,-2.6761834319760727,-2.1232425789938314,-1.8638812840234784,-1.6319852924463072
2.598,-3.1383236554908973,-2.663035282247304,-2.114991261983856,-1.8573217151391503,-1.627164971478734
2.6,-3.1218820828055884,-2.6500125406442514,-2.106819340740172,-1.8508275047123945,-1.6223967717944774
2.6020000000000003,-3.1055978100420436,-2.6371137766017223,-2.0987260178008316,-1.844398041114757,-1.6176802664862224
2.604,-3.0894689770169474,-2.6243375814583607,-2.090710507632945,-1.838032721956648,-1.6130150353553137
2.606,-3.073493752430548,-2.611682568067879,-2.082772036441639,-1.831730953945382,-1.6084006648168583
2.608,-3.0576703333383186,-2.5991473704184993,-2.074909841982763,-1.8254921527459294,-1.6038367478066964
2.6100000000000003,-3.0419969446341772,-2.586730643260382,-2.0671231733792417,-1.8193157428443953,-1.5993228836902096
2.612,-3.0264718385449663,-2.5744310617408805,-2.0594112909410227,-1.8132011574141382,-1.5948586781728653
2.614,-3.011093294135889,-2.562247321047403,-2.0517734659885143,-1.8071478381844488,-1.5904437432125613
2.616,-2.9958596168266904,-2.550178136057744,-2.0442089806794552,-1.8011552353117912,-1.5860776969336656
2.6180000000000003,-2.9807691379182186,-2.5382222409976487,-2.036717127839139,-1.7952228072535157,-1.5817601635427319
2.62,-2.965820214129171,-2.5263783891054925,-2.0292972107939518,-1.7893500206440025,-1.5774907732458865
2.622,-2.9510112271427538,-2.514645352303881,-2.0219485432080755,-1.7835363501731785,-1.573269162167818
2.624,-2.9363405831629885,-2.5030219208779885,-2.014670448923383,-1.7777812784674027,-1.5690949722723646
2.6260000000000003,-2.921806712480473,-2.4915069031605475,-2.00746226180241,-1.7720842959725858,-1.5649678512846632
2.628,-2.9074080690473036,-2.4800991252232354,-2.000323325574337,-1.7664449008396055,-1.5608874526148209
2.63,-2.8931431300609693,-2.4687974305743783,-1.99325299368392,-1.7608625988118778,-1.5568534352831
2.632,-2.879010395556994,-2.4576006798628125,-1.9862506291433508,-1.755336903115106,-1.5528654638465536
2.6340000000000003,-2.8650083880101325,-2.446507750587766,-1.9793156043869016,-1.7498673343491276,-1.548923208327141
2.636,-2.8511356519438484,-2.4355175368145625,-1.9724473011284243,-1.7444534203818418,-1.545026344141232
2.638,-2.8373907535479495,-2.4246289488961184,-1.9656451102214743,-1.7390946962451506,-1.5411745520305238
2.64,-2.8237722803041203,-2.413840913200001,-1.9589084315221768,-1.7337907040328935,-1.5373675179943183
2.6420000000000003,-2.8102788406192456,-2.403152371840993,-1.9522366737546832,-1.7285409928007378,-1.5336049332231445
2.644,-2.7969090634662317,-2.392562282418992,-1.945629254379167,-1.7233451184679769,-1.5298864940337022
2.646,-2.783661598032211,-2.382069617762135,-1.9390855994623426,-1.7182026437211988,-1.5262119018050837
2.648,-2.7705351133739664,-2.371673365675045,-1.9326051435504374,-1.7131131379197904,-1.5225808629163184
2.6500000000000004,-2.7575282980803766,-2.361372528692087,-1.9261873295445728,-1.7080761770032613,-1.5189930886850898
2.652,-2.744639859941717,-2.3511661238354766,-1.9198316085785148,-1.7030913434003203,-1.5154482953077497
2.654,-2.731868525625652,-2.3410531823782006,-1.9135374398986946,-1.698158225939677,-1.5119462038004992
2.6559999999999997,-2.719213040359802,-2.331032749611572,-1.9073042907465596,-1.6932764197625791,-1.5084865399417708
2.658,-2.70667216762068,-2.32110388461737,-1.9011316362430644,-1.6884455262369666,-1.5050690342157695
2.66,-2.6942446888288885,-2.3112656600444534,-1.895018959275439,-1.6836651528733313,-1.5016934217571545
2.662,-2.681929403050412,-2.301517161889735,-1.8889657503860051,-1.6789349132421183,-1.4983594422968551
2.6639999999999997,-2.669725126703857,-2.291857489283386,-1.8829715076631053,-1.6742544268927326,-1.4950668401089853
2.666,-2.6576306932735476,-2.2822857542782806,-1.8770357366341248,-1.6696233192741097,-1.491815363958846
2.668,-2.645644953028285,-2.2728010816434936,-1.8711579501604745,-1.665041221656758,-1.488604767051995
2.67,-2.6337667727456884,-2.2634026086617878,-1.8653376683345866,-1.660507771056349,-1.4854348069843695
2.6719999999999997,-2.621995035441958,-2.2540894849310225,-1.859574418378799,-1.6560226101587194,-1.482305245693448
2.674,-2.6103286401069647,-2.244860872169394,-1.8538677345461854,-1.6515853872463324,-1.4792158494104086
2.676,-2.5987665014445356,-2.235715944024393,-1.8482171580232252,-1.6471957561261588,-1.4761663886133114
2.678,-2.5873075496177975,-2.2266538858854665,-1.8426222368342848,-1.6428533760589246,-1.47315663798125
2.6799999999999997,-2.575950729999516,-2.217673894700215,-1.8370825257479237,-1.638557911689715,-1.47018637634946
2.682,-2.5646950029272646,-2.208775178794129,-1.831597586184909,-1.634309032979937,-1.46725538666542
2.684,-2.553539343463359,-2.199956957693762,-1.8261669861280094,-1.6301064151405598,-1.4643634559458374
2.686,-2.5424827411594286,-2.1912184619532433,-1.8207903000334515,-1.6259497385666768,-1.4615103752345875
2.6879999999999997,-2.5315241998255216,-2.1825589329840804,-1.8154671087440177,-1.6218386887733054,-1.4586959395615633
2.69,-2.520662737303651,-2.173977622888206,-1.8101969994037983,-1.6177729563324326,-1.4559199479023979
2.692,-2.5098973852457185,-2.1654737942941473,-1.8049795653745626,-1.613752236811309,-1.4531822031390726
2.694,-2.4992271888956434,-2.1570467201963157,-1.7998144061536374,-1.6097762307119032,-1.4504825120214362
2.6959999999999997,-2.4886512068756668,-2.148695683797274,-1.7947011272933784,-1.6058446434115468,-1.447820685129487
2.698,-2.4781685109767295,-2.1404199783530036,-1.7896393403221413,-1.6019571851047587,-1.445196536836586
2.7,-2.46777818595284,-2.1322189070210547,-1.7846286626667123,-1.5981135707461807,-1.4426098852734417
2.702,-2.4574793293193147,-2.1240917827115253,-1.7796687175762318,-1.5943135199946392,-1.4400605522929442
2.7039999999999997,-2.4472710511548392,-2.1160379279408335,-1.774759134047528,-1.5905567571583277,-1.4375483634357777
2.706,-2.43715247390727,-2.1080566746882003,-1.7698995467518472,-1.5868430111410157,-1.4350731478968473
2.708,-2.4271227322030806,-2.1001473642548243,-1.7650895959629902,-1.583172015389395,-1.4326347384924742
2.71,-2.4171809726603892,-2.092309347125632,-1.7603289274867928,-1.5795435078414097,-1.4302329716283737
2.7119999999999997,-2.4073263537054683,-2.084541982833614,-1.7556171925919148,-1.5759572308756409,-1.4278676872683782
2.714,-2.3975580453926977,-2.07684463982666,-1.7509540479419727,-1.5724129312617041,-1.4255387289039276
2.716,-2.387875229227884,-2.0692166953368636,-1.7463391555289278,-1.5689103601116297,-1.4232459435242744
2.718,-2.378277097994822,-2.0616575352522144,-1.7417721826077628,-1.5654492728322256,-1.42098918158746
2.7199999999999998,-2.3687628555851195,-2.0541665539906555,-1.7372528016323685,-1.5620294290784134,-1.4187682969919608
2.722,-2.359331716831136,-2.04674315437647,-1.7327806901926677,-1.5586505927074923,-1.4165831470490846
2.724,-2.3499829073420377,-2.0393867475189125,-1.7283555309529426,-1.5553125317343464,-1.4144335924560574
2.726,-2.3407156633428423,-2.032096752693066,-1.7239770115913227,-1.5520150182875772,-1.4123194972697937
2.7279999999999998,-2.331529231516456,-2.02487259722291,-1.7196448247404366,-1.5487578285665073,-1.410240728881357
2.73,-2.3224228688485664,-2.017713716366443,-1.7153586679291943,-1.5455407427991261,-1.4081971579910992
2.732,-2.313395842475433,-2.0106195532030022,-1.7111182435257057,-1.5423635452008475,-1.406188658584484
2.734,-2.3044474295344055,-2.0035895585225467,-1.7069232586812852,-1.5392260239341922,-1.4042151079085192
2.7359999999999998,-2.2955769170171996,-1.996623190717003,-1.7027734252755296,-1.5361279710692575,-1.4022763864489054
2.738,-2.28678360162584,-1.9897199156735552,-1.698668459862468,-1.5330691825450797,-1.400372377907777
2.74,-2.278066789631212,-1.982879206669896,-1.6946080836177757,-1.530049458131768,-1.3985029691821218
2.742,-2.26942579673419,-1.9761005442713477,-1.6905920222869741,-1.5270686013935122,-1.3966680503428037
2.7439999999999998,-2.2608599479292613,-1.9693834162298653,-1.686620006134675,-1.5241264196523043,-1.394867514614211
2.746,-2.2523685773706315,-1.96272731738484,-1.6826917698948183,-1.5212227239525382,-1.3931012583545335
2.748,-2.243951028240764,-1.9561317495657307,-1.6788070527218717,-1.518357329026321,-1.39136918103665
2.75,-2.235606652621231,-1.949596221496399,-1.6749655981430123,-1.5155300532595848,-1.3896711852296066
2.752,-2.2273348113659233,-1.94312024870123,-1.6711671540112416,-1.5127407186589235,-1.388007176580717
2.754,-2.219134873976559,-1.9367033534128806,-1.6674114724594327,-1.5099891508192251,-1.386377063798211
2.7560000000000002,-2.2110062184803674,-1.9303450644817213,-1.6636983098553353,-1.5072751788919605,-1.384780758634529
2.758,-2.2029482313099957,-1.9240449172869085,-1.6600274267574107,-1.5045986355542798,-1.3832181758701565
2.76,-2.194960307185564,-1.9178024536490317,-1.6563985878716379,-1.5019593569787502,-1.381689233298036
2.762,-2.1870418489988044,-1.911617221744337,-1.6528115620091413,-1.4993571828038563,-1.3801938517085794
2.7640000000000002,-2.1791922676992797,-1.9054887760205044,-1.6492661220447085,-1.4967919561051533,-1.3787319548752142
2.766,-2.1714109821826173,-1.8994166771139014,-1.6457620448761368,-1.4942635233671382,-1.3773034695404986
2.768,-2.1636974191807283,-1.8934004917683533,-1.642299111384459,-1.4917717344557724,-1.3759083254028184
2.77,-2.156051013153983,-1.8874397927553326,-1.6388771063949357,-1.4893164425916887,-1.3745464551035953
2.7720000000000002,-2.1484712061852913,-1.881534158795612,-1.635495818638927,-1.4868975043240493,-1.373217794215074
2.774,-2.1409574478760445,-1.875683174482303,-1.6321550407165057,-1.4845147795050857,-1.3719222812286542
2.776,-2.1335091952439176,-1.8698864302052407,-1.6288545690598946,-1.4821681312652224,-1.3706598575437237
2.778,-2.1261259126224563,-1.8641435220767915,-1.6255942038976903,-1.4798574259889041,-1.369430467457093
2.7800000000000002,-2.118807071562461,-1.8584540518589128,-1.6223737492198256,-1.47758253329101,-1.3682340581528976
2.782,-2.111552150735075,-1.8528176268915588,-1.6191930127433056,-1.4753433259939035,-1.3670705796930762
2.784,-2.104360635836599,-1.8472338600223712,-1.6160518058787017,-1.4731396801051027,-1.3659399850083465
2.786,-2.097232019494962,-1.8417023695375854,-1.6129499436973522,-1.4709714747955418,-1.3648422298897263
2.7880000000000003,-2.0901658011778776,-1.8362227790942152,-1.6098872448993213,-1.4688385923784508,-1.3637772729805557
2.79,-2.0831614871025477,-1.8307947176534334,-1.6068635317820608,-1.4667409182888203,-1.3627450757690522
2.792,-2.076218590146996,-1.825417819415161,-1.6038786302097674,-1.4646783410634616,-1.361745602581369
2.794,-2.069336629762947,-1.820091723753766,-1.6009323695834605,-1.4626507523216457,-1.3607788205751712
2.7960000000000003,-2.062515131890227,-1.8148160751550158,-1.5980245828117436,-1.4606580467463102,-1.3598446997337323
2.798,-2.0557536288726466,-1.809590523154072,-1.5951551062822262,-1.4587001220658513,-1.3589432128605103
2.8,-2.0490516593753894,-1.8044147222746303,-1.592323779833641,-1.4567768790364741,-1.3580743355742608
2.802,-2.0424087683038072,-1.7992883319691624,-1.589530446728623,-1.454888221425104,-1.357238046304643
2.8040000000000003,-2.035824506723676,-1.7942110165602245,-1.5867749536271254,-1.4530340559928496,-1.3564343262883163
2.806,-2.0292984317827996,-1.789182445182801,-1.5840571505604997,-1.4512142924790083,-1.3556631595655566
2.808,-2.02283010663401,-1.7842022917277143,-1.5813768909062123,-1.449428843585647,-1.354924532977357
2.81,-2.01641910035952,-1.7792702347860478,-1.5787340313631866,-1.4476776249626662,-1.3542184361630392
2.8120000000000003,-2.010064987896564,-1.7743859575945544,-1.5761284319277749,-1.445960555193464,-1.353544861558358
2.814,-2.003767349964366,-1.769549147982083,-1.5735599558703521,-1.4442775557810772,-1.352903804394091
2.816,-1.9975257729923732,-1.7647594983169455,-1.571028469712504,-1.442628551134884,-1.3522952626951419
2.818,-1.9913398490497312,-1.760016705455244,-1.5685338432048406,-1.4410134685578089,-1.3517192372801146
2.8200000000000003,-1.9852091757760137,-1.7553204706901604,-1.5660759493054035,-1.439432238234055,-1.351175731761424
2.822,-1.979133356313147,-1.7506704997021447,-1.5636546641586357,-1.4378847932173469,-1.3506647525458297
2.824,-1.9731119992385056,-1.7460665025100046,-1.5612698670749736,-1.4363710694196683,-1.350186308835549
2.826,-1.9671447184992188,-1.7415081934229306,-1.5589214405110012,-1.4348910056005668,-1.3497404126297894
2.8280000000000003,-1.961231133347595,-1.736995290993333,-1.556609270050179,-1.433444543356874,-1.3493270787268115
2.83,-1.9553708682776811,-1.732527517970632,-1.5543332443841316,-1.432031627113001,-1.3489463247264957
2.832,-1.9495635529629374,-1.7281046012558097,-1.5520932552945075,-1.4306522041116811,-1.3485981710333452
2.834,-1.9438088221949943,-1.723726271856863,-1.5498891976354017,-1.4293062244052532,-1.3482826408600603
2.8360000000000003,-1.9381063158235035,-1.7193922648450586,-1.5477209693163139,-1.4279936408473795,-1.3479997602315572
2.838,-1.9324556786970184,-1.7151023193119936,-1.5455884712856558,-1.4267144090853239,-1.3477495579894736
2.84,-1.926856560604926,-1.710856178327482,-1.5434916075148069,-1.4254684875526422,-1.3475320657972238
2.842,-1.9213086162203972,-1.7066535888981818,-1.5414302849827108,-1.4242558374624157,-1.347347318145489
2.8440000000000003,-1.9158115050443494,-1.7024943019270646,-1.5394044136609841,-1.4230764228009365,-1.3471953523582498
2.846,-1.910364891350386,-1.6983780721735842,-1.5374139064995807,-1.421930210321879,-1.347076208599298
2.848,-1.9049684441307035,-1.694304658214631,-1.5354586794129514,-1.4208171695409577,-1.3469899298792485
2.85,-1.8996218370429672,-1.6902738224062295,-1.53353865126675,-1.4197372727310427,-1.3469365620630611
2.8520000000000003,-1.8943247483581422,-1.6862853308459473,-1.531653743865026,-1.4186904949177697,-1.3469161538780638
2.854,-1.889076860909189,-1.6823389533360424,-1.5298038819379647,-1.4176768138756177,-1.3469287569224833
2.856,-1.8838778620407517,-1.6784344633473116,-1.5279889931301014,-1.4166962101244498,-1.3469744256744658
2.858,-1.8787274435596768,-1.6745716379836217,-1.5262090079890647,-1.4157486669265307,-1.3470532175016479
2.8600000000000003,-1.8736253016864557,-1.6707502579471678,-1.5244638599548006,-1.4148341702840108,-1.3471651926711892
2.862,-1.8685711370075135,-1.6669701075043744,-1.5227534853493228,-1.4139527089368924,-1.3473104143603485
2.864,-1.8635646544283584,-1.6632309744524718,-1.5210778233669355,-1.4131042743614297,-1.3474889486675878
2.866,-1.8586055631275795,-1.6595326500867649,-1.5194368160649485,-1.4122888607690418,-1.3477008646241515
2.8680000000000003,-1.8536935765116724,-1.6558749291684869,-1.5178304083548926,-1.4115064651056428,-1.3479462342062256
2.87,-1.848828412170659,-1.652257609893383,-1.5162585479942305,-1.4107570870514763,-1.3482251323475651
2.872,-1.8440097918345577,-1.6486804938608366,-1.514721185578528,-1.410040729021387,-1.3485376369526967
2.874,-1.8392374413305943,-1.6451433860436881,-1.5132182745341147,-1.4093573961655874,-1.3488838289106155
2.8760000000000003,-1.8345110905412298,-1.6416460947586364,-1.5117497711112526,-1.4087070963708517,-1.3492637921090513
2.878,-1.8298304733629402,-1.6381884316372555,-1.510315634377729,-1.4080898402622015,-1.349677613449241
2.88,-1.8251953276657567,-1.634770211597617,-1.5089158262129905,-1.4075056412050413,-1.3501253828612607
2.882,-1.8206053952535477,-1.6313912528164871,-1.5075503113026867,-1.4069545153077814,-1.3506071933199006
2.8840000000000003,-1.8160604218250538,-1.6280513767021425,-1.5062190571337295,-1.4064364814248864,-1.3511231408610938
2.886,-1.8115601569356192,-1.624750407867719,-1.5049220339898286,-1.4059515611604314,-1.351673324598883
2.888,-1.8071043539596607,-1.6214881741051719,-1.5036592149474348,-1.4054997788720969,-1.352257846742973
2.89,-1.8026927700538313,-1.618264506359771,-1.5024305758722403,-1.4050811616756362,-1.3528768126168147
2.8920000000000003,-1.7983251661208755,-1.6150792387051573,-1.5012360954160784,-1.4046957394498194,-1.3535303306762687
2.894,-1.7940013067741845,-1.6119322083189718,-1.5000757550143047,-1.4043435448418435,-1.3542185125288624
2.896,-1.7897209603029967,-1.6088232554589823,-1.4989495388836742,-1.4040246132731995,-1.3549414729535867
2.898,-1.7854838986382957,-1.6057522234397963,-1.4978574340206356,-1.4037389829460236,-1.355699329921297
2.9000000000000004,-1.781289897319343,-1.6027189586100665,-1.49679943020012,-1.4034866948499192,-1.356492204615698
2.902,-1.7771387354608803,-1.5997233103302397,-1.4957755199747869,-1.403267792769258,-1.3573202214549194
2.904,-1.7730301957209287,-1.5967651309508173,-1.4947856986747297,-1.4030823232909362,-1.3581835081136955
2.906,-1.7689640642692817,-1.5938442757911255,-1.4938299644076354,-1.4029303358126293,-1.3590821955461319
2.908,-1.7649401307565593,-1.590960603118611,-1.4929083180594283,-1.4028118825515155,-1.3600164180091023
2.91,-1.760958188283911,-1.588113974128603,-1.4920207632953475,-1.4027270185534944,-1.3609863130862498
2.912,-1.7570180333733234,-1.585304252924597,-1.4911673065615096,-1.4026758017028547,-1.36199202171262
2.9139999999999997,-1.7531194659384979,-1.5825313064990416,-1.4903479570869198,-1.4026582927324738,-1.3630336881998955
2.916,-1.74926228925637,-1.5797950047145581,-1.4895627268859521,-1.4026745552344724,-1.3641114602623086
2.918,-1.7454463099391573,-1.5770952202857182,-1.4888116307612909,-1.4027246556713615,-1.3652254890431637
2.92,-1.7416713379070252,-1.5744318287612167,-1.4880946863073277,-1.4028086633877082,-1.366375929142015
2.9219999999999997,-1.737937186361297,-1.5718047085065794,-1.4874119139140367,-1.4029266506222586,-1.3675629386425099
2.924,-1.734243671758228,-1.569213740687292,-1.486763336771308,-1.403078692520595,-1.3687866791408791
2.926,-1.7305906137833689,-1.5666588092524365,-1.4861489808737365,-1.4032648671482686,-1.3700473157751272
2.928,-1.726977835326422,-1.5641398009187368,-1.4855688750258877,-1.403485255504462,-1.371345017254861
2.9299999999999997,-1.723405162456688,-1.5616566051550969,-1.4850230508480426,-1.403739941536128,-1.3726799558918434
2.932,-1.7198724243990204,-1.5592091141675697,-1.4845115427823914,-1.404029012152677,-1.374052307631215
2.934,-1.716379453510325,-1.5567972228847828,-1.4840343880996898,-1.4043525572411466,-1.3754622520834383
2.936,-1.7129260852565829,-1.5544208289437909,-1.4835916269064275,-1.4047106696819047,-1.3769099725569356
2.9379999999999997,-1.7095121581903905,-1.5520798326763894,-1.4831833021524352,-1.405103445364887,-1.3783956560914605
2.94,-1.7061375139289843,-1.5497741370958342,-1.4828094596389638,-1.405530983206336,-1.379919493492201
2.942,-1.7028019971328436,-1.547503647884029,-1.4824701480272762,-1.4059933851660906,-1.381481679364604
2.944,-1.6995054554847167,-1.5452682733791114,-1.4821654188476785,-1.4064907562654034,-1.3830824121499699
2.9459999999999997,-1.6962477396691926,-1.5430679245634715,-1.4818953265090529,-1.4070232046052964,-1.3847218941617843
2.948,-1.6930287033527402,-1.5409025150522089,-1.4816599283088785,-1.407590841385458,-1.386400331622831
2.95,-1.6898482031642632,-1.5387719610819888,-1.4814592844437184,-1.408193780923714,-1.3881179347030883
2.952,-1.686706098676091,-1.5366761815003116,-1.4812934580202168,-1.4088321406760036,-1.389874917558381
2.9539999999999997,-1.6836022523855,-1.5346150977552384,-1.4811625150665666,-1.4095060412569602,-1.391671498369878
2.956,-1.6805365296966621,-1.532588633885459,-1.4810665245444918,-1.4102156064610387,-1.3935078993843575
2.958,-1.6775087989030968,-1.5305967165108343,-1.4810055583617123,-1.4109609632842015,-1.3953843469553115
2.96,-1.674518931170558,-1.5286392748233064,-1.480979691384905,-1.4117422419461998,-1.39730107158489
2.9619999999999997,-1.6715668005203945,-1.52671624057821,-1.4809890014531817,-1.4125595759134124,-1.3992583079666652
2.964,-1.6686522838133873,-1.5248275480860276,-1.4810335693920633,-1.4134131019222966,-1.4012562950292642
2.966,-1.6657752607339782,-1.5229731342044888,-1.481113479027971,-1.414302960003411,-1.4032952759808741
2.968,-1.6629356137750297,-1.5211529383311064,-1.4812288172032124,-1.415229293506033,-1.405375498354612
2.9699999999999998,-1.6601332282229484,-1.519366902396099,-1.4813796737915093,-1.41619224912341,-1.4074972140548003
2.972,-1.6573679921433058,-1.5176149708556856,-1.4815661417140285,-1.417191976918584,-1.4096606794041247
2.974,-1.6546397963668702,-1.5158970906858207,-1.4817883169559474,-1.4182286303508604,-1.4118661551917422
2.976,-1.6519485344760778,-1.5142132113762639,-1.4820462985835259,-1.4193023663028916,-1.414113906722291
2.9779999999999998,-1.6492941027919379,-1.5125632849250783,-1.4823401887617558,-1.4204133451083831,-1.4164042038658564
2.98,-1.64667640036136,-1.5109472658335035,-1.4826700927724945,-1.4215617305804626,-1.418737321108895
2.982,-1.6440953289449114,-1.5093651111012152,-1.4830361190331782,-1.4227476900406573,-1.4211135376061337
2.984,-1.641550793004991,-1.5078167802219722,-1.4834383791160641,-1.4239713943485666,-1.423533137233446
2.9859999999999998,-1.6390426996944274,-1.5063022351796373,-1.483876987768027,-1.425233017932161,-1.4259964086417467
2.988,-1.6365709588454782,-1.5048214404446059,-1.4843520629309148,-1.4265327388187632,-1.4285036453118825
2.99,-1.6341354829592758,-1.5033743629705898,-1.4848637257624577,-1.4278707386667169,-1.4310551456105736
2.992,-1.6317361871956466,-1.5019609721917984,-1.4854121006577647,-1.4292472027977126,-1.4336512128473946
2.9939999999999998,-1.629372989363356,-1.5005812400205008,-1.4859973152713477,-1.4306623202298339,-1.4362921553328198
2.996,-1.6270458099107619,-1.4992351408449556,-1.4866195005397738,-1.4321162837112866,-1.4389782864373577
2.998,-1.6247545719168772,-1.4979226515277304,-1.4872787907048735,-1.4336092897548531,-1.4417099246517628
3.0,-1.622499201082819,-1.496643751404418,-1.4879753233375337,-1.4351415386730568,-1.4444873936483902
3.002,-1.6202796257236591,-1.4953984222826802,-1.4887092393620942,-1.4367132346140534,-1.4473110223436614
3.004,-1.6180957767606952,-1.4941866484417274,-1.4894806830813578,-1.4383245855982654,-1.4501811449616864
3.0060000000000002,-1.615947587714083,-1.4930084166321487,-1.4902898022021707,-1.4399758035557728,-1.4530981010990518
3.008,-1.6138349946959132,-1.4918637160761103,-1.4911367478616615,-1.4416671043644316,-1.4560622357907984
3.01,-1.6117579364036083,-1.4907525384679712,-1.4920216746540673,-1.443398707888808,-1.4590738995776122
3.012,-1.6097163541137975,-1.4896748779752258,-1.4929447406581922,-1.4451708380198434,-1.4621334485742257
3.0140000000000002,-1.607710191676511,-1.488630731239867,-1.4939061074655258,-1.4469837227153213,-1.4652412445390572
3.016,-1.6057393955097994,-1.4876200973801144,-1.4949059402089668,-1.4488375940411622,-1.468397654945151
3.018,-1.6038039145947351,-1.4866429779925139,-1.4959444075922093,-1.4507326882134883,-1.4716030530523656
3.02,-1.6019037004707946,-1.4856993771544278,-1.4970216819198092,-1.4526692456415293,-1.4748578179808822
3.0220000000000002,-1.6000387072316293,-1.4847893014269087,-1.4981379391278664,-1.4546475109713635,-1.4781623347860415
3.024,-1.5982088915212287,-1.4839127598579338,-1.499293358815422,-1.456667733130488,-1.4815169945345306
3.026,-1.5964142125304468,-1.4830697639860582,-1.5004881242765107,-1.4587301653732694,-1.484922194381929
3.028,-1.59465463199394,-1.4822603278444015,-1.5017224225329142,-1.460835065327236,-1.4883783376516755
3.0300000000000002,-1.5929301141874679,-1.4814844679650774,-1.5029964443676014,-1.4629826950402602,-1.4918858339154144
3.032,-1.5912406259255782,-1.4807422033839432,-1.5043103843588779,-1.465173321028658,-1.4954450990748187
3.034,-1.589586136559681,-1.4800335556457964,-1.5056644409152564,-1.467407214326148,-1.4990565554448536
3.036,-1.5879666179764982,-1.4793585488099146,-1.507058816311034,-1.4696846505337753,-1.5027206318385387
3.0380000000000003,-1.5863820445968964,-1.478717209456015,-1.5084937167226116,-1.4720059098707416,-1.5064377636532187
3.04,-1.5848323933751005,-1.47810956669057,-1.5099693522655666,-1.4743712772261803,-1.5102083929583814
3.042,-1.5833176437982874,-1.4775356521535543,-1.51148593703244,-1.4767810422119187,-1.5140329685850384
3.044,-1.5818377778865547,-1.4769955000255555,-1.5130436891313372,-1.4792354992161918,-1.5179119462166881
3.0460000000000003,-1.580392780193286,-1.47648914703529,-1.5146428307252424,-1.4817349474583439,-1.521845788481905
3.048,-1.5789826378058804,-1.4760166324675084,-1.5162835880721726,-1.4842796910445464,-1.5258349650485852
3.05,-1.5776073403468793,-1.4755779981713273,-1.5179661915660645,-1.4868700390245404,-1.5298799527198383
3.052,-1.5762668799754433,-1.4751732885689137,-1.5196908757785168,-1.489506305449394,-1.533981235531627
3.0540000000000003,-1.5749612513892681,-1.4748025506646179,-1.5214578795013023,-1.492188809430322,-1.5381393048520717
3.056,-1.5736904518268164,-1.474465834054486,-1.5232674457897448,-1.4949178751985825,-1.5423546594825877
3.058,-1.5724544810699816,-1.4741631909361885,-1.5251198220068976,-1.4976938321664335,-1.5466278057607727
3.06,-1.5712533414471175,-1.4738946761193499,-1.5270152598685884,-1.5005170149892124,-1.55095925766513
3.0620000000000003,-1.570087037836458,-1.4736603470363097,-1.5289540154893169,-1.5033877636285198,-1.5553495369216233
3.064,-1.5689555776699071,-1.4734602637532714,-1.5309363494290251,-1.5063064234165433,-1.5597991731121645
3.066,-1.5678589709372424,-1.4732944889818973,-1.53296252674076,-1.509273345121525,-1.5643087037849792
3.068,-1.5667972301906783,-1.4731630880912872,-1.5350328170192125,-1.5122888850144096,-1.568878674566938
3.0700000000000003,-1.565770370549847,-1.4730661291204339,-1.5371474944501955,-1.5153534049366855,-1.5735096392778778
3.072,-1.564778409707141,-1.4730036827910422,-1.5393068378610053,-1.5184672723694106,-1.578202160046942
3.074,-1.5638213679334643,-1.472975822520829,-1.541511130771761,-1.5216308605034914,-1.5829568074309688
3.076,-1.5628992680843838,-1.4729826244372248,-1.5437606614476616,-1.524844548311194,-1.587774160534994
3.0780000000000003,-1.5620121356066505,-1.4730241673915256,-1.5460557229522234,-1.5281087206189217,-1.5926548071348519
3.08,-1.5611599985451365,-1.473100532973477,-1.5483966132014848,-1.5314237681812921,-1.5975993438019689
3.082,-1.5603428875501837,-1.4732118055263097,-1.5507836350192203,-1.5347900877564922,-1.6026083760303536
3.084,-1.5595608358852895,-1.4733580721622075,-1.5532170961931322,-1.5382080821830035,-1.6076825183658272
3.0860000000000003,-1.5588138794352933,-1.4735394227782372,-1.5556973095320983,-1.5416781604576382,-1.6128223945375249
3.088,-1.558102056714878,-1.4737559500727302,-1.5582245929244296,-1.5452007378149735,-1.6180286375917607
3.09,-1.5574254088775188,-1.4740077495621247,-1.5607992693971902,-1.5487762358081607,-1.6233018900282157
3.092,-1.5567839797248342,-1.474294919598257,-1.5634216671766066,-1.5524050823911784,-1.6286428039385534
3.0940000000000003,-1.556177815716364,-1.474617561386128,-1.5660921197495172,-1.556087712002484,-1.6340520411474768
3.096,-1.5556069659797154,-1.4749757790021603,-1.5688109659259672,-1.5598245656501721,-1.6395302733562864
3.098,-1.5550714823211753,-1.475369679412882,-1.5715785499029,-1.5636160909985932,-1.6450781822889735
3.1,-1.5545714192367082,-1.4757993724941398,-1.5743952213289951,-1.5674627424565029,-1.6506964598408989
3.1020000000000003,-1.554106833923394,-1.4762649710507758,-1.5772613353706384,-1.5713649812667234,-1.6563858082300817
3.104,-1.5536777862912652,-1.4767665908367849,-1.580177252779103,-1.5753232755973996,-1.662146940151204
3.106,-1.5532843389756041,-1.477304350575968,-1.5831433399588735,-1.5793381006348168,-1.667980578932293
3.108,-1.552926557349651,-1.477878371983116,-1.5861599690372166,-1.583409938677852,-1.6738874586942147
3.1100000000000003,-1.552604509537728,-1.478488779785656,-1.5892275179349622,-1.58753927923406,-1.6798683245129804
3.112,-1.5523182664288449,-1.4791357017458184,-1.59234637043853,-1.591726619117423,-1.6859239325849027
3.114,-1.5520679016906913,-1.47981926868335,-1.5955169162732183,-1.5959724625478209,-1.692055050394715
3.116,-1.5518534917841253,-1.4805396144987062,-1.598739551177807,-1.6002773212521895,-1.6982624568866578
3.1180000000000003,-1.5516751159780484,-1.4812968761967826,-1.6020146769804253,-1.6046417145674787,-1.7045469426385629
3.12,-1.5515328563647914,-1.4820911939112027,-1.6053427016757782,-1.6090661695453647,-1.7109093100390944
3.122,-1.5514267978759175,-1.4829227109291034,-1.6087240395037103,-1.6135512210587772,-1.7173503734680475
3.124,-1.5513570282984788,-1.4837915737165017,-1.6121591110291495,-1.6180974119102984,-1.7238709594799382
3.1260000000000003,-1.5513236382917688,-1.484697931944183,-1.6156483432234223,-1.6227052929424193,-1.7304719069907715
3.128,-1.5513267214045086,-1.4856419385141826,-1.619192169547003,-1.6273754231496933,-1.7371540674681727
3.13,-1.5513663740925128,-1.4866237495867685,-1.6227910300337032,-1.6321083697928658,-1.7439183051248857
3.132,-1.5514426957368366,-1.4876435246080915,-1.626445371376302,-1.636904708514946,-1.7507654971157116
3.1340000000000003,-1.5515557886623883,-1.48870142633829,-1.6301556470136798,-1.641765023459314,-1.7576965337379336
3.136,-1.5517057581570481,-1.4897976208802928,-1.6339223172194506,-1.64668990738984,-1.7647123186353297
3.138,-1.5518927124912565,-1.490932277709141,-1.6377458491921422,-1.651679961813113,-1.771813769005813
3.14,-1.5521167629380868,-1.4921055697019474,-1.6416267171469043,-1.6567357971027628,-1.7790018158127499
3.1420000000000003,-1.5523780237938483,-1.4933176731684226,-1.6455654024088495,-1.6618580326259322,-1.7862774040000509
3.144,-1.552676612399163,-1.4945687678820618,-1.6495623935079458,-1.667047296871946,-1.7936414927111133
3.146,-1.553012649160563,-1.4958590371119258,-1.6536181862755868,-1.6723042275832087,-1.8010950555116403
3.148,-1.5533862575725996,-1.4971886676550359,-1.657733283942838,-1.6776294718883342,-1.8086390806164576
3.1500000000000004,-1.5537975642404795,-1.498557849869449,-1.6619081972403091,-1.6830236864376167,-1.8162745711203423
3.152,-1.5542466989032009,-1.499966777707946,-1.666143444499816,-1.6884875375408168,-1.824002545233021
3.154,-1.554733794457258,-1.5014156487523822,-1.6704395517577573,-1.694021701307332,-1.8318240365183345
3.156,-1.5552589869808404,-1.5029046642486963,-1.6747970528602563,-1.699626863788818,-1.8397400941376776
3.1580000000000004,-1.5558224157586134,-1.5044340291426086,-1.6792164895701431,-1.7053037211242275,-1.8477517830977988
3.16,-1.5564242233070171,-1.5060039521159827,-1.683698411675737,-1.7110529796873934,-1.8558601845030323
3.162,-1.5570645554001314,-1.507614645623874,-1.6882433771015248,-1.7168753562371628,-1.8640663958120367
3.164,-1.5577435610961108,-1.5092663259323027,-1.6928519520207177,-1.7227715780701045,-1.8723715310991578
3.166,-1.5584613927641695,-1.510959213156684,-1.6975247109697442,-1.7287423831758775,-1.8807767213204152
3.168,-1.5592182061121551,-1.5126935313010528,-1.7022622369647087,-1.734788520395283,-1.8892831145843314
3.17,-1.5600141602146955,-1.5144695082979478,-1.7070651216198343,-1.7409107495810414,-1.8978918764275396
3.1719999999999997,-1.5608494175419287,-1.5162873760490594,-1.71193396526795,-1.7471098417613604,-1.906604190095418
3.174,-1.5617241439888552,-1.518147370466638,-1.7168693770830232,-1.753386579306343,-1.91542125682769
3.176,-1.5626385089052455,-1.5200497315156472,-1.7218719752048033,-1.7597417560972415,-1.9243442961491728
3.178,-1.5635926851262163,-1.5219947032566818,-1.72694238686559,-1.7661761776986835,-1.933374546165786
3.1799999999999997,-1.564586849003359,-1.523982533889683,-1.732081248519172,-1.7726906615338556,-1.9425132638658362
3.182,-1.5656211804365632,-1.5260134757984414,-1.7372892059719676,-1.779286037062725,-1.9517617254267332
3.184,-1.5666958629064032,-1.528087785595881,-1.7425669145164133,-1.7859631459633452,-1.9611212265272402
3.186,-1.5678110835072245,-1.5302057241701952,-1.747915039066639,-1.792722842316314,-1.9705930826653075
3.1879999999999997,-1.5689670329808547,-1.5323675567317798,-1.7533342542964276,-1.7995659927924248,-1.980178629481676
3.19,-1.570163905750953,-1.5345735528610174,-1.7588252447795938,-1.8064934768435528,-1.9898792230892834
3.192,-1.5714018999580728,-1.5368239865569073,-1.7643887051326999,-1.8135061868968823,-1.9996962404085992
3.194,-1.5726812174953557,-1.5391191362865697,-1.770025340160246,-1.8206050285524675,-2.0096310795090297
3.1959999999999997,-1.5740020640449346,-1.5414592850356137,-1.7757358650023294,-1.8277909207842538,-2.019685159956471
3.198,-1.57536464911503,-1.5438447203593877,-1.7815210052848287,-1.8350647961445652,-2.029859923167142
3.2,-1.5767691860777249,-1.5462757344351652,-1.787381497272159,-1.842427600972142,-2.0401568327677726
3.202,-1.5782158922074911,-1.548752624115202,-1.7933180880226165,-1.8498802956037856,-2.0505773749623533
3.2039999999999997,-1.5797049887204027,-1.551275690980756,-1.7993315355464066,-1.857423854589715,-2.0611230589054745
3.206,-1.5812367008140924,-1.553845241397044,-1.805422608966349,-1.8650592669126036,-2.0717954170824155
3.208,-1.582811257708463,-1.5564615865691285,-1.8115920886813253,-1.8727875362104633,-2.0825960056961312
3.21,-1.5844288926871357,-1.559125042598831,-1.8178407665325333,-1.8806096810033865,-2.0935264050612035
3.2119999999999997,-1.586089843139664,-1.561835930542582,-1.8241694459725806,-1.888526734924236,-2.1045882200049677
3.214,-1.58779435060452,-1.5645945764702822,-1.8305789422374534,-1.8965397469533403,-2.115783080275864
3.216,-1.5895426608128715,-1.5674013115252075,-1.8370700825214237,-1.9046497816572585,-2.127112640959214
3.218,-1.5913350237331487,-1.5702564719849241,-1.843643706154945,-1.9128579194317181,-2.138578582900483
3.2199999999999998,-1.5931716936164273,-1.5731603993232481,-1.8503006647856028,-1.9211652567487718,-2.150182613136299
3.222,-1.5950529290425985,-1.57611344027329,-1.8570418225621446,-1.9295729064082443,-2.1619264653331975
3.224,-1.5969789929674147,-1.5791159468915734,-1.8638680563216201,-1.9380819977935597,-2.1738119002343694
3.226,-1.598950152770343,-1.5821682766232217,-1.8707802557797764,-1.9466936771320236,-2.1858407061145186
3.2279999999999998,-1.6009666803032863,-1.5852707923683205,-1.8777793237246765,-1.9554091077596578,-2.1980146992429623
3.23,-1.6030288519401665,-1.588423862549352,-1.8848661762136045,-1.9642294703905967,-2.210335724355135
3.232,-1.6051369486273805,-1.5916278611798218,-1.892041742773361,-1.973155963391211,-2.2228056551326625
3.234,-1.6072912559351769,-1.5948831679340292,-1.8993069666039764,-1.9821898030590168,-2.235426394692154
3.2359999999999998,-1.6094920641098853,-1.598190168218031,-1.9066628047859018,-1.9913322239064037,-2.2481998760828845
3.238,-1.611739668127123,-1.6015492532418218,-1.9141102284907223,-2.0005844789493388,-2.261128062793513
3.24,-1.6140343677458846,-1.604960820092727,-1.9216502231954835,-2.009947840001105,-2.2742129492680125
3.242,-1.6163764675636105,-1.6084252718100358,-1.9292837889006889,-2.0194235979711057,-2.287456561430968
3.2439999999999998,-1.6187662770722002,-1.6119430174609084,-1.9370119403519932,-2.0290130631689713,-2.3008609572224796
3.246,-1.6212041107149955,-1.6155144722175627,-1.9448357072657,-2.0387175656138754,-2.314428227142739
3.248,-1.6236902879447674,-1.6191400574357648,-1.952756134558111,-2.048538455349292,-2.3281604948065286
3.25,-1.626225133282693,-1.6228202007346468,-1.9607742825787753,-2.0584771027632365,-2.3420599175078336
3.252,-1.6288089763783646,-1.62655533607786,-1.9688912273477446,-2.0685348989140846,-2.356128686794718
3.254,-1.6314421520708213,-1.6303459038561183,-1.977108060796858,-2.0787132558620733,-2.37036902905466
3.2560000000000002,-1.6341250004506234,-1.634192350971092,-1.9854258910151548,-2.08901360700658,-2.384783206110542
3.258,-1.6368578669230327,-1.6380951309207754,-1.9938458424984722,-2.0994374074292876,-2.3993735158275067
3.26,-1.6396411022722226,-1.6420547038862112,-2.002369056403326,-2.109986134243343,-2.4141422927308636
3.262,-1.642475062726617,-1.646071536819758,-2.0109966908050807,-2.120661286948587,-2.4290919086352414
3.2640000000000002,-1.645360110025353,-1.6501461035347513,-2.019729920960565,-2.131464387793001,-2.4442247732851863
3.266,-1.6482966114858466,-1.6542788847967393,-2.028569939575144,-2.1423969821404194,-2.459543335007461
3.268,-1.6512849400725413,-1.658470368416224,-2.0375179570743613,-2.1534606388447113,-2.4750500813752048
3.27,-1.6543254744668006,-1.662721049342941,-2.0465752018802092,-2.1646569506304343,-2.4907475398841985
3.2720000000000002,-1.6574185991380088,-1.6670314297617486,-2.0557429206920994,-2.175987534480155,-2.506638278641438
3.274,-1.6605647044158416,-1.6714020191900991,-2.0650223787726447,-2.187454032028498,-2.522724907066252
3.276,-1.66376418656382,-1.6758333345771508,-2.0744148602383006,-2.1990581099631044,-2.5390100766042294
3.278,-1.6670174478540434,-1.680325900404557,-2.083921668354949,-2.2108014604325246,-2.5554964814540835
3.2800000000000002,-1.670324896643225,-1.684880248788885,-2.0935441258385397,-2.222685801461262,-2.5721868593077963
3.282,-1.6736869474499994,-1.6894969195858263,-2.103283575160823,-2.234712877372025,-2.5890839921042326
3.284,-1.6771040210335262,-1.694176460496077,-2.113141378860334,-2.2468844592153485,-2.606190706796492
3.286,-1.6805765444734322,-1.6989194271730412,-2.1231189198586105,-2.2592023452066727,-2.6235098761331965
3.2880000000000003,-1.6841049512510862,-1.7037263833322902,-2.1332176017818356,-2.2716683611710535,-2.6410444194540146
3.29,-1.6876896813322284,-1.708597900862888,-2.1434388492879295,-2.28428436099561,-2.658797303499665
3.292,-1.691331181251017,-1.7135345599405398,-2.1537841083992166,-2.297052227089834,-2.6767715432366668
3.294,-1.6950299041954533,-1.718536949142668,-2.1642548468407234,-2.3099738708539075,-2.6949702026970734
3.2960000000000003,-1.6987863100942644,-1.7236056655653726,-2.174852554384236,-2.323051233155164,-2.713396395833467
3.298,-1.7026008657052145,-1.728741314942361,-2.185578743198206,-2.336286284812816,-2.7320532873895145
3.3,-1.7064740447049043,-1.7339445117658627,-2.1964349482035708,-2.349681027091147,-2.750944093786339
3.302,-1.7104063277801003,-1.7392158794095596,-2.2074227274356337,-2.363237492201197,-2.770072084024982
3.3040000000000003,-1.7143982027205198,-1.744556050253562,-2.2185436624120443,-2.37695774381121,-2.789440580605229
3.306,-1.718450164513239,-1.749965665811464,-2.229799358507037,-2.3908438775658967,-2.8090529604611385
3.308,-1.7225627154386347,-1.755445376859543,-2.241191445332,-2.4048980216147404,-2.828912655913532
3.31,-1.726736365167929,-1.7609958435680737,-2.2527215771224713,-2.419122337149403,-2.8490231556397294
3.3120000000000003,-1.7309716308623715,-1.7666177356348656,-2.264391433131678,-2.4335190189504616,-2.869388005660827
3.314,-1.735269037274057,-1.7723117324209974,-2.2762027180307127,-2.4480902959436053,-2.8900108103469075
3.316,-1.7396291168484463,-1.7780785230888607,-2.2881571623154855,-2.462838431765441,-2.91089523344037
3.318,-1.7440524098285481,-1.783918806742426,-2.3002565227205176,-2.4777657253390593,-2.9320449990977817
3.3200000000000003,-1.7485394643608925,-1.7898332925699332,-2.312502582639696,-2.4928745114595547,-2.9534638929505026
3.322,-1.753090836603202,-1.795822699988886,-2.3248971525541324,-2.5081671613896144,-2.97515576318448
3.324,-1.757707090833906,-1.8018877587935238,-2.3374420704671985,-2.523646083465399,-2.997124521639476
3.326,-1.762388799563432,-1.8080292093046895,-2.3501392023468677,-2.53931372371283,-3.0193741449280727
3.3280000000000003,-1.7671365436473676,-1.8142478025222561,-2.362990442575473,-2.555172566474464,-3.041908675574785
3.33,-1.771950912401492,-1.8205443002800268,-2.3759977144070077,-2.571225135047145,-3.0647322231756178
3.332,-1.7768325037187158,-1.8269194754032811,-2.3891629704320736,-2.5874739923306054,-3.0878489655784507
3.334,-1.7817819241879524,-1.8333741118688907,-2.402488193050611,-2.603921741487158,-3.1112631500844596
3.3360000000000003,-1.7867997892149645,-1.8399090049681346,-2.415975394952487,-2.620571026612673,-3.1349790946710767
3.338,-1.7918867231452213,-1.8465249614722068,-2.4296266196061227,-2.637424533419042,-3.159001189236709
3.34,-1.7970433593887685,-1.853222799800499,-2.443443941755256,-2.6544849899282723,-3.1833338968676554
3.342,-1.8022703405471885,-1.8600033501916675,-2.4574294679239346,-2.67175516717842,-3.207981755127502
3.3440000000000003,-1.8075683185426326,-1.8668674548775401,-2.4715853369298917,-2.6892378799415058,-3.2329493773693225
3.346,-1.8129379547490232,-1.873815968259957,-2.485913720406447,-2.706935987453647,-3.258241454071154
3.348,-1.8183799201253947,-1.8808497570905136,-2.5004168233330133,-2.7248523941575775,-3.2838627541949634
3.35,-1.8238948953514509,-1.8879697006533274,-2.51509688457437,-2.7429900504577054,-3.3098181265695343
3.3520000000000003,-1.8294835709653672,-1.8951766909508048,-2.529956177428812,-2.761351953487936,-3.336112501297539
3.354,-1.8351466475038558,-1.9024716328925526,-2.5449970101853125,-2.779941147892453,-3.3627508911872415
3.356,-1.8408848356445606,-1.9098554444873928,-2.5602217266898393,-2.798760726619624,-3.389738393209121
3.358,-1.8466988563507927,-1.9173290570385817,-2.5756327069209224,-2.8178138317292296,-3.417080189977708
3.3600000000000003,-1.8525894410186483,-1.924893415342287,-2.591232367574621,-2.837103655213214,-3.4447815512590134
3.362,-1.8585573316265724,-1.932549477889345,-2.6070231626590434,-2.856633439830145,-3.47284783550389
3.364,-1.864603280887375,-1.9402982170704128,-2.6230075840985156,-2.8764064799535776,-3.5012844914076147
3.366,-1.8707280524027714,-1.9481406193844717,-2.6391881623475486,-2.8964261224345442,-3.5300970594959926
3.3680000000000003,-1.8769324208204339,-1.9560776856508502,-2.655567467014709,-2.9166957674782634,-3.5592911737382433
3.37,-1.883217171993675,-1.9641104312247397,-2.6721481074965903,-2.9372188695354033,-3.588872563187074
3.372,-1.8895831031437407,-1.9722398862163149,-2.6889327336219404,-2.9579989382080134,-3.618847053646106
3.374,-1.8960310230247814,-1.9804670957134676,-2.7059240363061305,-2.9790395391702784,-3.649220569364893
3.3760000000000003,-1.9025617520915261,-1.9887931200082591,-2.72312474821605,-3.0003442951043673,-3.6799991347618324
3.378,-1.9091761226697346,-1.9972190348271246,-2.7405376444456095,-3.021916886651523,-3.7111888761751644
3.38,-1.9158749791294525,-2.0057459315649058,-2.7581655432019723,-3.043761053378598,-3.7427960236422173
3.382,-1.922659178061112,-2.0143749175227628,-2.776011306502575,-3.0658805947601713,-3.774826912707078
3.3840000000000003,-1.9295295884545194,-2.023107116150026,-2.7940778408831624,-3.088279371176519,-3.807287986256772
3.386,-1.9364870918807966,-2.031943667290072,-2.812368098116917,-3.1109613049275127,-3.8401857963861623
3.388,-1.9435325826773175,-2.040885727430272,-2.8308850759448037,-3.1339303812627244,-3.8735270062915026
3.39,-1.9506669681356739,-2.049934469956071,-2.849631818817252,-3.1571906494278252,-3.9073183921926673
3.3920000000000003,-1.9578911686927207,-2.059091085409295,-2.8686114186473333,-3.1807462237274797,-3.9415668452840773
3.394,-1.965206118124769,-2.068356781750715,-2.887827015575491,-3.204601284604899,-3.976279373714202
3.396,-1.9726127637449677,-2.0777327846269773,-2.9072817987460278,-3.228760079738233,-4.011463104593466
3.398,-1.980112066603906,-2.087220337641931,-2.926979007095354,-3.2532269251538577,-4.047125286030345
3.4000000000000004,-1.9877050016935216,-2.0968207026324546,-2.946921930152204,-3.2780062063567943,-4.0832732891953345
3.402,-1.9953925581543315,-2.1065351599488276,-2.9671139088498717,-3.303102379478355,-4.119914610412444
3.404,-2.003175739486082,-2.1163650087397547,-2.987558336350597,-3.3285199724411374,-4.157056873277778
3.406,-2.0110555637618246,-2.1263115672420754,-3.008258658882186,-3.3542635861414456,-4.194707830804477
3.4080000000000004,-2.0190330638454945,-2.136376173075255,-3.0292183765869343,-3.3803378956492827,-4.23287536759346
3.41,-2.027109287613057,-2.1465601835407293,-3.0504410443830126,-3.4067476514259787,-4.27156750202915
3.412,-2.035285298177272,-2.156864975926206,-3.0719302728383235,-3.4334976805595274,-4.3107923884991575
3.414,-2.0435621741161145,-2.1672919478149395,-3.093689729056932,-3.4605928880176706,-4.35055831963686
3.4160000000000004,-2.0519410097049136,-2.177842517400105,-3.1157231375781134,-3.4880382579187517,-4.390873728585513
3.418,-2.0604229151523237,-2.1885181238043536,-3.1380342812881654,-3.5158388548203963,-4.4317471912826125
3.42,-2.069009016840078,-2.1993202274046038,-3.1606270023448757,-3.543999825026001,-4.473187428762637
3.4219999999999997,-2.077700457566708,-2.2102503101621656,-3.183505203114856,-3.57252639790893,-4.515203309476361
3.424,-2.0864983967951805,-2.2213098759582683,-3.2066728471236514,-3.601423887254457,-4.557803851624594
3.426,-2.0954040109045895,-2.232500450935098,-3.230133960018666,-3.6306976926192758,-4.600998225503849
3.428,-2.1044184934459227,-2.243823583842391,-3.253892630544972,-3.6603533007085294,-4.644795755861313
3.4299999999999997,-2.113543055402002,-2.255280846389733,-3.27795301153392,-3.6903962867701763,-4.689205924255958
3.432,-2.122778925451612,-2.2668738336045817,-3.3023193209045703,-3.7208323160064616,-4.7342383714224034
3.434,-2.1321273502379254,-2.278604164196097,-3.326995842677846,-3.7516671450022674,-4.779902899633587
3.436,-2.1415895946412737,-2.290473480924969,-3.3519869280034396,-3.78290662317013,-4.826209475058121
3.4379999999999997,-2.1511669420563244,-2.3024834509792163,-3.377296996199356,-3.8145566942115123,-4.87316823010741
3.44,-2.1608606946737487,-2.3146357663560937,-3.4029305358039457,-3.846623397593941,-4.920789465767181
3.442,-2.1706721737663988,-2.326932144250198,-3.428892105640359,-3.879112870043582,-4.969083653907578
3.444,-2.1806027199801603,-2.339374327447862,-3.4551863358932886,-3.912031347052754,-5.018061439565167
3.4459999999999997,-2.190653693629426,-2.3519640847279404,-3.4818179291978146,-3.9453851644017917,-5.067733643189614
3.448,-2.2008264749973723,-2.364703211269062,-3.5087916617401165,-3.979180759694518,-5.118111262846777
3.45,-2.2111224646410044,-2.3775935290634296,-3.536112384369842,-4.013424673906661,-5.169205476369313
3.452,-2.221543083701154,-2.390636887337307,-3.56378502372392,-4.048123552946321,-5.221027643444867
3.4539999999999997,-2.2320897742174015,-2.40383516297827,-3.591814583361468,-4.083284149225617,-5.273589307630768
3.456,-2.2427639994480555,-2.417190260969274,-3.62020614490943,-4.118913323242314,-5.326902198283033
3.458,-2.2535672441952257,-2.4307041148297017,-3.6489648692185734,-4.1550180451703325,-5.380978232386134
3.46,-2.264501015135098,-2.444378687063455,-3.678095997529531,-4.191605396457893,-5.435829516268828
3.4619999999999997,-2.275566841153467,-2.4582159696141943,-3.7076048526482164,-4.228682571431749,-5.49146834718941
3.464,-2.286766273686584,-2.4722179843278,-3.7374968401302433,-4.266256878905859,-5.54790721477222
3.466,-2.298100887067437,-2.486386783422188,-3.7677774494736354,-4.30433574379284,-5.605158802275383
3.468,-2.309572278877488,-2.50072444996459,-3.798452255319289,-4.342926708716116,-5.663235987667679
3.4699999999999998,-2.3211820703040136,-2.5152330983563402,-3.8295269186584093,-4.38203743562072,-5.722151844490043
3.472,-2.332931906503031,-2.5299148748253275,-3.8610071880460852,-4.421675707380156,-5.781919642474687
3.474,-2.3448234569679887,-2.5447719579261543,-3.892898900820197,-4.461849429396833,-5.842552847892188
3.476,-2.356858415904206,-2.559806559048192,-3.9252079843246737,-4.5025666311931705,-5.904065123593766
3.4779999999999998,-2.3690385026092295,-2.5750209229315146,-3.957940457136065,-4.543835467990138,-5.966470328712559
3.48,-2.3813654618591,-2.5904173281909273,-3.991102430292216,-4.5856642222696795,-6.029782517983991
3.482,-2.3938410643006685,-2.6059980878480826,-4.024700108521818,-4.628061305317267,-6.094015940641329
3.484,-2.4064671068500005,-2.621765549871889,-4.058739791473499,-4.6710352587403445,-6.1591850388380545
3.4859999999999998,-2.4192454130970145,-2.6377220977272198,-4.093227874942878,-4.714594755958034,-6.225304445543616
3.488,-2.4321778337163344,-2.653870150932074,-4.128170852095959,-4.758748603657014,-6.292388981853653
3.49,-2.4452662468844917,-2.670212165623273,-4.163575314687072,-4.803505743208004,-6.3604536536499285
3.492,-2.458512558703594,-2.6867506351307755,-4.19944795426941,-4.848875252036892,-6.429513647538528
3.4939999999999998,-2.4719187036314625,-2.703488090560759,-4.235795563396064,-4.894866344943773,-6.499584325987563
3.496,-2.4854866449183666,-2.7204271013874814,-4.272625036809153,-4.941488375362568,-6.570681221577531
3.498,-2.499218375050405,-2.737570276054069,-4.309943372614554,-4.988750836553381,-6.642820030268729
3.5,-2.5131159161996557,-2.754920262582341,-4.347757673439575,-5.036663362718819,-6.716016603580458
