freq_GHz,S11_dB_0pct,S11_dB_5pct,S11_dB_10pct,S11_dB_15pct,S11_dB_20pct
1.5,-0.34658183654339036,-0.3574218303644593,-0.3822208229034988,-0.39848662792688255,-0.41776813409888847
1.502,-0.34762409015187684,-0.35939282150291624,-0.3843921675507844,-0.40102954072545494,-0.42086762274965717
1.504,-0.3486793396128654,-0.36136661648838186,-0.3865702763423217,-0.40357728386966657,-0.423967599035544
1.506,-0.3497476658726783,-0.36334335649256266,-0.38875532626072046,-0.4061300832924486,-0.42706837577983275
1.508,-0.3508291504961025,-0.36532318462223723,-0.3909474954477762,-0.40868816642415234,-0.43017026787396523
1.51,-0.35192387567193395,-0.36730624589029937,-0.39314696320929443,-0.4112517621920742,-0.43327359225241835
1.512,-0.3530319242185914,-0.36929268718713626,-0.395353910020135,-0.4138211010205342,-0.4363786678690703
1.514,-0.35415337958976495,-0.3712826572523993,-0.3975685175297431,-0.416396414831667,-0.4394858156753701
1.516,-0.35528832588014814,-0.3732763066471109,-0.3997909685678065,-0.4189779370466337,-0.44259535859959426
1.518,-0.3564368478311994,-0.3752737877262393,-0.402021447150251,-0.4215659025874507,-0.4457076215281585
1.52,-0.3575990308369871,-0.3772752546116095,-0.40426013848552433,-0.4241605478796518,-0.44882293128806006
1.522,-0.35877496095008354,-0.37928086316529025,-0.40650722898130653,-0.4267621108551505,-0.45194161663113896
1.524,-0.35996472488750975,-0.38129077096339453,-0.40876290625135486,-0.42937083095593803,-0.45506400821959836
1.526,-0.3611684100367575,-0.3833051372703845,-0.4110273591226624,-0.43198694913854246,-0.45819043861308106
1.528,-0.3623861044618634,-0.38532412301374935,-0.4133007776432107,-0.4346107078784197,-0.46132124225754345
1.53,-0.3636178969095357,-0.38734789075925175,-0.4155833530894762,-0.43724235117578525,-0.4644567554749771
1.532,-0.3648638768153738,-0.38937660468667357,-0.41787527797474233,-0.4398821245614323,-0.46759731645528496
1.534,-0.36612413431011004,-0.3914104305659507,-0.42017674605775,-0.4425302751032366,-0.47074326524913934
1.536,-0.36739876022594953,-0.3934495357339129,-0.42248795235088066,-0.4451870514137471,-0.4738949437625589
1.538,-0.36868784610295297,-0.39549408907157424,-0.42480909313005477,-0.4478527036572704,-0.4770526957525679
1.54,-0.369991484195502,-0.39754426098183143,-0.42714036594303917,-0.4505274835591133,-0.4802168668249428
1.542,-0.3713097674788146,-0.399600223367814,-0.4294819696202548,-0.4532116444137645,-0.4833878044323684
1.544,-0.37264278965553627,-0.4016621496117217,-0.4318341042839786,-0.4559054410950017,-0.4865658578751237
1.546,-0.37399064516239455,-0.4037302145542999,-0.43419697135897634,-0.45860913006534826,-0.48975137830240983
1.548,-0.3753534291769324,-0.40580459447465145,-0.4365707735833724,-0.4613229693877627,-0.492944718715193
1.55,-0.376731237624297,-0.40788546707093676,-0.4389557150190274,-0.46404721873587484,-0.49614623397039764
1.552,-0.37812416718409353,-0.4099730114414175,-0.4413520010632934,-0.4667821394071009,-0.4993562807867935
1.554,-0.379532315297345,-0.4120674080661455,-0.4437598384605491,-0.4695279943338038,-0.5025752177517603
1.556,-0.38095578017347476,-0.41416883878918176,-0.44617943531383275,-0.4722850480976344,-0.5058034053298264
1.558,-0.3823946607973888,-0.416277486801496,-0.4486110010974813,-0.4750535669419498,-0.509041205872085
1.56,-0.38384905693664345,-0.41839353662446976,-0.45105474666955647,-0.47783381878745784,-0.5122889836273403
1.562,-0.3853190691486579,-0.4205171740938365,-0.45351088428451636,-0.48062607324587325,-0.5155471047541942
1.564,-0.3868047987880133,-0.4226485863443433,-0.4559796276069643,-0.4834306016360845,-0.5188159373347174
1.566,-0.3883063480138197,-0.42478796179499434,-0.4584611917244527,-0.48624767699982063,-0.5220958513891946
1.568,-0.3898238197971992,-0.42693549013492116,-0.4609557931624442,-0.48907757411862646,-0.5253872188926297
1.57,-0.39135731792877854,-0.42909136230973505,-0.4634636498973527,-0.49192056953047514,-0.5286904137914665
1.572,-0.3929069470263244,-0.43125577050865394,-0.4659849813721026,-0.4947769415486436,-0.5320058120229427
1.574,-0.3944728125424119,-0.4334289081521147,-0.4685200085103089,-0.49764697027874016,-0.5353337915343571
1.576,-0.39605502077220517,-0.43561096987999653,-0.47106895373195834,-0.5005309376390003,-0.5386747323047827
1.578,-0.3976536788612744,-0.437802151540537,-0.47363204096892186,-0.503429127378824,-0.5420290163669202
1.58,-0.3992688948135839,-0.4400026501797659,-0.4762094956808206,-0.5063418251003059,-0.5453970278311161
1.582,-0.4009007774994308,-0.4422126640315985,-0.47880154487124676,-0.5092693182771802,-0.5487791529097662
1.584,-0.40254943666360093,-0.44443239250846656,-0.481408417104387,-0.5122118962780077,-0.5521757799439135
1.586,-0.4042149829335061,-0.44666203619268596,-0.4840303425222672,-0.5151698503869586,-0.5555872994296809
1.588,-0.40589752782748295,-0.4489017968282302,-0.4866675528615372,-0.5181434738274102,-0.5590141040475047
1.59,-0.40759718376310994,-0.4511518773133635,-0.48932028147175316,-0.5211330617838823,-0.5624565886909539
1.592,-0.40931406406568566,-0.4534124816935804,-0.4919887633330053,-0.5241389114271475,-0.5659151504982523
1.594,-0.41104828297671636,-0.4556838151554128,-0.49467323507448696,-0.5271613219377576,-0.5693901888838794
1.596,-0.4127999556625727,-0.45796608402067307,-0.4973739349930183,-0.530200594531491,-0.5728821055713659
1.598,-0.4145691982231485,-0.4602594957412773,-0.5000911030724522,-0.5332570324849775,-0.576391304628523
1.6,-0.4163561277007239,-0.4625642588949003,-0.5028249810030212,-0.5363309411617421,-0.5799181925017596
1.602,-0.41816086208878916,-0.4648805831807672,-0.5055758122009678,-0.5394226280391203,-0.5834631780537648
1.604,-0.41998352034108594,-0.4672086794166016,-0.5083438418293695,-0.5425324027357247,-0.5870266726003752
1.606,-0.42182422238065564,-0.46954875953567177,-0.5111293168178694,-0.5456605770399336,-0.5906090899502947
1.608,-0.42368308910902375,-0.4719010365846193,-0.5139324858845509,-0.548807464938249,-0.5942108464446413
1.61,-0.42556024241546164,-0.4742657247219961,-0.5167535995563385,-0.5519733826442571,-0.5978323609981377
1.612,-0.4274558051863915,-0.47664303921709217,-0.5195929101914261,-0.5551586486296726,-0.6014740551420101
1.614,-0.42936990131481423,-0.4790331964494856,-0.5224506720011624,-0.5583635836539789,-0.6051363530666399
1.616,-0.43130265570990634,-0.48143641390933956,-0.5253271410725955,-0.561588510796104,-0.608819681667106
1.618,-0.43325419430668527,-0.4838529101978144,-0.5282225753910632,-0.56483375548611,-0.6125244705882728
1.62,-0.4352246440757803,-0.4862829050285425,-0.5311372348639805,-0.5680996455381268,-0.6162511522721921
1.6219999999999999,-0.4372141330332986,-0.48872661922928545,-0.5340713813437646,-0.5713865111828343,-0.6200001620054237
1.624,-0.43922279025085453,-0.4911842747443618,-0.5370252786527453,-0.5746946851022134,-0.6237719379691478
1.626,-0.44125074586559593,-0.49365609463753934,-0.5399991926072748,-0.5780245024630077,-0.6275669212889659
1.6280000000000001,-0.44329813109044647,-0.4961423030954315,-0.5429933910421103,-0.5813763009525711,-0.6313855560860883
1.63,-0.4453650782244023,-0.4986431254315712,-0.5460081438368887,-0.58475042081461,-0.6352282895305994
1.6320000000000001,-0.4474517206629167,-0.5011587880909354,-0.5490437229400394,-0.5881472048851175,-0.63909557189482
1.634,-0.4495581929084833,-0.5036895186549418,-0.5521004023969542,-0.5915669986299943,-0.6429878566079461
1.6360000000000001,-0.45168463058121033,-0.5062355458471003,-0.5551784583751376,-0.5950101501828047,-0.6469056003126914
1.638,-0.45383117042963267,-0.5087970995391913,-0.5582781691913343,-0.5984770103832496,-0.6508492629217922
1.6400000000000001,-0.4559979503415502,-0.5113744107578628,-0.5613998153393184,-0.6019679328160451,-0.6548193076769317
1.642,-0.45818510935500095,-0.5139677116916919,-0.5645436795174343,-0.6054832738508983,-0.6588162012079659
1.6440000000000001,-0.46039278766937425,-0.516577235699138,-0.5677100466570176,-0.6090233926836421,-0.6628404135932208
1.646,-0.4626211266566521,-0.5192032173164703,-0.5708992039509008,-0.6125886513768196,-0.6668924184218863
1.648,-0.46487026887272637,-0.5218458922666636,-0.5741114408825583,-0.6161794149016162,-0.6709726928570281
1.65,-0.4671403580688772,-0.5245054974685033,-0.5773470492560323,-0.6197960511810294,-0.6750817176990014
1.652,-0.4694315392033422,-0.5271822710462819,-0.5806063232254038,-0.6234389311333655,-0.6792199774516439
1.654,-0.47174395845303874,-0.5298764523401613,-0.5838895593257397,-0.6271084287152695,-0.683387960388242
1.656,-0.4740777632254115,-0.5325882819166765,-0.5871970565036756,-0.6308049209680002,-0.6875861586197652
1.658,-0.4764331021703948,-0.5353180015799934,-0.5905291161494048,-0.6345287880621951,-0.6918150681634481
1.66,-0.4788101251924884,-0.5380658543836634,-0.5938860421279988,-0.6382804133443541,-0.6960751890130134
1.662,-0.4812089834630109,-0.5408320846427229,-0.5972681408116074,-0.6420601833841945,-0.7003670252102007
1.664,-0.48362982943243404,-0.5436169379462481,-0.6006757211135306,-0.6458684880223111,-0.7046910849174006
1.666,-0.4860728168429076,-0.5464206611706123,-0.6041090945200399,-0.6497057204186789,-0.7090478804910499
1.668,-0.48853810074083104,-0.5492435024929473,-0.6075685751250127,-0.6535722771023479,-0.7134379285577561
1.67,-0.4910258374897001,-0.5520857114052977,-0.611054479664253,-0.6574685580215831,-0.7178617500895621
1.672,-0.4935361847829218,-0.5549475387290411,-0.6145671275498283,-0.6613949665948272,-0.7223198704822059
1.674,-0.49606930165692503,-0.5578292366299504,-0.6181068409062316,-0.6653519097622878,-0.7268128196342344
1.676,-0.4986253485043071,-0.5607310586335161,-0.6216739446052661,-0.6693397980390104,-0.7313411320266308
1.678,-0.5012044870871807,-0.5636532596410407,-0.6252687663032253,-0.6733590455676624,-0.735905346805154
1.68,-0.5038068805506459,-0.5665960959457871,-0.6288916364770641,-0.6774100701736375,-0.7405060078624426
1.682,-0.506432693436407,-0.5695598252498693,-0.6325428884624638,-0.681493293419057,-0.7451436639228852
1.684,-0.5090820916965517,-0.5725447066815172,-0.6362228584914732,-0.685609140659897,-0.7498188686277643
1.686,-0.5117552427074399,-0.5755510008127256,-0.6399318857307107,-0.6897580411019045,-0.7545321806223482
1.688,-0.51445231528383,-0.578578969677455,-0.6436703123211829,-0.6939404278585494,-0.7592841636444285
1.69,-0.5171734796930638,-0.5816288767901203,-0.6474384834170482,-0.698156738009728,-0.7640753866137028
1.692,-0.5199189076694711,-0.5847009871647226,-0.6512367472264184,-0.7024074126611959,-0.7689064237230123
1.694,-0.5226887724288783,-0.5877955673342156,-0.6550654550513763,-0.7066928970040314,-0.7737778545312836
1.696,-0.5254832486833563,-0.5909128853704313,-0.6589249613303774,-0.7110136403775204,-0.7786902640567644
1.698,-0.5283025126560283,-0.5940532109044169,-0.6628156236789933,-0.7153700963297627,-0.7836442428736166
1.7,-0.5311467420961531,-0.5972168151471912,-0.6667378029329565,-0.7197627226817532,-0.7886403872078236
1.702,-0.5340161162942699,-0.6004039709108896,-0.6706918631912966,-0.7241919815908877,-0.7936792990363541
1.704,-0.5369108160975476,-0.603614952630429,-0.6746781718598317,-0.7286583396162338,-0.7987615861869284
1.706,-0.5398310239253608,-0.6068500363855424,-0.6786970996953613,-0.7331622677842471,-0.8038878624394943
1.708,-0.5427769237849744,-0.6101094999232448,-0.6827490208508387,-0.7377042416562298,-0.8090587476296998
1.71,-0.5457487012873444,-0.6133936226806871,-0.6868343129207739,-0.7422847413956188,-0.814274867753205
1.712,-0.5487465436632789,-0.6167026858085349,-0.6909533569875097,-0.7469042518373417,-0.819536855072125
1.714,-0.5517706397795648,-0.6200369721946817,-0.6951065376675808,-0.7515632625575163,-0.8248453482230782
1.716,-0.5548211801554397,-0.623396766488387,-0.6992942431596537,-0.7562622679452264,-0.8302009923266517
1.718,-0.5578983569791128,-0.6267823551248948,-0.7035168652929034,-0.7610017672733262,-0.8356044390988969
1.72,-0.561002364124616,-0.630194026350418,-0.707774799574889,-0.765782264772634,-0.841056346963861
1.722,-0.5641333971686625,-0.6336320702475942,-0.7120684452417848,-0.7706042697054829,-0.8465573811688829
1.724,-0.567291653407868,-0.6370967787612742,-0.7163982053081164,-0.775468296441293,-0.8521082139006046
1.726,-0.5704773318760683,-0.6405884457248332,-0.7207644866181155,-0.7803748645330971,-0.8577095244031486
1.728,-0.5736906333618024,-0.6441073668868451,-0.7251676998962802,-0.7853244987949459,-0.863361999098876
1.73,-0.5769317604261022,-0.647653839938162,-0.7296082598010213,-0.7903177293800207,-0.8690663317090572
1.732,-0.5802009174203666,-0.6512281645394924,-0.7340865849763522,-0.7953550918614933,-0.8748232233787685
1.734,-0.5834983105044743,-0.6548306423493001,-0.738603098106164,-0.8004371273128021,-0.8806333828017816
1.736,-0.5868241476651601,-0.658461577052184,-0.7431582259689307,-0.8055643823899186,-0.8864975263484229
1.738,-0.5901786387344922,-0.6621212743876786,-0.7477523994922031,-0.810737409414771,-0.8924163781948357
1.74,-0.5935619954086123,-0.6658100421794595,-0.7523860538094136,-0.8159567664601755,-0.8983906704546423
1.742,-0.5969744312666985,-0.6695281903650129,-0.7570596283157076,-0.8212230174351853,-0.9044211433123239
1.744,-0.6004161617901173,-0.6732760310255986,-0.761773566726317,-0.8265367321722082,-0.9105085451584434
1.746,-0.6038874043817946,-0.6770538784168655,-0.7665283171341803,-0.831898486516071,-0.9166536327279398
1.748,-0.6073883783857782,-0.6808620489996693,-0.7713243320694703,-0.8373088624128139,-0.9228571712388185
1.75,-0.6109193051070877,-0.6847008614714682,-0.7761620685592313,-0.8427684480012394,-0.9291199345349801
1.752,-0.6144804078317259,-0.6885706367980633,-0.7810419881884733,-0.8482778377050855,-0.9354427052294105
1.754,-0.6180719118469188,-0.6924716982458451,-0.7859645571611851,-0.853837632326689,-0.9418262748509608
1.756,-0.6216940444616321,-0.6964043714143606,-0.7909302463636653,-0.859448439142207,-0.948271443992172
1.758,-0.6253470350272871,-0.7003689842695024,-0.7959395314266424,-0.8651108719976666,-0.9547790224607737
1.76,-0.6290311149586563,-0.704365867176885,-0.8009928927904815,-0.8708255514073188,-0.9613498294322237
1.762,-0.6327465177551352,-0.7083953529359087,-0.8060908157695922,-0.876593104652682,-0.967984693605096
1.764,-0.6364934790220926,-0.7124577768141052,-0.8112337906186019,-0.8824141658834762,-0.9746844533591886
1.766,-0.640272236492569,-0.7165534765819791,-0.8164223125991232,-0.8882893762194288,-0.9814499569157116
1.768,-0.6440830300492022,-0.7206827925483038,-0.8216568820477249,-0.8942193838545992,-0.988282062499491
1.77,-0.6479261017463853,-0.7248460675958683,-0.8269380044441356,-0.9002048441626165,-0.9951816385053324
1.772,-0.6518016958326449,-0.7290436472176527,-0.8322661904816284,-0.9062464198030163,-1.0021495636646276
1.774,-0.6557100587733338,-0.7332758795534893,-0.8376419561368573,-0.912344780830025,-1.0091867272164092
1.776,-0.6596514392735895,-0.7375431154271679,-0.8430658227421,-0.9185006048025712,-1.0162940290805687
1.778,-0.663626088301458,-0.741845708384007,-0.8485383170572948,-0.9247145768960708,-1.0234723800331766
1.78,-0.6676342591113672,-0.7461840147288938,-0.8540599713439133,-0.9309873900150998,-1.030722701885122
1.782,-0.6716762072678593,-0.7505583935647846,-0.8596313234396455,-0.9373197449090713,-1.0380459276637943
1.784,-0.6757521906695797,-0.7549692068316937,-0.865252916833595,-0.9437123502886191,-1.0454430017967125
1.786,-0.6798624695735025,-0.759416819346145,-0.8709253007434009,-0.9501659229438237,-1.0529148802989432
1.788,-0.6840073066194835,-0.7639015988411475,-0.8766490301926699,-0.9566811878645549,-1.0604625309627744
1.79,-0.6881869668551212,-0.7684239160065478,-0.8824246660901264,-0.9632588783624427,-1.0680869335509404
1.792,-0.69240171776077,-0.7729841445300432,-0.888252775308868,-0.9698997361946389,-1.07578907999234
1.794,-0.6966518292750143,-0.777582661138505,-0.8941339307680669,-0.9766045116891077,-1.0835699745815193
1.796,-0.7009375738203111,-0.782219845639967,-0.9000687115147901,-0.9833739638724959,-1.0914306341804905
1.798,-0.7052592263289658,-0.7868960809659648,-0.9060577028071659,-0.990208860599129,-1.0993720884244116
1.8,-0.7096170642694083,-0.7916117532145219,-0.9121014961990253,-0.9971099786826993,-1.1073953799303557
1.802,-0.714011367672752,-0.7963672516935615,-0.9182006896254115,-1.0040781040292777,-1.115501564509205
1.804,-0.7184424191597111,-0.8011629689648464,-0.9243558874892982,-1.011114031772268,-1.123691711381043
1.806,-0.7229105039677753,-0.8059993008884968,-0.9305677007497368,-1.0182185664105474,-1.131966903393848
1.808,-0.7274159099786547,-0.8108766466679669,-0.9368367470109449,-1.0253925219466689,-1.1403282372464894
1.81,-0.7319589277462208,-0.8157954088956094,-0.943163650613041,-1.0326367220292612,-1.148776823713723
1.812,-0.736539850524524,-0.8207559935987505,-0.9495490427233794,-1.0399520000960685,-1.1573137878761746
1.814,-0.7411589742963341,-0.8257588102863324,-0.9559935614298686,-1.0473391995197991,-1.1659402693536847
1.816,-0.7458165978019083,-0.8308042719960901,-0.9624978518352613,-1.0547991737559697,-1.1746574225418138
1.818,-0.7505130225681329,-0.8358927953422866,-0.9690625661526244,-1.0623327864930125,-1.1834664168531186
1.82,-0.7552485529379707,-0.841024800564045,-0.975688363802682,-1.0699409118047707,-1.1923684369613834
1.822,-0.7600234961002743,-0.8462007115742203,-0.9823759115117277,-1.077624434305442,-1.2013646830505258
1.824,-0.7648381621199569,-0.8514209560088347,-0.9891258834115585,-1.0853842493058745,-1.2104563710672114
1.826,-0.7696928639684733,-0.8566859652771532,-0.9959389611408025,-1.0932212629739082,-1.2196447329773739
1.828,-0.7745879175546753,-0.8619961746123037,-1.0028158339469864,-1.101136392495647,-1.228931017027503
1.83,-0.7795236417560464,-0.8673520231225039,-1.0097571987910468,-1.1091305662398872,-1.2383164880096946
1.832,-0.7845003584502699,-0.8727539538429181,-1.0167637604524578,-1.1172047239250251,-1.247802427531104
1.834,-0.7895183925471725,-0.8782024137880918,-1.0238362316362966,-1.1253598167884218,-1.2573901342879712
1.836,-0.7945780720210547,-0.8836978540050361,-1.030975333081809,-1.1335968077582137,-1.2670809243440229
1.838,-0.7996797279433834,-0.8892407296269255,-1.0381817936720907,-1.1419166716280293,-1.2768761314135553
1.84,-0.8048236945158611,-0.8948314999274355,-1.045456350546037,-1.1503203952341452,-1.2867771071488647
1.842,-0.8100103091039291,-0.90047062837573,-1.052799749211228,-1.1588089776354868,-1.2967852214331812
1.844,-0.8152399122705539,-0.9061585826920825,-1.0602127436587256,-1.1673834302964237,-1.3069018626772246
1.846,-0.8205128478105783,-0.9118958349041905,-1.0676960964795588,-1.1760447772721254,-1.317128438121936
1.848,-0.8258294627852804,-0.9176828614041231,-1.0752505789825115,-1.1847940553971235,-1.3274663741454564
1.85,-0.8311901075575041,-0.9235201430059657,-1.082876971314216,-1.1936323144765535,-1.33791711657535
1.8519999999999999,-0.8365951358271142,-0.9294081650041575,-1.0905760625800953,-1.202560617480484,-1.3484821310063153
1.854,-0.8420449046668789,-0.9353474172325031,-1.0983486509679676,-1.2115800407411035,-1.3591629031227224
1.8559999999999999,-0.8475397745588,-0.9413383941239106,-1.10619554387271,-1.2206916741530054,-1.3699609390271963
1.858,-0.8530801094308433,-0.9473815947708277,-1.114117558022983,-1.2298966213767637,-1.380877765573921
1.8599999999999999,-0.8586662766941133,-0.9534775229864032,-1.1221155196098147,-1.2391960000454048,-1.3919149307082537
1.862,-0.8642986472804941,-0.9596266873663993,-1.1301902644169883,-1.2485909419743138,-1.4030740038117706
1.8639999999999999,-0.8699775956806615,-0.9658296013518164,-1.1383426379531936,-1.2580825933741833,-1.4143565760529284
1.866,-0.8757034999826454,-0.9720867832923036,-1.14657349558625,-1.2676721150676689,-1.4257642607440124
1.8679999999999999,-0.8814767419107451,-0.9783987565102953,-1.1548837026791015,-1.2773606827090422,-1.4372986937040606
1.87,-0.8872977068650035,-0.9847660493659703,-1.1632741347279787,-1.2871494870073594,-1.4489615336278405
1.8719999999999999,-0.8931667839610511,-0.9911891953229301,-1.1717456775023196,-1.2970397339534583,-1.460754462461079
1.874,-0.8990843660705297,-0.9976687330147488,-1.1802992271869144,-1.3070326450501144,-1.472679185782263
1.876,-0.9050508498618957,-1.0042052063122546,-1.1889356905259563,-1.3171294575461248,-1.4847374331910024
1.8780000000000001,-0.9110666358417797,-1.01079916439168,-1.1976559849693764,-1.327331424673838,-1.4969309587028303
1.88,-0.9171321283967893,-1.0174511618036144,-1.206461038821028,-1.3376398158907343,-1.509261541150978
1.8820000000000001,-0.923247735835868,-1.0241617585428107,-1.2153517913893244,-1.3480559171246322,-1.5217309845950457
1.884,-0.9294138704330897,-1.030931520118839,-1.224329193139857,-1.3585810310226774,-1.5343411187367184
1.8860000000000001,-0.9356309484710174,-1.0377610176275869,-1.2333942058503706,-1.3692164772047968,-1.5470937993427665
1.888,-0.9418993902845806,-1.0446508278236695,-1.2425478027679373,-1.3799635925205609,-1.5599909086752295
1.8900000000000001,-0.9482196203054074,-1.051601533193702,-1.2517909687684337,-1.3908237313106038,-1.57303435592923
1.892,-0.9545920671068118,-1.0586137220304712,-1.2611247005184434,-1.401798265672052,-1.586226077678574
1.8940000000000001,-0.9610171634491862,-1.0656879885080455,-1.2705500066394062,-1.4128885857282496,-1.599568038328836
1.896,-0.967495346326039,-1.072824932757785,-1.2800679078742982,-1.4240960999028143,-1.613062230578578
1.8980000000000001,-0.9740270570105297,-1.0800251609453084,-1.2896794372567275,-1.435422235198114,-1.6267106758889014
1.9,-0.9806127411025962,-1.087289285348398,-1.2993856402825212,-1.446868437478278,-1.6405154249609426
1.9020000000000001,-0.9872528485766514,-1.0946179244358927,-1.309187575083865,-1.4584361717567709,-1.6544785582220654
1.904,-0.9939478338297749,-1.1020117029475476,-1.3190863126060268,-1.4701269224885798,-1.6686021863206606
1.9060000000000001,-1.0006981557306458,-1.1094712519748806,-1.3290829367867099,-1.481942193867289,-1.682888450629756
1.908,-1.007504277668886,-1.1169972090430733,-1.33917854473806,-1.4938835101269161,-1.697339523759653
1.9100000000000001,-1.014366667605173,-1.1245902181938257,-1.3493742469314143,-1.5059524158485873,-1.7119576100798863
1.912,-1.021285798121758,-1.1322509300693122,-1.359671167384783,-1.518150476272517,-1.72674494625032
1.9140000000000001,-1.028262146473853,-1.1399800019971744,-1.3700704438531792,-1.530479277614836,-1.741703801762163
1.916,-1.0352961946413837,-1.1477780980765593,-1.3805732280217433,-1.5429404273898237,-1.7568364794886366
1.918,-1.0423884293815886,-1.1556458892652934,-1.3911806857018547,-1.5555355547373875,-1.7721453162457346
1.92,-1.049539342282038,-1.1635840534681143,-1.4018939970301145,-1.5682663107559547,-1.7876326833631544
1.922,-1.0567494298145503,-1.1715932756260425,-1.4127143566704072,-1.5811343688410098,-1.803300987265899
1.924,-1.0640191933895453,-1.1796742478068811,-1.423642974018977,-1.594141425029136,-1.819152670066326
1.926,-1.0713491394111836,-1.187827669296889,-1.4346810734126383,-1.6072891983479023,-1.8351902101674755
1.928,-1.07873977933317,-1.1960542466935877,-1.4458298943400971,-1.620579431171606,-1.8514161228773105
1.93,-1.086191629715166,-1.2043546939997902,-1.4570906916566315,-1.6340138895829597,-1.8678329610345898
1.932,-1.0937052122799955,-1.2127297327188256,-1.4684647358018708,-1.6475943637409274,-1.8844433156464628
1.934,-1.1012810539714886,-1.22118009195096,-1.4799533130210785,-1.6613226682547677,-1.9012498165379752
1.936,-1.1089196870130364,-1.2297065084911134,-1.4915577255897072,-1.6752006425644517,-1.9182551330139173
1.938,-1.1166216489668885,-1.2383097269277934,-1.503279292041482,-1.6892301513275256,-1.9354619745332515
1.94,-1.1243874827942126,-1.246990499743323,-1.5151193473999531,-1.7034130848126363,-1.952873091396338
1.942,-1.132217736915784,-1.2557495874153857,-1.5270792434137672,-1.717751359299772,-1.9704912754454198
1.944,-1.1401129652735678,-1.2645877585198504,-1.5391603487953271,-1.7322469174874362,-1.9883193607785121
1.946,-1.148073727392946,-1.2735057898349946,-1.551364049463511,-1.74690172890682,-2.006360224477191
1.948,-1.156100588445791,-1.282504466447025,-1.5636917487898074,-1.7617177903431922,-2.024616787348488
1.95,-1.16419411931428,-1.291584581857035,-1.576144867848678,-1.7766971262646092,-2.0430920146813
1.952,-1.172354896655506,-1.300746938089343,-1.5887248456714733,-1.7918417892581682,-2.0617889170177133
1.954,-1.1805835029669423,-1.3099923458012515,-1.601433139504732,-1.8071538604738189,-2.080710550939526
1.956,-1.1888805266526172,-1.319321624394253,-1.6142712250722246,-1.8226354500761426,-2.0998600198704125
1.958,-1.1972465620902626,-1.328735602126741,-1.627240596841327,-1.8382886977039947,-2.1192404748941716
1.96,-1.205682209699134,-1.3382351162281594,-1.6403427682935987,-1.854115772938417,-2.13885511558938
1.962,-1.2141880760088313,-1.3478210130147334,-1.6535792721997546,-1.8701188757788354,-2.158707190880939
1.964,-1.2227647737288725,-1.3574941480066762,-1.6669516608987358,-1.8863002371278357,-2.178799999908974
1.966,-1.2314129218192034,-1.3672553860470185,-1.680461506581727,-1.9026621192847237,-2.1991368929155013
1.968,-1.2401331455615874,-1.3771056014219978,-1.694110401580326,-1.9192068164478737,-2.219721272149388
1.97,-1.2489260766318306,-1.3870456779830747,-1.7078999586595844,-1.9359366552263957,-2.2405565927900746
1.972,-1.2577923531730248,-1.3970765092706119,-1.721831811315828,-1.9528539951610022,-2.261646363890579
1.974,-1.2667326198696414,-1.4071989986391766,-1.7359076140791585,-1.9699612292545852,-2.282994149340328
1.976,-1.2757475280225539,-1.417414059384574,-1.7501290428211185,-1.9872607845124144,-2.304603568848383
1.978,-1.2848377356250884,-1.427722614872609,-1.7644977950672351,-2.0047551224925524,-2.3264782989475696
1.98,-1.2940039074399259,-1.4381255986695947,-1.7790155903147096,-2.0224467398663672,-2.3486220740202395
1.982,-1.3032467150771212,-1.448623954674619,-1.793684170355573,-2.0403381689897233,-2.371038687346143
1.984,-1.312566837072974,-1.4592186372536629,-1.8085052996049533,-2.0584319784848013,-2.3937319921731564
1.986,-1.321964958970008,-1.469910611375533,-1.8234807654349414,-2.0767307738330274,-2.416705902811503
1.988,-1.3314417733979496,-1.4807008527496832,-1.8386123785140718,-2.095237197979309,-2.4399643957522072
1.99,-1.340997980155694,-1.4915903479659027,-1.8539019731524626,-2.1139539319478455,-2.4635115108103918
1.992,-1.3506342862943999,-1.5025800946359977,-1.8693514076527946,-2.1328836954698707,-2.4873513522943798
1.994,-1.3603514062016142,-1.5136711015373963,-1.8849625646672297,-2.1520292476234775,-2.511488090201156
1.996,-1.3701500616864273,-1.5248643887587654,-1.900737351560591,-2.171393387486151,-2.5359259614392453
1.998,-1.3800309820658625,-1.53616098784767,-1.916677700779421,-2.1909789547998675,-2.5606692710796364
2.0,-1.3899949042522426,-1.5475619419603148,-1.9327855702276955,-2.2107888306495798,-2.585722393635839
2.002,-1.4000425728417727,-1.5590683060133248,-1.9490629436490134,-2.230825938155143,-2.611089774373896
2.004,-1.410174740204237,-1.5706811468377821,-1.9655118310152384,-2.25109324317706,-2.6367759306533287
2.0060000000000002,-1.4203921665739208,-1.5824015433353378,-1.9821342689221155,-2.2715937550364997,-2.6627854533000357
2.008,-1.4306956201415626,-1.5942305866365756,-1.998932320991812,-2.292330527250097,-2.689123008012311
2.01,-1.4410858771477404,-1.6061693802616774,-2.0159080782823744,-2.3133066582795947,-2.7157933368008758
2.012,-1.4515637219772994,-1.6182190402833148,-2.033063659704838,-2.3345252922970343,-2.7428012594641906
2.0140000000000002,-1.4621299472550506,-1.630380695491887,-2.050401212447464,-2.3559896199658112,-2.7701516751003297
2.016,-1.4727853539428177,-1.6426554875631947,-2.0679229124076546,-2.3777028792382064,-2.797849563656479
2.018,-1.4835307514376534,-1.6550445712284865,-2.0856309646317444,-2.3996683561695082,-2.825899987517613
2.02,-1.494366957671418,-1.6675491144469545,-2.1035276037628146,-2.4218893857495702,-2.854308093135425
2.0220000000000002,-1.5052947992116452,-1.6801702985807858,-2.1216150944965015,-2.444369352752161,-2.883079112699194
2.024,-1.5163151113637932,-1.6929093185727349,-2.1398957320453404,-2.467111692602586,-2.9122183658500376
2.026,-1.5274287382747784,-1.705767383126295,-2.158371842611629,-2.490119892264216,-2.941731261439972
2.028,-1.5386365330379705,-1.7187457148885719,-2.177045783869303,-2.5133974911445,-2.9716232993376615
2.0300000000000002,-1.5499393577995468,-1.7318455506357322,-2.195919945454383,-2.5369480820207913,-3.0019000722822433
2.032,-1.5613380838662663,-1.745068141461371,-2.214996749464992,-2.560775311987162,-3.032567267787422
2.034,-1.5728335918147485,-1.758414752967501,-2.2342786509709383,-2.5848828834220363,-3.063630670097441
2.036,-1.584426771602122,-1.7718866654585643,-2.2537681385327284,-2.6092745549781933,-3.095096162196875
2.0380000000000003,-1.5961185226783061,-1.7854851741381768,-2.273467734730767,-2.633954142595206,-3.1269697278765376
2.04,-1.6079097540996585,-1.7992115893089913,-2.2933799967047195,-2.65892552053499,-3.159257453857538
2.042,-1.6198013846443056,-1.8130672365754568,-2.3135075167034094,-2.6841926224419788,-3.19196553197558
2.044,-1.631794342928978,-1.8270534570497485,-2.333852922645487,-2.709759442427646,-3.2251002614283357
2.0460000000000003,-1.6438895675274101,-1.841171607560753,-2.354418878691214,-2.735630036181,-3.2586680510878105
2.048,-1.6560880070904205,-1.855423060866304,-2.375208085825419,-2.761808522105458,-3.2926754218808156
2.05,-1.6683906204676378,-1.8698092058686626,-2.3962232824526937,-2.7882990824833325,-3.3271290092400174
2.052,-1.6807983768308752,-1.8843314478333175,-2.4174672450038655,-2.815105964668424,-3.362035565628533
2.0540000000000003,-1.6933122557991913,-1.8989912086111516,-2.4389427885553667,-2.842233482308049,-3.397401963141044
2.056,-1.705933247565766,-1.9137899268641356,-2.4606527674609615,-2.8696860165951805,-3.4332351961846124
2.058,-1.7186623530264549,-1.928729058294469,-2.482600075996862,-2.8974680175522605,-3.4695423842426987
2.06,-1.7315005839101731,-1.9438100758773835,-2.504787649020023,-2.9255840053470195,-3.5063307747256136
2.0620000000000003,-1.7444489629111155,-1.9590344700975826,-2.5272184626401195,-2.954038571642334,-3.543607745911255
2.064,-1.7575085238227872,-1.9744037491894089,-2.549895534906234,-2.9828363809801974,-3.5813808099799043
2.066,-1.770680311674002,-1.989919439380926,-2.572821926507571,-3.0119821722025906,-3.6196576161474274
2.068,-1.783965382866704,-2.0055830851418124,-2.5960007414897532,-3.0414807599086706,-3.6584459539006735
2.0700000000000003,-1.7973648053158156,-2.021396249435286,-2.6194351279863204,-3.071337035951294,-3.697753756340016
2.072,-1.8108796585910323,-2.0373605139740905,-2.643128278966217,-3.1015559709733127,-3.737589103633488
2.074,-1.8245110340606896,-2.0534774794806627,-2.6670834329979662,-3.132142615985681,-3.777960226587769
2.076,-1.838260035037623,-2.0697487659515037,-2.691303875030603,-3.1631021039881793,-3.818875510341002
2.078,-1.852127776927194,-2.086176012925934,-2.7157929371921306,-3.194439651635393,-3.860343498182967
2.08,-1.8661153873774077,-2.102760879759274,-2.740553999606189,-3.226160560948731,-3.9023728955088304
2.082,-1.880224006431193,-2.119505045900513,-2.7655904912270914,-3.258270221076936,-3.9449725739120938
2.084,-1.894454786680955,-2.136410211174686,-2.790905890694084,-3.2907741101063697,-3.9881515754234567
2.086,-1.908808893425328,-2.153478096069899,-2.816503727205676,-3.323677796923409,-4.031919116902497
2.088,-1.9232875048282398,-2.1707104420293,-2.8423875814141377,-3.3569869431309085,-4.076284594589124
2.09,-1.937891812080312,-2.1881090117478563,-2.868561086341109,-3.390707305020869,-4.121257588822459
2.092,-1.9526230195626777,-2.205675589474337,-2.8950279283153106,-3.424844735605306,-4.1668478689354105
2.094,-1.9674823450131351,-2.223411981318391,-2.9217918479323206,-3.4594051867079303,-4.213065398332836
2.096,-1.9824710196948998,-2.241320015562956,-2.948856641038071,-3.4943947111192832,-4.259920339762735
2.098,-1.9975902885677468,-2.2594015429820153,-2.9762261597360333,-3.529819464817164,-4.307423060789614
2.1,-2.0128414104618613,-2.277658437164061,-3.0039043134194725,-3.5656857092559138,-4.355584139479963
2.102,-2.0282256582541396,-2.2960925948410154,-3.0318950698293383,-3.6019998137268487,-4.404414370310413
2.104,-2.043744319047331,-2.3147059362231746,-3.060202456138809,-3.63876825779291,-4.453924770309644
2.106,-2.0593986943517577,-2.3335004053399526,-3.088830560065214,-3.6759976338006735,-4.504126585445811
2.108,-2.07519010026991,-2.3524779703867975,-3.11778353101045,-3.7136946494732204,-4.555031297271952
2.11,-2.091119867683796,-2.3716406240783217,-3.14706558123123,-3.7518661305866225,-4.606650629842249
2.112,-2.107189342445249,-2.3909903840078286,-3.1766809870389534,-3.7905190237348036,-4.658996556913416
2.114,-2.1233998855690803,-2.410529293013389,-3.206634090032436,-3.8296603991850713,-4.71208130944563
2.116,-2.1397528734293494,-2.430259419550652,-3.236929298362221,-3.8692974538297094,-4.76591738341897
2.118,-2.1562496979586063,-2.4501828580724885,-3.2675710880293476,-3.9094375142369344,-4.820517547981233
2.12,-2.1728917668502925,-2.4703017294157505,-3.298564004219381,-3.9500880398059253,-4.875894853945426
2.122,-2.1896805037643228,-2.4906181811951984,-3.329912662672363,-3.9912566260302764,-4.932062642654891
2.124,-2.206617348535966,-2.5111343882049426,-3.3616217510913855,-4.032951007875518,-4.989034555236195
2.126,-2.2237037573879497,-2.531852552827334,-3.393696030589286,-4.07517906327448,-5.046824542260069
2.128,-2.2409412031460674,-2.55277490544985,-3.42614033717717,-4.117948816747337,-5.105446873833691
2.13,-2.2583311754581765,-2.573903704889839,-3.4589595832940874,-4.1612684431510125,-5.164916150146469
2.132,-2.275875181016764,-2.595241238827562,-3.4921587593812484,-4.205146271563892,-5.225247312495558
2.134,-2.2935747437850957,-2.6167898242476193,-3.5257429355013987,-4.249590789313339,-5.286455654816979
2.136,-2.3114314052271228,-2.638551807889122,-3.559717263005457,-4.294610646150597,-5.348556835751374
2.138,-2.329446724541039,-2.6605295667046303,-3.5940869762483403,-4.340214658582174,-5.41156689127336
2.14,-2.3476222788968295,-2.6827255083283563,-3.62885739435562,-4.386411814363513,-5.475502247918039
2.142,-2.3659596636776246,-2.7051420715536523,-3.6640339230432857,-4.433211277163405,-5.5403797366374805
2.144,-2.3844604927251827,-2.727781726820211,-3.6996220564926228,-4.480622391407405,-5.606216607324303
2.146,-2.4031263985894094,-2.7506469767110753,-3.7356273792822714,-4.528654687308244,-5.673030544041068
2.148,-2.421959032782123,-2.7737403564599545,-3.7720555683799946,-4.57731788609321,-5.740839680996413
2.15,-2.4409600660350637,-2.797064434468896,-3.8089123951962147,-4.626621905437546,-5.809662619312569
2.152,-2.4601311885623973,-2.8206218128367935,-3.8462037277025782,-4.676576865113974,-5.879518444631299
2.154,-2.4794741103275673,-2.844415127898871,-3.883935532617027,-4.727193092869663,-5.950426745608039
2.156,-2.498990561314904,-2.8684470507776876,-3.922113877659137,-4.7784811305412,-6.0224076333489895
2.158,-2.518682291805777,-2.8927202879457075,-3.9607449338785976,-4.8304517404204415,-6.095481761847829
2.16,-2.538551072659705,-2.9172375817999985,-3.999834978058772,-4.883115911883047,-6.169670349484051
2.162,-2.5585986956002564,-2.942001711249293,-4.039390395200034,-4.936484868293958,-6.244995201648723
2.164,-2.5788269735060974,-2.9670154923138803,-4.079417681085199,-4.9905700742035295,-6.321478734568567
2.166,-2.5992377407071228,-2.992281778738526,-4.119923444930778,-5.045383242849487,-6.399144000403227
2.168,-2.619832853285897,-3.017803462619031,-4.1609144121280215,-5.100936343980842,-6.478014713698124
2.17,-2.640614189384496,-3.0435834750426283,-4.202397427077262,-5.157241612020566,-6.558115279278872
2.172,-2.6615836495168854,-3.0696247867428488,-4.244379456119765,-5.214311554584948,-6.639470821681783
2.174,-2.6827431568869518,-3.0959304087690453,-4.286867590571376,-5.272158961378798,-6.722107216220262
2.176,-2.7040946577123663,-3.1225033931712747,-4.329869049862374,-5.3307969134867115,-6.806051121795993
2.178,-2.725640121554371,-3.1493468337008226,-4.373391184788132,-5.3902387930816165,-6.891330015570563
2.18,-2.747381541653678,-3.176463866526924,-4.417441480875862,-5.450498293573828,-6.977972229623774
2.182,-2.7693209352725976,-3.203857670970229,-4.462027561872098,-5.511589430224482,-7.06600698973269
2.184,-2.791460344043588,-3.231531470253431,-4.507157193356988,-5.573526551249337,-7.1554644564183265
2.186,-2.813801834324336,-3.259488532269682,-4.5528382864904025,-5.636324349440285,-7.246375768415934
2.188,-2.8363474975596104,-3.287732170369358,-4.599078901896881,-5.6999978743339295,-7.338773088740005
2.19,-2.8590994506499294,-3.3162657441656753,-4.64588725369461,-5.764562544958052,-7.432689653526518
2.192,-2.882059836327432,-3.3450926603598905,-4.6932717136761415,-5.830034163189439,-7.528159823851762
2.194,-2.9052308235388407,-3.374216373586564,-4.741240815647235,-5.896428927758027,-7.62521914074229
2.196,-2.928614607836027,-3.403640387279711,-4.789803259931521,-5.963763448935636,-7.7239043836091605
2.198,-2.952213411774065,-3.433368254560331,-4.838967918048897,-6.03205476394889,-7.82425363235887
2.2,-2.976029485317235,-3.4634035791462194,-4.888743837575546,-6.101320353159778,-7.926306333455586
2.202,-3.000065106252972,-3.4937500162845914,-4.939140247194709,-6.171578157059534,-8.030103370231487
2.2039999999999997,-3.024322580614156,-3.524411273708481,-4.990166561947016,-6.242846594125357,-8.135687137769969
2.206,-3.0488042431097773,-3.555391112617498,-5.041832388690337,-6.315144579591871,-8.243101622712949
2.208,-3.0735124575643527,-3.5866933486839554,-5.094147531779055,-6.3884915451943485,-8.352392488376344
2.21,-3.0984496173662563,-3.618321853085086,-5.147121998974011,-6.462907459943511,-8.463607165591245
2.2119999999999997,-3.1236181459252297,-3.6502805535623315,-5.200766007593995,-6.538412851996805,-8.576794949727336
2.214,-3.1490204971392726,-3.6825734355085213,-5.255089990921292,-6.615028831695571,-8.692007104395593
2.216,-3.1746591558712383,-3.7152045430840115,-5.310104604873752,-6.69277711584234,-8.809296972374902
2.218,-3.2005366384353384,-3.748177980362695,-5.365820734956857,-6.771680053298617,-8.928720094357681
2.2199999999999998,-3.226655493093909,-3.7814979125090242,-5.422249503510299,-6.8517606519890055,-9.05033433616607
2.222,-3.2530183005646003,-3.815168566986968,-5.479402277263864,-6.93304260740459,-9.174200025152693
2.224,-3.2796276745383937,-3.849194234802173,-5.537290675218834,-7.015550332704508,-9.3003800965691
2.226,-3.306486262208675,-3.8835792717784368,-5.5959265768715785,-7.099308990524387,-9.428940250762489
2.2279999999999998,-3.333596744811764,-3.9183280998697474,-5.655322130797797,-7.184344526606533,-9.559949122145198
2.23,-3.360961838179084,-3.953445208509078,-5.7154897636158974,-7.270683705377477,-9.69347846097661
2.232,-3.3885842933014154,-3.9889351559953123,-5.776442189350027,-7.3583541476079874,-9.829603329101541
2.234,-3.4164668969055456,-4.024802570919709,-5.838192419214096,-7.447384370301715,-9.968402310906813
2.2359999999999998,-3.4446124720436715,-4.061052153633275,-5.900753771839834,-7.537803828970635,-10.109957740885756
2.238,-3.473023878695907,-4.0976886777565555,-5.964139883972685,-7.629642962468669,-10.254355949345829
2.24,-3.5017040143862497,-4.134716991733364,-6.028364721661514,-7.722933240569336,-10.401687527954905
2.242,-3.5306558148124862,-4.172142020430167,-6.093442591969569,-7.817707214488815,-10.552047617000191
2.2439999999999998,-3.559882254490369,-4.209968766782723,-6.159388155235698,-7.913998570573979,-10.705536216433398
2.246,-3.5893863474124847,-4.248202313491741,-6.226216437916936,-8.011842187392864,-10.86225852299657
2.248,-3.6191711477222475,-4.286847824769385,-6.29394284604527,-8.111274196487372,-11.022325295970294
2.25,-3.6492397504035194,-4.325910548138601,-6.3625831793343295,-8.212332047070301,-11.185853254360465
2.252,-3.679595291986262,-4.365395816287224,-6.432153645973112,-8.315054574975196,-11.352965508644077
2.254,-3.710240951268709,-4.405309048978867,-6.502670878147105,-8.41948207619472,-11.52379203053284
2.2560000000000002,-3.7411799500565386,-4.445655755022847,-6.574151948329351,-8.525656385376282,-11.698470164588464
2.258,-3.772415553919617,-4.486441534305417,-6.646614386387784,-8.633620959676463,-11.87714518593674
2.26,-3.803951072966795,-4.527672079884618,-6.72007619755719,-8.743420968415856,-12.059970908782764
2.262,-3.8357898626392952,-4.569353180151221,-6.794555881328508,-8.855103389017824,-12.247110350927787
2.2640000000000002,-3.867935324523255,-4.611490721058285,-6.8700724513113265,-8.968717109762556,-12.438736460030437
2.266,-3.9003909071820724,-4.65409068842217,-6.946645456129764,-9.084313039940977,-12.635032907939658
2.268,-3.9331601070091047,-4.697159170297656,-7.024295001416185,-9.201944228051719,-12.83619496004876
2.27,-3.966246469101331,-4.7407023594301165,-7.103041772971502,-9.321665988751356,-13.042430427271846
2.2720000000000002,-3.999653588154663,-4.784726555787839,-7.182907061166541,-9.443536039340493,-13.253960708909368
2.274,-4.033385109381558,-4.82923816917773,-7.263912786663851,-9.567614646653098,-13.471021935325538
2.276,-4.06744472945169,-4.874243721947669,-7.346081527545952,-9.693964785308216,-13.693866219963693
2.278,-4.101836197456254,-4.919749851779018,-7.429436547941725,-9.822652308387635,-13.922763030722233
2.2800000000000002,-4.1365633158967645,-4.965763314572927,-7.514001828250352,-9.953746131721992,-14.158000691011027
2.282,-4.171629941699117,-5.0122909874343105,-7.599802097069816,-10.087318433099801,-14.39988802077705
2.284,-4.207039987253641,-5.059339871757473,-7.686862864945095,-10.223444867865034,-14.64875612723283
2.286,-4.242797421482026,-5.106917096417456,-7.775210460060472,-10.362204802537693,-14.904960353663363
2.2880000000000003,-4.278906270931904,-5.155029921071566,-7.864872066010422,-10.503681568286694,-15.168882392115977
2.29,-4.315370620900055,-5.2036857395756915,-7.955875761794484,-10.647962736303086,-15.440932561393987
2.292,-4.3521946165851295,-5.252892083520106,-8.048250564193276,-10.795140417371872,-15.721552244714786
2.294,-4.389382464270762,-5.302656625889801,-8.142026472695992,-10.94531158822653,-16.011216470389257
2.2960000000000003,-4.426938432540097,-5.35298718485455,-8.237234517164007,-11.098578447597554,-16.310436602093354
2.298,-4.464866853522797,-5.4038917276943135,-8.333906808431117,-11.25504880524126,-16.61976308003775
2.3,-4.503172124175519,-5.455378374865644,-8.432076592057903,-11.414836507665939,-16.93978811664725
2.302,-4.541858707596911,-5.507455404215104,-8.531778305476788,-11.578061904769514,-17.271148194433973
2.3040000000000003,-4.580931134378317,-5.560131255346046,-8.633047638785346,-11.744852362176575,-17.614526131018312
2.306,-4.620394003991343,-5.613414534145427,-8.735921599468597,-11.91534282472788,-17.970652354046294
2.308,-4.660251986213474,-5.667314017477551,-8.840438581355858,-12.089676437346956,-18.34030484827718
2.31,-4.700509822592973,-5.721838658051995,-8.946638438146456,-12.268005230407324,-18.724306970461306
2.3120000000000003,-4.741172327954325,-5.77699758947336,-9.054562561869252,-12.450490877774739,-19.12352193334228
2.314,-4.782244391945682,-5.832800131480932,-9.164253966675487,-12.637305536927997,-19.538842176794983
2.316,-4.823730980629553,-5.889255795386629,-9.275757378402718,-12.828632782007972,-19.971170981350127
2.318,-4.865637138118238,-5.946374289719967,-9.38911933038952,-13.024668642347372,-20.421392405763402
2.3200000000000003,-4.907967988255421,-6.004165526089381,-9.504388266068196,-13.22562276104982,-20.890323759215374
2.322,-4.950728736345567,-6.06263962526967,-9.621614648915223,-13.431719690578149,-21.378642096059274
2.324,-4.9939246709326195,-6.121806923525716,-9.740851080397269,-13.643200345160626,-21.886772328080152
2.326,-5.037561165629622,-6.181677979183174,-9.862152426616142,-13.860323633229594,-22.414719155294264
2.3280000000000003,-5.081643681001014,-6.242263579457433,-9.98557595442948,-14.083368297195753,-22.96181796270904
2.33,-5.126177766499324,-6.30357474755273,-10.111181477904974,-14.312634992788114,-23.52637162403832
2.332,-5.171169062458133,-6.365622750043855,-10.239031516059146,-14.54844864615215,-24.10513311738708
2.334,-5.216623302143067,-6.42841910455341,-10.369191462933507,-14.791161134147124,-24.6925945022798
2.336,-5.262546313862821,-6.491975587738478,-10.501729771178077,-15.041154342135565,-25.28006594509388
2.338,-5.3089440231423355,-6.556304243601265,-10.636718150443713,-15.298843664420097,-25.854602200530437
2.34,-5.355822454959933,-6.621417392138601,-10.774231782031418,-15.564682025875742,-26.397998900365074
2.342,-5.403187736050869,-6.687327638346753,-10.91434955141644,-15.83916451993359,-26.886363892946683
2.344,-5.451046097279225,-6.754047881597886,-11.057154300453378,-16.12283377876488,-27.291097056369168
2.346,-5.499403876080694,-6.821591325406386,-11.20273310128637,-16.416286217461074,-27.582177122410165
2.348,-5.548267518978369,-6.8899714876032085,-11.351177554232862,-16.720179326713527,-27.733926261981956
2.35,-5.597643584174236,-6.959202210938328,-11.5025841121922,-17.03524023000091,-27.73171789517818
2.352,-5.647538744218618,-7.029297674131487,-11.65705443444947,-17.36227577427598,-27.576499577583053
2.354,-5.697959788760471,-7.100272403393485,-11.814695773115208,-17.70218449124934,-27.28448445714821
2.356,-5.7489136273808725,-7.172141284440356,-11.975621395862214,-18.05597085448812,-26.882203261163365
2.358,-5.800407292512847,-7.244919575025113,-12.139951049109868,-18.424762372383782,-26.399764205204875
2.36,-5.85244794244999,-7.31862291801188,-12.307811466365887,-18.809830207734745,-25.865336201184622
2.362,-5.9050428644472275,-7.393267355019667,-12.479336927088163,-19.21261421385759,-25.302162531484946
2.364,-5.958199477916308,-7.468869340663441,-12.654669872181252,-19.63475354218515,-24.72779457794795
2.366,-6.0119253377195845,-7.545445757422632,-12.833961583122226,-20.07812433134509,-24.154624460779978
2.368,-6.066228137564861,-7.623013931167749,-13.017372932731902,-20.544886465973413,-23.59091639976488
2.37,-6.121115713504955,-7.701591647378522,-13.205075216807973,-21.037542040485555,-23.04186973399389
2.372,-6.176596047545076,-7.781197168087597,-13.397251077239588,-21.559009039472933,-22.510516388526128
2.374,-6.232677271361704,-7.8618492495867685,-13.59409552888043,-22.11271492979378,-21.998407799351803
2.376,-6.289367670136272,-7.943567160933476,-13.79581710440891,-22.70271643785113,-21.506112219540405
2.378,-6.346675686507601,-8.026370703298456,-14.002639133722273,-23.333853828808273,-21.033562702131313
2.38,-6.404609924646447,-8.110280230196402,-14.21480117716223,-24.01195046977702,-20.58029525157187
2.382,-6.463179154456328,-8.195316668644727,-14.432560635158119,-24.744070915824512,-20.145609239132686
2.384,-6.52239231590409,-8.281501541296715,-14.656194560806394,-25.53885161106122,-19.728674036133725
2.386,-6.582258523484611,-8.368856989598868,-14.886001706640462,-26.406912599142814,-19.32859895172982
2.388,-6.642787070823162,-8.457405798023412,-15.12230484255558,-27.36133181499055,-18.94447835671497
2.39,-6.703987435419946,-8.547171419430795,-15.365453388783237,-28.418072928818997,-18.575420135513088
2.392,-6.765869283540489,-8.638178001618243,-15.615826416240639,-29.59597673177808,-18.22056300012866
2.394,-6.828442475256436,-8.73045041511443,-15.873836076900346,-30.915072260822036,-17.879086409867565
2.396,-6.891717069640514,-8.824014282281677,-16.13993153949878,-32.389388417500015,-17.550215623184183
2.398,-6.9557033301202145,-8.918896007791227,-16.414603521558686,-34.00304834877977,-17.23322358355726
2.4,-7.020411729994009,-9.015122810538397,-16.698389528122494,-35.64200089113343,-16.92743078393442
2.402,-7.0858529581145815,-9.112722757068687,-16.99187993182662,-36.95765303070314,-16.63220387752705
2.404,-7.152037924742796,-9.211724796587045,-17.295725059327424,-37.3579583894099,-16.346953547922222
2.406,-7.218977767576797,-9.312158797626525,-17.61064348740097,-36.589263269278305,-16.071131978995897
2.408,-7.286683857959755,-9.414055586453632,-17.93743180060048,-35.11495751593434,-15.804230148323171
2.41,-7.35516780727039,-9.517446987291123,-18.276976124272366,-33.47341688051674,-15.545775088718322
2.412,-7.42444147349948,-9.622365864439699,-18.630265826095282,-31.9150700452308,-15.295327209109214
2.414,-7.494516968016076,-9.728846166382754,-18.998409881604015,-30.507809802806012,-15.052477729953733
2.416,-7.565406662526097,-9.83692297195802,-19.382656531671326,-29.252510410882735,-14.816846264304148
2.418,-7.637123196226442,-9.946632538681667,-19.78441703237498,-28.131583116638343,-14.588078559625652
2.42,-7.709679483156497,-10.05801235330834,-20.205294522897006,-27.12500442479087,-14.365844405015872
2.422,-7.783088719749328,-10.171101184710603,-20.64711933185404,-26.214864140839055,-14.149835701775013
2.424,-7.8573643925833405,-10.285939139156671,-21.111992427946852,-25.386229967648806,-13.939764691145644
2.426,-7.9325202863354605,-10.402567718062466,-21.602339222480225,-24.62692727373831,-13.735362330633649
2.428,-8.008570491935163,-10.521029878285546,-22.120976575815256,-23.927071791680138,-13.536376809078309
2.43,-8.085529414918689,-10.641370095021326,-22.67119666544442,-23.2786114119304,-13.342572190155732
2.432,-8.163411783980807,-10.76363442734783,-23.256872323076564,-22.674942505641358,-13.153727174017613
2.434,-8.242232659721179,-10.887870586451385,-23.882589420826633,-22.110605823325837,-12.969633967090994
2.436,-8.322007443579976,-11.014128006543224,-24.55381248506238,-21.581050276391785,-12.790097250579752
2.438,-8.402751886956892,-11.142457918452989,-25.277088837937207,-21.08245042675659,-12.614933238819168
2.44,-8.484482100504575,-11.272913425850641,-26.060291319906174,-20.61156523456561,-12.443968819295513
2.442,-8.567214563586669,-11.405549584009334,-26.912882568707182,-20.16562816929268,-12.27704076680514
2.444,-8.650966133886888,-11.540423480969327,-27.846135566207344,-19.742261128599626,-12.113995024879225
2.446,-8.735754057154061,-11.677594320902339,-28.873114787275014,-19.33940648764989,-11.954686048216178
2.448,-8.821595977063595,-11.817123509396744,-30.007873853113296,-18.955273033445913,-11.798976200445919
2.45,-8.908509945173375,-11.95907474029129,-31.26239704490549,-18.588292606237808,-11.646735202084795
2.452,-8.996514430946782,-12.103514083567202,-32.63739724773938,-18.237085059168944,-11.497839624035679
2.454,-9.085628331812043,-12.250510073668812,-34.097502175132455,-17.900429729869206,-11.352172422435626
2.456,-9.175870983220296,-12.40013379744794,-35.514063889592514,-17.577242048882145,-11.209622511064781
2.458,-9.267262168660203,-12.55245898071845,-36.58284785339512,-17.26655423046456,-11.070084367898364
2.46,-9.359822129578372,-12.707562072148539,-36.87738332376589,-16.967499231212525,-10.933457672719731
2.4619999999999997,-9.45357157514846,-12.865522322907898,-36.242717964379565,-16.679297342663997,-10.799646973011857
2.464,-9.548531691821506,-13.026421860104602,-34.998581756989424,-16.40124492109178,-10.668561375617385
2.466,-9.644724152580647,-13.190345751585104,-33.551498503137466,-16.132704862396075,-10.540114261899657
2.468,-9.742171125811637,-13.35738205910792,-32.12839888581679,-15.873098510548937,-10.414223024356666
2.4699999999999998,-9.840895283687054,-13.527621876216527,-30.81145009051502,-15.621898750434216,-10.290808822836421
2.472,-9.940919809947395,-13.701159346304554,-29.61710491112353,-15.378624084582324,-10.169796358678838
2.474,-10.042268406945139,-13.878091655353273,-28.538390714325892,-15.142833531491975,-10.051113665267785
2.476,-10.144965301798688,-14.058518992588382,-27.56187531241539,-14.91412221340082,-9.934691913619309
2.4779999999999998,-10.24903525148102,-14.24254447080198,-26.673705850505975,-14.692117525343697,-9.820465231760306
2.48,-10.354503546642814,-14.430273996257846,-25.861492521695965,-14.476475796502786,-9.708370536767267
2.482,-10.461396013941863,-14.621816075873397,-25.11469593493734,-14.26687937025984,-9.598347378437913
2.484,-10.569739016618314,-14.817281546661565,-24.42451292962594,-14.063034041810953,-9.490337793662047
2.4859999999999998,-10.679559453018674,-15.016783209115578,-23.783625369178868,-13.864666802318542,-9.384286170642005
2.488,-10.79088475273,-15.22043534220246,-23.185940346053066,-13.671523846831144,-9.28013912218906
2.49,-10.903742869938661,-15.428353072743484,-22.62636206524325,-13.483368809972838,-9.177845367390098
2.492,-11.018162273574777,-15.640651566018011,-22.10060341839586,-13.299981198983236,-9.077355621000956
2.4939999999999998,-11.13417193374193,-15.857444997212955,-21.605034271947773,-13.121154998305961,-8.978622489978418
2.496,-11.251801303863152,-16.078845254598022,-21.13656052001995,-12.946697423759893,-8.881600376613651
2.498,-11.37108029789517,-16.304960314741685,-20.692527869129464,-12.776427807527565,-8.786245387775285
2.5,-11.49203926187409,-16.535892217356604,-20.270645146728484,-12.610176597875594,-8.692515249811692
2.502,-11.614708938953612,-16.771734552108796,-19.86892291554364,-12.447784459775605,-8.60036922869985
2.504,-11.739120426981609,-17.01256935155491,-19.485624074685507,-12.289101464494616,-8.509768055062267
2.5060000000000002,-11.865305127530089,-17.258463262914674,-19.11922386944744,-12.133986357832818,-8.420673853704061
2.508,-11.99329468514451,-17.50946284633553,-18.768377316632883,-11.98230589805286,-8.333050077350798
2.51,-12.123120915409276,-17.765588818521262,-18.43189250464873,-11.833934255709265,-8.246861444293163
2.512,-12.254815720234122,-18.026829028248663,-18.108708574312324,-11.688752468581502,-8.162073879668032
2.5140000000000002,-12.388410988548802,-18.293129915105126,-17.79787745124002,-11.546647945766429,-8.078654460126662
2.516,-12.523938480346464,-18.564386166372003,-17.498548603232724,-11.407514015718919,-7.996571361660082
2.518,-12.661429691736434,-18.840428252416025,-17.209956251357777,-11.271249513661235,-7.915793810369732
2.52,-12.800915698350757,-19.121007493491707,-16.93140858295617,-11.137758404327583,-7.836292035987475
2.5220000000000002,-12.942426974091605,-19.405778298996744,-16.662278607255004,-11.006949436482953,-7.758037227963958
2.524,-13.085993181803596,-19.694277237066864,-16.40199636614721,-10.878735826066121,-7.681001493957832
2.526,-13.231642932000705,-19.985898657343665,-16.150042268898957,-10.753034965164387,-7.605157820570787
2.528,-13.379403505267529,-20.2798667303049,-15.905941363723592,-10.629768154339692,-7.530480036185035
2.5300000000000002,-13.529300533383841,-20.57520401982122,-15.669258394085514,-10.50886035609852,-7.45694277576993
2.532,-13.681357633583701,-20.870697118535972,-15.439593515357421,-10.39023996753691,-7.384521447534272
2.534,-13.835595989651573,-21.164860502231583,-15.216578569639408,-10.273838610402457,-7.313192201309658
2.536,-13.992033872774222,-21.45590065193996,-14.999873834370405,-10.15959093699985,-7.242931898558456
2.5380000000000003,-14.15068609420619,-21.741683683658653,-14.789165174751622,-10.047434450529451,-7.173718083907351
2.54,-14.311563380867504,-22.01971119547042,-14.584161541678702,-9.937309338592325,-7.10552895811421
2.542,-14.474671663978038,-22.287110670401237,-14.384592766399109,-9.829158318722978,-7.038343352382675
2.544,-14.640011269751012,-22.54064827989239,-14.190207610908312,-9.722926494923993,-6.972140703944597
2.5460000000000003,-14.807576000033396,-22.77677282431561,-14.000772039513429,-9.618561224277055,-6.906901032835808
2.548,-14.977352089615064,-22.991699115244423,-13.816067682292143,-9.516011992794219,-6.842604919795747
2.55,-15.149317025766265,-23.18153653430276,-13.635890465572501,-9.415230299753135,-6.779233485226163
2.552,-15.323438214456292,-23.34246315396214,-13.460049388221627,-9.316169549830962,-6.716768369148408
2.5540000000000003,-15.499671476725608,-23.470937659679294,-13.28836542559285,-9.21878495241528,-6.655191712102754
2.556,-15.677959357927742,-23.563931459956443,-13.120670545550837,-9.123033427527051,-6.594486136936722
2.558,-15.858229232158125,-23.619154210881874,-12.95680682315872,-9.028873517842067,-6.53463473143307
2.56,-16.04039118431991,-23.635240781681382,-12.796625642440072,-8.936265306343177,-6.4756210317311105
2.5620000000000003,-16.22433565317062,-23.611869368373473,-12.63998697517894,-8.84517033917649,-6.417429006498012
2.564,-16.40993082063693,-23.549790029939505,-12.486758728040218,-8.75555155332223,-6.360043041809298
2.566,-16.597019736043997,-23.450758465887734,-12.336816150417885,-8.667373208724223,-6.30344792670051
2.568,-16.78541716912921,-23.317386956579462,-12.190041296381837,-8.580600824552558,-6.247628839354352
2.5700000000000003,-16.97490619333736,-23.152937942269624,-12.04632253492008,-8.49520111930097,-6.192571333889665
2.572,-17.165234511553994,-22.961092162983412,-11.905554103383755,-8.411141954445267,-6.138261327720661
2.574,-17.356110550836227,-22.745721926898344,-11.767635699656749,-8.32839228141191,-6.084685089456858
2.576,-17.547199371607473,-22.510692873367276,-11.632472109102167,-8.246922091625994,-6.031829227315928
2.5780000000000003,-17.73811846095353,-22.259707793862095,-11.499972862797804,-8.166702369426314,-5.979680678023173
2.58,-17.92843350975835,-21.996196692702735,-11.37005192397331,-8.08770504765212,-5.928226696172979
2.582,-18.117654309882976,-21.723250190953152,-11.242627399910237,-8.009902965721515,-5.877454844029074
2.584,-18.305230950428466,-21.44358919625981,-11.117621276870784,-7.93326983003548,-5.82735298174177
2.5860000000000003,-18.490550540646666,-21.159562148611407,-10.994959175887587,-7.8577801765541135,-5.77790925796153
2.588,-18.672934739566166,-20.87316134978886,-10.87457012748007,-7.783409335403261,-5.729112100829433
2.59,-18.851638425786504,-20.586051097653947,-10.756386363569298,-7.710133397380624,-5.68095020932621
2.592,-19.025849890300577,-20.299601948634702,-10.64034312504363,-7.637929182239985,-5.633412544962644
2.5940000000000003,-19.194692973721963,-20.01492701973308,-10.526378483587095,-7.566774208641178,-5.586488323794956
2.596,-19.357231587881547,-19.73291760649129,-10.41443317652381,-7.4966466656614905,-5.5401670087496715
2.598,-19.512477049564556,-19.454276462684852,-10.304450453556539,-7.427525385771814,-5.494438302243534
2.6,-19.65939859940038,-19.179547867318707,-10.196375934388861,-7.3593898191879,-5.449292139084632
2.6020000000000003,-19.796937370500086,-18.909144138301443,-10.090157476318462,-7.292220009513142,-5.404718679641732
2.604,-19.924023901380316,-18.643368594554516,-9.985745050977021,-7.2259965705951785,-5.3607083032694405
2.606,-20.039599054219828,-18.38243517105175,-9.883090629470576,-7.160700664524214,-5.317251601977558
2.608,-20.142637910198186,-18.12648499747294,-9.782148075244185,-7.096313980705772,-5.274339374333615
2.6100000000000003,-20.232175888237514,-17.87560029390556,-9.682873044056953,-7.032818715945136,-5.231962619588102
2.612,-20.307336004500947,-17.629815940366388,-9.585222890509682,-6.97019755548491,-5.190112532012416
2.614,-20.367355901066865,-17.38912905748555,-9.489156580617669,-6.908433654941204,-5.148780495440194
2.616,-20.41161307239261,-17.153506904561585,-9.394634609966499,-6.847510623087475,-5.1079580780030795
2.6180000000000003,-20.43964665341366,-16.922893365400686,-9.301618927029015,-6.787412505438356,-5.067637027052539
2.62,-20.451174235604643,-16.69721425616229,-9.210072861258364,-6.728123768588855,-5.027809264259525
2.622,-20.446102455888635,-16.476381655252943,-9.119961055605115,-6.6696292852672805,-4.988466880884512
2.624,-20.42453053759725,-16.260297424349293,-9.031249403136366,-6.611914320062927,-4.949602133210638
2.6260000000000003,-20.386746503900074,-16.04885606235218,-8.943904987461528,-6.554964515791914,-4.911207438133026
2.628,-20.33321636259886,-15.84194701050022,-8.857896026693922,-6.498765880466815,-4.873275368897757
2.63,-20.264567099839113,-15.639456506780913,-8.773191820699672,-6.4433047748379915,-4.83579865098426
2.632,-20.181564749998696,-15.44126907082908,-8.689762701405423,-6.388567900476557,-4.7987701581252615
2.6340000000000003,-20.08508908178773,-15.247268686312555,-8.607579985954578,-6.3345422883705105,-4.762182908458609
2.636,-19.976106537129453,-15.057339735992363,-8.526615932518434,-6.281215288007448,-4.726030060805611
2.638,-19.855642989431253,-14.87136773485239,-8.44684369858371,-6.2285745569188204,-4.6903049110707755
2.64,-19.724757684245287,-14.689239898600693,-8.368237301552014,-6.176608050662324,-4.655000888758157
2.6420000000000003,-19.58451943424021,-14.510845578171637,-8.290771581499033,-6.12530401322016,-4.620111553599621
2.644,-19.435985810898075,-14.336076585365014,-8.214422165952852,-6.074650967792329,-4.585630592290595
2.646,-19.280185750680978,-14.16482743024204,-8.139165436561502,-6.024637707965338,-4.551551815329119
2.648,-19.118105705751823,-13.996995487186787,-8.064978497529385,-5.97525328923788,-4.517869153954204
2.6500000000000004,-18.950679237920024,-13.832481103493015,-7.991839145711008,-5.926487020885985,-4.484576657179663
2.652,-18.778779786581953,-13.671187661833383,-7.9197258422584795,-5.878328458151132,-4.4516684889196885
2.654,-18.603216234975772,-13.513021605912716,-7.848617685726857,-5.830767394735834,-4.419138925202734
2.6559999999999997,-18.424730845939962,-13.357892436919023,-7.778494386548295,-5.783793855592121,-4.386982351470428
2.658,-18.243999127401157,-13.20571268699879,-7.709336242791829,-5.737398089988911,-4.355193259958208
2.66,-18.061631207247327,-13.056397874844603,-7.641124117132037,-5.691570564845286,-4.323766247154743
2.662,-17.878174336261,-12.909866447546408,-7.573839414954403,-5.646301958317236,-4.292696011337152
2.6639999999999997,-17.694116187430204,-12.766039712088608,-7.507464063530885,-5.6015831536261596,-4.26197735017927
2.666,-17.509888673379468,-12.624841759242758,-7.4419804922031485,-5.557405233118125,-4.231605158430326
2.668,-17.325872056073244,-12.486199382085243,-7.3773716135154475,-5.513759472543308,-4.201574425661469
2.67,-17.142399171296418,-12.350041990941845,-7.313620805242717,-5.470637335545724,-4.171880234077663
2.6719999999999997,-16.95975963304504,-12.2163015262099,-7.250711893263306,-5.428030468353749,-4.142517756392648
2.674,-16.778203919208224,-12.084912370220017,-7.188629135228916,-5.385930694662703,-4.113482253764794
2.676,-16.5979472698132,-11.955811259061814,-7.127357204987548,-5.344330010700866,-4.084769073791623
2.678,-16.419173353087007,-11.828937195103597,-7.066881177717624,-5.303220580470905,-4.056373648560943
2.6799999999999997,-16.242037673330977,-11.704231360776461,-7.007186515734948,-5.262594731159193,-4.02829149275671
2.682,-16.06667070886831,-11.581637034062602,-6.94825905493558,-5.222444948705753,-4.000518201817679
2.684,-15.893180778870938,-11.461099506020606,-6.890084991841005,-5.1827638735279375,-3.9730494501470375
2.686,-15.72165664540784,-11.342566000593347,-6.832650871213218,-5.143544296391309,-3.9458809893713194
2.6879999999999997,-15.552169862209233,-11.225985596873398,-6.775943574209766,-5.104779154421567,-3.9190086466468568
2.69,-15.384776884946188,-11.111309153943424,-6.7199503070506506,-5.0664615272516045,-3.8924283230123065
2.692,-15.2195209597272,-10.998489238362396,-6.664658590170513,-5.028584633298117,-3.8661359917856153
2.694,-15.056433807376743,-10.887480054331125,-6.610056247831042,-4.991141826162376,-3.840127697003986
2.6959999999999997,-14.895537121172636,-10.778237376541087,-6.556131398170416,-4.954126591150085,-3.8143995519053835
2.698,-14.73684389530571,-10.670718485686992,-6.502872443667388,-4.9175325419055955,-3.788947737450355
2.7,-14.580359600559278,-10.564882106604731,-6.450268061999649,-4.88135341715579,-3.7637685008827186
2.702,-14.426083222719406,-10.460688348982227,-6.398307197276437,-4.845583077559205,-3.7388581543279327
2.7039999999999997,-14.274008178117768,-10.358098650579915,-6.346979051627279,-4.810215502656313,-3.7142130734279153
2.706,-14.124123119545864,-10.257075722889656,-6.296273077129289,-4.775244787916942,-3.689829696011194
2.708,-13.976412644613863,-10.157583499154864,-6.246178968056694,-4.74066514188103,-3.66570452079725
2.71,-13.830857917493717,-10.059587084670794,-6.196686653437152,-4.706470883389075,-3.6418341061339463
2.7119999999999997,-13.68743721390677,-9.963052709281827,-6.1477862898998765,-4.672656438898807,-3.6182150687670607
2.714,-13.546126398204397,-9.867947681991158,-6.0994682548022885,-4.639216339884854,-3.5948440826409045
2.716,-13.406899340453558,-9.77424034759845,-6.051723139621727,-4.606145220318226,-3.5717178777290948
2.718,-13.269728280580473,-9.681900045280976,-6.00454174359998,-4.573437814222473,-3.5488332388944928
2.7199999999999998,-13.13458414584478,-9.59089706903571,-5.957915067628927,-4.541088953303868,-3.526187004777508
2.722,-13.001436827210547,-9.501202629901144,-5.911834308366247,-4.5090935646526376,-3.503776066711829
2.724,-12.87025541954479,-9.412788819879644,-5.866290852570897,-4.47744666851282,-3.4815973676668523
2.726,-12.741008430005376,-9.325628577483373,-5.821276271648031,-4.446143376118078,-3.4596479012158903
2.7279999999999998,-12.613663958472266,-9.239695654829504,-5.776782316394269,-4.415178887591081,-3.437924710529507
2.73,-12.488189853424021,-9.15496458621304,-5.732800911934425,-4.384548489904256,-3.41642488739316
2.732,-12.364553846259657,-9.071410658088134,-5.689324152841064,-4.354247554899635,-3.395145571248527
2.734,-12.2427236667098,-8.989009880391437,-5.646344298428936,-4.3242715373656395,-3.37408394825768
2.7359999999999998,-12.122667141666632,-8.907738959144083,-5.603853768216814,-4.294615973168849,-3.3532372503896193
2.738,-12.004352279483433,-8.827575270271405,-5.561845137549142,-4.2652764774388565,-3.3326027545283736
2.74,-11.887747341548652,-8.748496834582228,-5.520311133371321,-4.23624874280425,-3.312177781602173
2.742,-11.77282090272261,-8.670482293852075,-5.479244630151129,-4.207528537678028,-3.2919596957330066
2.7439999999999998,-11.659541902034086,-8.593510887957404,-5.43863864594115,-4.179111704590646,-3.2719459034059795
2.746,-11.547879684865539,-8.517562433010404,-5.398486338575365,-4.150994158569251,-3.252133852658034
2.748,-11.43780403770738,-8.442617300446276,-5.358781001995066,-4.123171885561291,-3.232521032285342
2.75,-11.329285216431193,-8.368656397017055,-5.319516062698199,-4.095640940901194,-3.2131049710689537
2.752,-11.222293968916976,-8.295661145648609,-5.28068507630741,-4.06839744781853,-3.1938832370181283
2.754,-11.116801552768582,-8.223613467119366,-5.242281724251782,-4.0414375959863955,-3.174853436630923
2.7560000000000002,-11.012779748762194,-8.152495762521413,-5.204299810557812,-4.014757640108622,-3.1560132141715385
2.758,-10.910200870594588,-8.08229089646655,-5.166733258745001,-3.9883538985444824,-3.137360250963944
2.76,-10.809037771429143,-8.012982181001691,-5.129576108822171,-3.962222751969798,-3.118892264701371
2.762,-10.709263847676912,-7.944553360200102,-5.0928225143802965,-3.936360642073086,-3.100607008771229
2.7640000000000002,-10.610853040396805,-7.87698859539624,-5.056466739778173,-3.9107640702858526,-3.0825022715950983
2.766,-10.513779834651647,-7.810272451033713,-5.020503157417271,-3.8854295965456926,-3.0645758759832686
2.768,-10.418019257116086,-7.744389881097654,-4.984926245102257,-3.860353838091311,-3.04682567850353
2.77,-10.323546872195791,-7.679326216103945,-4.949730583483946,-3.835533468288354,-3.029249568863859
2.7720000000000002,-10.2303387768852,-7.615067150619302,-4.914910853581564,-3.810965215485238,-3.0118454693085726
2.774,-10.138371594562976,-7.551598731287403,-4.880461834381226,-3.7866458618977914,-2.9946113340276344
2.776,-10.047622467899718,-7.488907345337685,-4.846378400507751,-3.7625722425220482,-2.9775451485787245
2.778,-9.958069051030474,-7.426979709554406,-4.812655519967075,-3.7387412440741876,-2.960644929321856
2.7800000000000002,-9.869689501125407,-7.365802859684952,-4.77928825195686,-3.715149803956889,-2.9439087228660785
2.782,-9.782462469474817,-7.305364140267065,-4.746271744742307,-3.6917949092511493,-2.927334605528063
2.784,-9.696367092190206,-7.245651194856011,-4.71360123359515,-3.668673595732905,-2.9109206828022045
2.786,-9.61138298060976,-7.186651956633584,-4.681272038793523,-3.6457829469137333,-2.894665088841964
2.7880000000000003,-9.527490211484881,-7.128354639381673,-4.649279563680283,-3.6231200931048493,-2.8785659859522412
2.79,-9.444669317014462,-7.070747728803872,-4.617619292777755,-3.600682210503645,-2.8626215640923496
2.792,-9.362901274784457,-7.013819974179752,-4.586286789957079,-3.5784665203022796,-2.846830040389468
2.794,-9.282167497662742,-6.9575603803369575,-4.5552776966598865,-3.5564702878175165,-2.831189658662263
2.7960000000000003,-9.202449823691856,-6.901958199926993,-4.524587730170755,-3.5346908216412576,-2.815698688954395
2.798,-9.123730506016406,-6.847002925991333,-4.494212681938546,-3.5131254728111614,-2.8003554270777222
2.8,-9.045992202876489,-6.792684284805186,-4.464148415944777,-3.491771634000745,-2.7851581941649224
2.802,-8.969217967693883,-6.738992228986753,-4.434390867117718,-3.4706267387284657,-2.7701053362313415
2.8040000000000003,-8.893391239273388,-6.6859169308606035,-4.404936039790336,-3.449688260585156,-2.7551952237457993
2.806,-8.818495832138215,-6.633448776063951,-4.375780006200815,-3.4289537124794043,-2.740426251210177
2.808,-8.744515927015094,-6.581578357385673,-4.346918905034043,-3.4084206459002098,-2.725796836747553
2.81,-8.671436061482094,-6.530296468827956,-4.318348940002728,-3.388086650196647,-2.711305421698688
2.8120000000000003,-8.599241120789598,-6.479594099881323,-4.290066378466934,-3.3679493518738557,-2.69695047022668
2.814,-8.527916328862597,-6.429462430003756,-4.262067550090624,-3.3480064139050487,-2.6827304689295497
2.816,-8.457447239490952,-6.379892823295564,-4.23434884553394,-3.3282555350590197,-2.6686439264606028
2.818,-8.387819727712435,-6.330876823361772,-4.206906715180276,-3.3086944492427146,-2.6546893731563963
2.8200000000000003,-8.319019981391971,-6.28240614835425,-4.179737667896745,-3.2893209248585804,-2.6408653606721195
2.822,-8.251034492999244,-6.234472686186069,-4.1528382698271695,-3.270132764176146,-2.6271704616241838
2.824,-8.183850051585855,-6.187068489911124,-4.126205143216332,-3.251127802717462,-2.6136032692398943
2.826,-8.117453734962362,-6.140185773262207,-4.09983496526474,-3.232303908656165,-2.6001623970140435
2.8280000000000003,-8.051832902074587,-6.09381690634121,-4.073724467012693,-3.213658982229672,-2.5868464783722334
2.83,-7.986975185577943,-6.0479544114550885,-4.047870432252891,-3.1951909551641626,-2.5736541663408157
2.832,-7.92286848460807,-6.00259095909195,-4.022269696470567,-3.1768977901120943,-2.5605841332232386
2.834,-7.859500957745502,-5.957719364031546,-3.99691914581041,-3.1587774801018673,-2.5476350702827135
2.8360000000000003,-7.796861016171749,-5.91333258158493,-3.9718157160693117,-3.140828047999287,-2.5348056874310414
2.838,-7.734937317013635,-5.869423703958057,-3.946956391714252,-3.12304754598063,-2.522094712923443
2.84,-7.673718756872704,-5.82598595673451,-3.9223382049245306,-3.1054340550168673,-2.5095008930592506
2.842,-7.613194465536229,-5.783012695472756,-3.8979582346573975,-3.0879856843688898,-2.4970229918883975
2.8440000000000003,-7.553353799866058,-5.7404974024134265,-3.8738136057368506,-3.070700571093382,-2.4846597909234807
2.846,-7.494186337861405,-5.698433683292347,-3.8499014879643454,-3.0535768795590963,-2.472410088857338
2.848,-7.4356818728916805,-5.656815264255304,-3.826219095251128,-3.03661280097324,-2.460272701285999
2.85,-7.377830408095448,-5.615635988870649,-3.8027636847714636,-3.019806552917771,-2.44824646043689
2.8520000000000003,-7.320622150941257,-5.574889815236056,-3.779532556136001,-3.0031563788953104,-2.436330214902191
2.854,-7.264047507946316,-5.534570813175788,-3.7565230505850296,-2.986660547884437,-2.424522829377193
2.856,-7.20809707954889,-5.4946731615251405,-3.7337325502004317,-2.9703173539041523,-2.4128231844035977
2.858,-7.152761655130341,-5.455191145498808,-3.711158477136649,-2.954125115587299,-2.4012301761176067
2.8600000000000003,-7.0980322081827465,-5.416119154140079,-3.6887982928692082,-2.9380821757626334,-2.3897427160027678
2.862,-7.04389989161792,-5.377451677847754,-3.6666494974609654,-2.922186901045488,-2.3783597306473556
2.864,-6.990356033213959,-5.3391833059780724,-3.6447096288452756,-2.9064376814366004,-2.367080161506307
2.866,-6.937392131195377,-5.301308724518847,-3.622976262125654,-2.890832929929204,-2.355902964667561
2.8680000000000003,-6.8849998499428615,-5.26382271383321,-3.601447008891382,-2.875371082123862,-2.344827110622703
2.87,-6.83317101582891,-5.226720146470387,-3.5801195165489097,-2.86005059585111,-2.333851584041848
2.872,-6.781897613175488,-5.189995985041168,-3.5589914676681067,-2.8448699508015904,-2.3229753835526363
2.874,-6.73117178033023,-5.15364528015576,-3.5380605793434823,-2.829827648163517,-2.3121975215233066
2.8760000000000003,-6.680985805857482,-5.117663168421766,-3.5173246025696594,-2.8149222102673614,-2.3015170238497134
2.878,-6.631332124840659,-5.082044870500201,-3.4967813216306642,-2.8001521802375144,-2.290932929746231
2.88,-6.582203315292539,-5.046785689217459,-3.4764285535028625,-2.7855161216507813,-2.2804442915404373
2.882,-6.533592094670256,-5.011881007731347,-3.4562641472711144,-2.771012618201581,-2.2700501744715633
2.8840000000000003,-6.485491316491611,-4.977326287749303,-3.4362859835576276,-2.756640273373666,-2.2597496564925237
2.886,-6.437893967049595,-4.943117067796871,-3.4164919739633746,-2.7423977101182158,-2.249541828075571
2.888,-6.390793162222074,-4.909248961534914,-3.396880060521629,-2.7282835705381587,-2.2394257920213936
2.89,-6.344182144373656,-4.875717656123695,-3.377448215163307,-2.7142965155785914,-2.229400663271681
2.8920000000000003,-6.298054279346863,-4.842518910632432,-3.3581944391938814,-2.700435224723151,-2.219465568725007
2.894,-6.252403053539702,-4.809648554492593,-3.3391167627814218,-2.686698395696174,-2.2096196470560208
2.896,-6.207222071066992,-4.777102485993612,-3.3202132444555916,-2.673084744170564,-2.1998620485378155
2.898,-6.162505051002824,-4.744876670819541,-3.301481970617278,-2.6595930034812243,-2.1901919348674936
2.9000000000000004,-6.118245824701532,-4.7129671406253255,-3.282921055058593,-2.646221924343876,-2.1806084789948086
2.902,-6.074438333194684,-4.68136999165133,-3.2645286384929326,-2.6329702745792254,-2.1711108649537976
2.904,-6.031076624661705,-4.65008138337488,-3.246302888094851,-2.619836838842326,-2.161698287697411
2.906,-5.988154851971856,-4.619097537197671,-3.228241997049634,-2.606820418356983,-2.152369952935039
2.908,-5.945667270295235,-4.588414735167826,-3.210344184112024,-2.5939198306551523,-2.1431250769729
2.91,-5.903608234780597,-4.558029318735414,-3.1926076931742413,-2.5811339093211823,-2.1339628865571627
2.912,-5.861972198298022,-4.52793768754057,-3.17503079284277,-2.5684615037408163,-2.1248826187198793
2.9139999999999997,-5.820753709244163,-4.498136298232874,-3.15761177602379,-2.5559014788548278,-2.1158835206275546
2.916,-5.779947409408304,-4.468621663321284,-3.1403489595171634,-2.543452714917203,-2.106964849432318
2.918,-5.739548031897227,-4.4393903500534995,-3.1232406836185156,-2.5311141072577965,-2.0981258721257467
2.92,-5.699550399116986,-4.410438979323812,-3.1062853117294513,-2.518884566049297,-2.0893658653951404
2.9219999999999997,-5.659949420809843,-4.3817642246086645,-3.089481229975539,-2.506763016078481,-2.0806841154822955
2.924,-5.620740092144706,-4.353362810928963,-3.0728268468319975,-2.4947483965216297,-2.072079918044731
2.926,-5.581917491859276,-4.325231513838389,-3.0563205927568164,-2.482839660724026,-2.0635525780192574
2.928,-5.543476780452352,-4.297367158436834,-3.039960919831124,-2.471035775983427,-2.0551014094878997
2.9299999999999997,-5.5054131984246615,-4.269766618408217,-3.0237463014067334,-2.459335723337471,-2.046725735546104
2.932,-5.467722064566841,-4.242426815082021,-3.0076752317605635,-2.4477384973548824,-2.038424888173176
2.934,-5.430398774292986,-4.215344716517709,-2.991746225755874,-2.4362431059304663,-2.0301982081049523
2.936,-5.393438798018353,-4.188517336611422,-2.975957818510095,-2.4248485700837192,-2.0220450447085963
2.9379999999999997,-5.356837679579913,-4.161941734224218,-2.9603085650691288,-2.41355392376106,-2.0139647558595293
2.94,-5.32059103469842,-4.135615012331292,-2.9447970400879115,-2.402358213641578,-2.005956707820417
2.942,-5.284694549480708,-4.109534317191529,-2.929421837517231,-2.3912604989462203,-1.9980202751222378
2.944,-5.249143978960959,-4.083696837536742,-2.91418157029646,-2.380259851250368,-1.9901548404473037
2.9459999999999997,-5.213935145679778,-4.058099803780059,-2.899074870052234,-2.3693553542996684,-1.9823597945142564
2.948,-5.179063938299915,-4.032740487242949,-2.8841003868028414,-2.358546103829162,-1.9746345359649944
2.95,-5.144526310257578,-4.007616199400256,-2.869256788668263,-2.347831207385572,-1.9669784712534897
2.952,-5.110318278448142,-3.9827242911428025,-2.854542761585658,-2.3372097841526553,-1.9593910145364337
2.9539999999999997,-5.0764359219452695,-3.9580621520569634,-2.83995700903023,-2.3266809647796456,-1.9518715875657267
2.956,-5.042875380752506,-3.9336272097208558,-2.825498251741329,-2.316243891212658,-1.9444196195827281
2.958,-5.009632854586306,-3.909416929016585,-2.8111652274536985,-2.3058977165290213,-1.9370345472142814
2.96,-4.976704601689511,-3.8854288114581133,-2.796956690633703,-2.295641604774477,-1.9297158143704256
2.9619999999999997,-4.944086937674459,-3.8616603945342827,-2.782871412220456,-2.2854747308031755,-1.9224628721438122
2.964,-4.911776234394809,-3.8381092510666677,-2.7689081793717585,-2.2753962801204235,-1.9152751787107827
2.966,-4.87976891884525,-3.814772988581753,-2.755065795214721,-2.2654054487281523,-1.9081521992340371
2.968,-4.848061472088213,-3.791649248697064,-2.741343078600931,-2.2555014429730047,-1.9010934057669409
2.9699999999999998,-4.816650428206842,-3.768735706520876,-2.727738863866145,-2.245683479397006,-1.8940982771593495
2.972,-4.785532373283477,-3.7460300700651428,-2.7142520005943327,-2.2359507845908104,-1.887166298965005
2.974,-4.7547039444028725,-3.7235300796712774,-2.700881353386041,-2.2263025950494013,-1.8802969633504225
2.976,-4.724161828679415,-3.701233507448432,-2.6876258016309236,-2.2167381570302616,-1.8734897690052612
2.9779999999999998,-4.693902762307665,-3.6791381567239196,-2.674484239284392,-2.2072567264139176,-1.866744221054142
2.98,-4.6639235296355785,-3.6572418615055176,-2.6614555746482855,-2.197857568566846,-1.8600598309699024
2.982,-4.6342209622597395,-3.6355424859552796,-2.64853873015547,-2.188539958206672,-1.8534361164882402
2.984,-4.604791938141926,-3.6140379238745926,-2.635732642158302,-2.1793031792696427,-1.846872601523752
2.9859999999999998,-4.575633380746482,-3.592726098200086,-2.623036260720819,-2.170146524780293,-1.8403688160872875
2.988,-4.54674225819783,-3.571604960510309,-2.610448549414668,-2.161069296723297,-1.8339242962046667
2.99,-4.518115582457661,-3.5506724905426723,-2.597968485118619,-2.152070805917456,-1.8275385838366804
2.992,-4.489750408521091,-3.5299266957205298,-2.5855950578216214,-2.143150371891773,-1.821211226800381
2.9939999999999998,-4.461643833631399,-3.5093656106900823,-2.5733272704293055,-2.134307322763559,-1.814941778691609
2.996,-4.433792996512732,-3.488987296866892,-2.561164138573928,-2.1255409951185786,-1.8087297988087625
2.998,-4.406195076620387,-3.4687898419917103,-2.549104690427551,-2.116850733893167,-1.8025748520778069
3.0,-4.3788472934080165,-3.4487713596954475,-2.5371479665185612,-2.1082358922582585,-1.7964765089784303
3.002,-4.351746905611439,-3.4289299890729645,-2.5252930195513175,-2.0996958315053464,-1.7904343454713931
3.004,-4.324891210548548,-3.4092638942655658,-2.5135389142289384,-2.0912299209342717,-1.7844479429270215
3.0060000000000002,-4.298277543434868,-3.3897712640519244,-2.501884727079178,-2.082837537742905,-1.778516888054834
3.008,-4.271903276714348,-3.370450311447215,-2.4903295462832324,-2.0745180669185395,-1.7726407728342672
3.01,-4.245765819404941,-3.351299273310269,-2.478872471507508,-2.0662709011311247,-1.7668191944464975
3.012,-4.219862616458644,-3.332316409958587,-2.467512613738317,-2.058095440628172,-1.76105175520733
3.0140000000000002,-4.194191148135575,-3.3135000047909715,-2.4562490951193054,-2.0499910931314,-1.7553380625011399
3.016,-4.168748929391649,-3.294848363917598,-2.445081048791742,-2.041957273735026,-1.7496777287158525
3.018,-4.143533509279595,-3.27635981579737,-2.43400761873738,-2.0339934048056807,-1.744070371178919
3.02,-4.118542470362877,-3.258032710882373,-2.4230279596240987,-2.02609891588398,-1.7385156120943153
3.0220000000000002,-4.093773428142287,-3.2398654212692346,-2.4121412366541186,-2.0182732435876076,-1.7330130784805058
3.024,-4.069224030494696,-3.2218563403572764,-2.4013466254147042,-2.010515831516,-1.7275624021093776
3.026,-4.044891957123815,-3.2040038825132324,-2.390643311731439,-2.0028261301565102,-1.7221632194461047
3.028,-4.020774919022603,-3.186306482742399,-2.3800304915238883,-1.9952035967921102,-1.7168151715899682
3.0300000000000002,-3.996870657946961,-3.1687625963661765,-2.369507370663749,-1.9876476954105016,-1.7115179042160742
3.032,-3.9731769459005144,-3.151370698705604,-2.35907316483528,-1.980157896614734,-1.7062710675179744
3.034,-3.949691584630081,-3.134129284771005,-2.3487270993980403,-1.9727336775351572,-1.7010743161511657
3.036,-3.9264124051317104,-3.117036868957475,-2.3384684092519974,-1.9653745217428362,-1.6959273091774607
3.0380000000000003,-3.9033372671668554,-3.100091984746057,-2.328296338704713,-1.9580799191642897,-1.6908297100102374
3.04,-3.880464058788566,-3.08329318441059,-2.3182101413408476,-1.9508493659975716,-1.6857811863604666
3.042,-3.8577906958773074,-3.0666390387299303,-2.308209079893681,-1.943682364629658,-1.680781410183625
3.044,-3.8353151216863033,-3.050128136705586,-2.2982924261188216,-1.936578423555173,-1.6758300576273946
3.0460000000000003,-3.813035306396093,-3.033759085284569,-2.2884594606699316,-1.9295370572963093,-1.6709268089801521
3.048,-3.7909492466780392,-3.0175305090873206,-2.2787094729764856,-1.9225577863240768,-1.666071348620256
3.05,-3.7690549652666316,-3.0014410501406417,-2.269041761123539,-1.9156401369806906,-1.6612633649660946
3.052,-3.747350510540345,-2.9854893676155325,-2.2594556317333154,-1.9087836414032324,-1.6565025504269026
3.0540000000000003,-3.725833956110847,-2.9696741375697684,-2.2499503998489025,-1.9019878374484782,-1.6517886013543088
3.056,-3.704503400420318,-2.953994052695135,-2.2405253888196537,-1.8952522686188384,-1.6471212179946244
3.058,-3.68335696634672,-2.938447822069282,-2.23117993018852,-1.8885764839895112,-1.6425001044418577
3.06,-3.662392800816803,-2.9230341709119694,-2.2219133635811024,-1.8819600381367012,-1.6379249685914112
3.0620000000000003,-3.641609074426718,-2.9077518403457416,-2.212725036596577,-1.8754024910669798,-1.6333955220945233
3.064,-3.6210039810699524,-2.8925995871608405,-2.203614304700285,-1.8689034081476912,-1.6289114803133415
3.066,-3.600575737572462,-2.8775761835842983,-2.1945805311180315,-1.862462360038445,-1.6244725622766958
3.068,-3.5803225833348726,-2.8626804170531077,-2.1856230867320963,-1.8560789226236543,-1.6200784906365506
3.0700000000000003,-3.560242779981558,-2.847911089991466,-2.1767413499788737,-1.8497526769460984,-1.6157289916250637
3.072,-3.5403346110163496,-2.833267019591841,-2.1679347067481216,-1.8434832091414908,-1.6114237950123451
3.074,-3.520596381484812,-2.8187470375999353,-2.1592025502837324,-1.83727011037403,-1.6071626340647787
3.076,-3.5010264176429686,-2.8043499901033138,-2.1505442810861672,-1.8311129767729606,-1.6029452455040256
3.0780000000000003,-3.4816230666321935,-2.7900747373238977,-2.1419593068164313,-1.8250114093700476,-1.5987713694666001
3.08,-3.4623846961602354,-2.775920153413815,-2.1334470422013734,-1.818965014038055,-1.5946407494640644
3.082,-3.4433096941881676,-2.7618851262549433,-2.125006908940668,-1.812973401430059,-1.5905531323437931
3.084,-3.4243964686232307,-2.7479685572618093,-2.116638335615049,-1.8070361869197593,-1.5865082682503475
3.0860000000000003,-3.405643447017228,-2.734169361187944,-2.1083407575961868,-1.801152990542672,-1.5825059105873782
3.088,-3.38704907627064,-2.7204864659354637,-2.1001136169577608,-1.7953234369381252,-1.5785458159801742
3.09,-3.3686118223420225,-2.7069188123679577,-2.0919563623880113,-1.7895471552922348,-1.57462774423863
3.092,-3.3503301699627897,-2.6934653541264892,-2.083868449103545,-1.7838237792816525,-1.5707514583208901
3.0940000000000003,-3.3322026223571717,-2.680125057448767,-2.075849338764673,-1.7781529470181665,-1.5669167242974549
3.096,-3.314227700967254,-2.666896900991327,-2.067898499391711,-1.7725343009941463,-1.5631233113158292
3.098,-3.2964039451829255,-2.6537798756547075,-2.0600154052829245,-1.7669674880287882,-1.5593709915657092
3.1,-3.278729912076726,-2.640772984411515,-2.0521995369334096,-1.7614521592151076,-1.5556595402446347
3.1020000000000003,-3.26120417614344,-2.627875242137434,-2.0444503809554746,-1.7559879698678185,-1.5519887355241782
3.104,-3.2438253290442667,-2.6150856754449943,-2.036767429999948,-1.7505745794718883,-1.5483583585166374
3.106,-3.226591979355582,-2.602403322520045,-2.0291501826790403,-1.7452116516318716,-1.5447681932421826
3.108,-3.2095027523221376,-2.589827232961053,-2.0215981434899803,-1.7398988540220208,-1.5412180265964823
3.1100000000000003,-3.1925562896145365,-2.577356467620928,-2.01411082274008,-1.7346358583370893,-1.5377076483188346
3.112,-3.1757512490910416,-2.564990098451498,-2.0066877364728244,-1.7294223402439146,-1.5342368509607467
3.114,-3.159086304563479,-2.552727208350522,-1.9993284063951047,-1.7242579793335784,-1.5308054298549405
3.116,-3.142560145567211,-2.5405668910111934,-1.9920323598054537,-1.719142459074436,-1.5274131830848259
3.1180000000000003,-3.1261714771351317,-2.528508250774069,-1.9847991295234946,-1.7140754667657525,-1.5240599114544604
3.12,-3.1099190195755084,-2.5165504024814545,-1.9776282538203414,-1.7090566934919176,-1.5207454184588642
3.122,-3.0938015082536396,-2.5046924713340597,-1.9705192763500592,-1.704085834077478,-1.517469510254819
3.124,-3.077817693377281,-2.492933592750008,-1.9634717460821485,-1.6991625870427738,-1.514231995632076
3.1260000000000003,-3.061966339785701,-2.4812729122261508,-1.9564852172350944,-1.6942866545601714,-1.5110326859849577
3.128,-3.046246226742302,-2.469709585201482,-1.9495592492106653,-1.6894577424109363,-1.5078713952844076
3.13,-3.0306561477307534,-2.4582427769228694,-1.9426934065295578,-1.6846755599427812,-1.504747940050398
3.132,-3.0151949102545714,-2.4468716623128044,-1.9358872587676328,-1.6799398200280051,-1.5016621393247733
3.1340000000000003,-2.9998613356400305,-2.4355954258393337,-1.9291403804933065,-1.6752502390221662,-1.4986138146444459
3.136,-2.9846542588423954,-2.424413261387987,-1.9224523512058052,-1.67060653672346,-1.4956027900150057
3.138,-2.96957252825534,-2.4133243721358038,-1.9158227552742484,-1.666008436332542,-1.49262889188469
3.14,-2.9546150055235416,-2.40232797042719,-1.9092511818777185,-1.661455664413097,-1.48969194911873
3.1420000000000003,-2.9397805653583857,-2.391423277651928,-1.9027372249462267,-1.6569479508528535,-1.4867917929740762
3.144,-2.9250680953566826,-2.3806095241248872,-1.896280483102339,-1.6524850288250654,-1.4839282570744503
3.146,-2.9104764958223317,-2.3698859489677817,-1.8898805596039545,-1.648066634750832,-1.4811011773857987
3.148,-2.8960046795909373,-2.359251799992646,-1.8835370622876462,-1.6436925082616292,-1.4783103921920402
3.1500000000000004,-2.881651571857265,-2.348706333587138,-1.877249603512963,-1.6393623921625744,-1.475555742071214
3.152,-2.8674161100054723,-2.338248814601705,-1.8710178001074786,-1.6350760323961253,-1.4728370698719369
3.154,-2.853297243442091,-2.3278785162383624,-1.864841273312778,-1.6308331780064114,-1.470154220690184
3.156,-2.8392939334317084,-2.31759471994125,-1.8587196487308004,-1.626633581103767,-1.4675070418464284
3.1580000000000004,-2.825405152935265,-2.3073967152888626,-1.8526525562715817,-1.6224769968302457,-1.4648953828630742
3.16,-2.8116298864509375,-2.2972837998879188,-1.8466396301012034,-1.6183631833251138,-1.4623190954422318
3.162,-2.7979671298575437,-2.2872552792688476,-1.8406805085907487,-1.6142919016911308,-1.4597780334437884
3.164,-2.7844158902604637,-2.2773104667828554,-1.834774834265955,-1.6102629159613444,-1.4572720528638186
3.166,-2.7709751858399567,-2.267448683500572,-1.8289222537575385,-1.6062759930660482,-1.4548010118132644
3.168,-2.757644045701862,-2.2576692581122395,-1.8231224177522176,-1.602330902800515,-1.452364770496906
3.17,-2.744421509730685,-2.2479715268293505,-1.8173749809445174,-1.5984274177930042,-1.4499631911926902
3.1719999999999997,-2.7313066284449308,-2.238354833287828,-1.8116796019891181,-1.594565313473282,-1.4475961382312965
3.174,-2.718298462854724,-2.2288185284526336,-1.8060359434540565,-1.5907443680415667,-1.445263477975993
3.176,-2.7053960843216087,-2.219361970523786,-1.8004436717744197,-1.586964362437859,-1.4429650788027941
3.178,-2.692598574420561,-2.2099845248438434,-1.7949024572067538,-1.5832250803118058,-1.4407008110809125
3.1799999999999997,-2.679905024804063,-2.2006855638066702,-1.7894119737841272,-1.57952630799284,-1.4384705471533827
3.182,-2.6673145370683216,-2.191464466767637,-1.783971899271883,-1.575867834460837,-1.436274161318152
3.184,-2.6548262226215225,-2.182320619955112,-1.7785819151237572,-1.5722494513171732,-1.4341115298092142
3.186,-2.6424392025540593,-2.17325341638331,-1.7732417064390362,-1.5686709527560891,-1.4319825307781455
3.1879999999999997,-2.6301526075107846,-2.1642622557663276,-1.7679509619199232,-1.5651321355365688,-1.429887044275893
3.19,-2.6179655775651547,-2.155346544433542,-1.7627093738296042,-1.5616327989545002,-1.427824952234764
3.192,-2.605877262095307,-2.14650569524622,-1.757516637951124,-1.5581727448153009,-1.425796138450639
3.194,-2.593886819661986,-2.137739127515319,-1.752372453546363,-1.5547517774068507,-1.4238004885655589
3.1959999999999997,-2.5819934178882975,-2.1290462669205317,-1.7472765233162142,-1.5513697034728924,-1.4218378900504667
3.198,-2.570196233341261,-2.1204265454304605,-1.7422285533605844,-1.5480263321866028,-1.4199082321881642
3.2,-2.558494451415137,-2.1118794012239954,-1.7372282531396266,-1.5447214751247578,-1.4180114060565363
3.202,-2.546887266216495,-2.1034042786128446,-1.7322753354350424,-1.5414549462421236,-1.4161473045120725
3.2039999999999997,-2.5353738804509476,-2.095000627965093,-1.7273695163121134,-1.5382265618461235,-1.414315822173506
3.206,-2.523953505311578,-2.0866679056299873,-1.7225105150822462,-1.5350361405720707,-1.412516855405753
3.208,-2.512625360369029,-2.078405573863709,-1.7176980542659703,-1.5318835033584823,-1.4107503023040278
3.21,-2.501388673463158,-2.070213100756294,-1.712931859556397,-1.5287684734229359,-1.4090160626782475
3.2119999999999997,-2.4902426805963045,-2.062089960159474,-1.708211659783394,-1.525690876238091,-1.4073140380375706
3.214,-2.479186625828121,-2.0540356316157062,-1.7035371868780267,-1.5226505395081853,-1.4056441315752108
3.216,-2.468219761171891,-2.0460496002881143,-1.698908175837596,-1.5196472931456697,-1.4040062481533915
3.218,-2.457341346492392,-2.038131356891442,-1.6943243646909265,-1.5166809692483314,-1.4024002942886271
3.2199999999999998,-2.4465506494052067,-2.0302803976240016,-1.6897854944647488,-1.513751402076603,-1.400826178137073
3.222,-2.435846945177468,-2.022496224100583,-1.6852913091495592,-1.5108584280312898,-1.3992838094801607
3.224,-2.425229516630083,-2.0147783432863213,-1.680841555666838,-1.5080018856314201,-1.3977730997103888
3.226,-2.4146976540412846,-2.0071262674314765,-1.6764359838363423,-1.5051816154925541,-1.396293961817345
3.2279999999999998,-2.4042506550516047,-1.9995395140071157,-1.672074346343603,-1.5023974603053614,-1.3948463103739448
3.23,-2.393887824570165,-1.992017605641764,-1.667756398708444,-1.4996492648144188,-1.3934300615227224
3.232,-2.383608474682327,-1.9845600700588908,-1.663481899253283,-1.4969368757972177,-1.3920451329624737
3.234,-2.3734119245586207,-1.977166440015262,-1.6592506090722416,-1.4942601420437327,-1.390691443935026
3.2359999999999998,-2.3632975003649594,-1.9698362532401912,-1.655062292000773,-1.4916189143359722,-1.3893689152121516
3.238,-2.3532645351741137,-1.962569052375624,-1.6509167145852401,-1.489013045427906,-1.3880774690826567
3.24,-2.3433123688784256,-1.955364384917036,-1.6468136460532738,-1.4864423900256867,-1.3868170293397621
3.242,-2.333440348103742,-1.9482218031551555,-1.6427528582844522,-1.483906804768105,-1.3855875212685034
3.2439999999999998,-2.3236478261245264,-1.9411408641185064,-1.6387341257812809,-1.4814061482073115,-1.3843888716333888
3.246,-2.3139341627801655,-1.934121129516759,-1.6347572256405418,-1.4789402807897336,-1.3832210086662449
3.248,-2.304298724392436,-1.9271621656847937,-1.6308219375252897,-1.4765090648373624,-1.3820838620541462
3.25,-2.294740883684065,-1.9202635435276552,-1.6269280436367701,-1.474112364529192,-1.380977362927641
3.252,-2.2852600196984683,-1.9134248384660864,-1.623075328687165,-1.4717500458828723,-1.3799014438489245
3.254,-2.2758555177205344,-1.9066456303829833,-1.6192635798722899,-1.4694219767367835,-1.378856038800427
3.2560000000000002,-2.2665267691985207,-1.8999255035704798,-1.6154925868449421,-1.4671280267320803,-1.3778410831733954
3.258,-2.257273171667001,-1.8932640466778148,-1.6117621416885575,-1.46486806729521,-1.3768565137566569
3.26,-2.248094128670843,-1.8866608526597928,-1.608072038891018,-1.4626419716204753,-1.3759022687255664
3.262,-2.238989049690235,-1.8801155187261114,-1.6044220753190628,-1.4604496146530144,-1.374978287631083
3.2640000000000002,-2.2299573500667242,-1.8736276462912484,-1.6008120501927403,-1.4582908730717916,-1.3740845113890197
3.266,-2.2209984509302143,-1.8671968409250836,-1.5972417650606263,-1.4561656252729482,-1.3732208822694212
3.268,-2.212111779126975,-1.8608227123041474,-1.5937110237747625,-1.4540737513533661,-1.3723873438860488
3.27,-2.2032967671486,-1.8545048741635906,-1.5902196324665088,-1.452015133094387,-1.3715838411860901
3.2720000000000002,-2.1945528530618996,-1.8482429442497248,-1.586767399522377,-1.4499896539456811,-1.3708103204399722
3.274,-2.1858794804397483,-1.8420365442732411,-1.5833541355602156,-1.4479971990095983,-1.3700667292312727
3.276,-2.1772760982928183,-1.835885299863074,-1.5799796534057273,-1.4460376550253855,-1.3693530164468182
3.278,-2.168742161002222,-1.8297888405208298,-1.5766437680694192,-1.444110910353789,-1.368669132266914
3.2800000000000002,-2.160277128253047,-1.8237467995758714,-1.5733462967236422,-1.4422168549618024,-1.368015028155698
3.282,-2.151880464968772,-1.817758814140942,-1.5700870586798956,-1.4403553804077263,-1.3673906568516034
3.284,-2.1435516412464897,-1.8118245250684595,-1.566865875366873,-1.4385263798261576,-1.366795972358
3.286,-2.1352901322930364,-1.8059435769073233,-1.5636825703080866,-1.4367297479135375,-1.3662309299339026
3.2880000000000003,-2.1270954183619,-1.8001156178603415,-1.5605369691003927,-1.4349653809134466,-1.365695486084867
3.29,-2.118966984690976,-1.7943402997421471,-1.557428899392448,-1.4332331766025317,-1.3651895985539675
3.292,-2.1109043214411134,-1.7886172779377931,-1.5543581908635453,-1.4315330342763017,-1.3647132263129105
3.294,-2.102906923635439,-1.7829462113617167,-1.5513246752027097,-1.429864854735228,-1.3642663295532629
3.2960000000000003,-2.0949742910994864,-1.7773267624174485,-1.5483281860881093,-1.4282285402709738,-1.3638488696778361
3.298,-2.087105928402064,-1.7717585969576588,-1.5453685591666377,-1.4266239946529122,-1.3634608092921083
3.3,-2.0793013447968764,-1.7662413842448763,-1.5424456320338142,-1.4250511231145966,-1.3631021121958589
3.302,-2.0715600541649297,-1.7607747969126124,-1.5395592442138049,-1.4235098323406494,-1.3627727433748404
3.3040000000000003,-2.063881574957586,-1.7553585109270564,-1.5367092371401048,-1.4220000304536538,-1.3624726689925941
3.306,-2.0562654301404195,-1.7499922055492465,-1.5338954541357959,-1.4205216270012477,-1.3622018563824068
3.308,-2.0487111471377126,-1.7446755632977378,-1.5311177403947276,-1.4190745329434078,-1.3619602740392898
3.31,-2.0412182577776985,-1.739408269911753,-1.5283759429624513,-1.4176586606398813,-1.361747891612177
3.3120000000000003,-2.033786298238437,-1.73419001431476,-1.5256699107176073,-1.41627392383779,-1.3615646798961547
3.314,-2.026414808994417,-1.7290204885786706,-1.522999494353632,-1.4149202376593328,-1.3614106108247839
3.316,-2.019103334763777,-1.72389938788831,-1.5203645463603879,-1.4135975185897243,-1.361285657462624
3.318,-2.0118514244561956,-1.7188264105064321,-1.5177649210063784,-1.4123056844651534,-1.3611897939977304
3.3200000000000003,-2.0046586311214485,-1.7138012577392403,-1.5152004743208063,-1.411044654461179,-1.3611229957343596
3.322,-1.9975245118985405,-1.708823633902277,-1.5126710640763685,-1.4098143490807822,-1.3610852390857446
3.324,-1.9904486279655178,-1.7038932462867529,-1.5101765497715878,-1.4086146901431675,-1.3610765015668544
3.326,-1.9834305444898537,-1.6990098051262708,-1.507716792613998,-1.4074456007721539,-1.3610967617875094
3.3280000000000003,-1.9764698305794701,-1.6941730235641437,-1.5052916555032658,-1.4063070053851578,-1.361145999445288
3.33,-1.9695660592343092,-1.6893826176209057,-1.5029010030143422,-1.4051988296818556,-1.361224195318751
3.332,-1.9627188072985493,-1.6846383061623764,-1.5005447013811792,-1.4041210006334985,-1.3613313312606694
3.334,-1.9559276554133274,-1.679939810868113,-1.498222618480332,-1.4030734464719306,-1.3614673901913643
3.3360000000000003,-1.9491921879701,-1.6752868562001841,-1.4959346238150788,-1.4020560966790254,-1.361632356092076
3.338,-1.9425119930644867,-1.6706791693724712,-1.4936805884994575,-1.4010688819759851,-1.361826213998559
3.34,-1.9358866624507407,-1.666116480320213,-1.4914603852424997,-1.400111734313125,-1.3620489499946098
3.342,-1.9293157914967023,-1.661598521670046,-1.4892738883329415,-1.3991845868593957,-1.3623005512057806
3.3440000000000003,-1.9227989791393036,-1.6571250287103776,-1.4871209736238653,-1.3982873739923796,-1.3625810057931695
3.346,-1.9163358278406157,-1.6526957393620951,-1.485001518517583,-1.3974200312882008,-1.3628903029472352
3.348,-1.9099259435443818,-1.6483103941497328,-1.482915401950681,-1.3965824955115236,-1.3632284328817759
3.35,-1.903568935633078,-1.6439687361729018,-1.4808625043793788,-1.395774704605922,-1.3635953868279351
3.3520000000000003,-1.8972644168854693,-1.6396705110781427,-1.478842707764969,-1.3949965976841026,-1.3639911570283005
3.354,-1.8910120034346778,-1.6354154670310848,-1.4768558955592326,-1.3942481150183625,-1.3644157367310692
3.356,-1.8848113147266887,-1.6312033546890232,-1.4749019526906086,-1.393529198031223,-1.3648691201843848
3.358,-1.8786619734793937,-1.6270339271737368,-1.4729807655497904,-1.3928397892859818,-1.3653513026305713
3.3600000000000003,-1.8725636056420691,-1.6229069400447043,-1.4710922219760811,-1.3921798324776782,-1.3658622803006284
3.362,-1.8665158403553284,-1.6188221512726622,-1.4692362112435617,-1.3915492724237988,-1.3664020504086656
3.364,-1.860518309911524,-1.6147793212134527,-1.4674126240477166,-1.3909480550555098,-1.3669706111465716
3.366,-1.8545706497156023,-1.610778212582213,-1.4656213524918391,-1.3903761274086124,-1.367567961678491
3.3680000000000003,-1.8486724982464418,-1.6068185904278742,-1.4638622900739966,-1.389833437614828,-1.3681941021356958
3.37,-1.8428234970185393,-1.602900222107998,-1.4621353316739338,-1.3893199348931398,-1.368849033611284
3.372,-1.837023290544226,-1.5990228772638948,-1.4604403735401394,-1.3888355695412877,-1.3695327581550352
3.374,-1.8312715262962163,-1.5951863277960285,-1.4587773132770574,-1.3883802929271898,-1.3702452787684174
3.3760000000000003,-1.8255678546706753,-1.5913903478398048,-1.4571460498326418,-1.3879540574807756,-1.3709865993994441
3.378,-1.8199119289505763,-1.5876347137415405,-1.4555464834856862,-1.3875568166854686,-1.3717567249378693
3.38,-1.8143034052695903,-1.5839192040348378,-1.4539785158337606,-1.387188525070351,-1.3725556612102152
3.382,-1.8087419425762594,-1.5802435994171442,-1.4524420497808639,-1.3868491382018375,-1.3733834149750601
3.3840000000000003,-1.8032272025986371,-1.5766076827266864,-1.450936989525553,-1.386538612675854,-1.3742399939182202
3.386,-1.7977588498093298,-1.5730112389196371,-1.4494632405489902,-1.3862569061099659,-1.3751254066480993
3.388,-1.7923365513908012,-1.569454055047526,-1.4480207096031972,-1.3860039771355417,-1.3760396626910967
3.39,-1.786959977201228,-1.5659359202350134,-1.4466093046995203,-1.3857797853902105,-1.3769827724870254
3.3920000000000003,-1.78162879974056,-1.5624566256578585,-1.445228935097156,-1.3855842915100585,-1.3779547473846616
3.394,-1.7763426941170657,-1.5590159645211854,-1.4438795112918854,-1.3854174571223632,-1.3789555996372793
3.396,-1.7711013380141698,-1.555613732037978,-1.442560945004675,-1.3852792448380287,-1.3799853423982957
3.398,-1.7659044116576643,-1.552249725407895,-1.4412731491708952,-1.385169618244365,-1.3810439897169817
3.4000000000000004,-1.7607515977832724,-1.5489237437962515,-1.4400160379291236,-1.3850885418977619,-1.382131556534172
3.402,-1.7556425816045471,-1.5456355883133746,-1.4387895266105986,-1.3850359813166289,-1.383248058678135
3.404,-1.7505770507811245,-1.5423850619940296,-1.4375935317283202,-1.3850119029742651,-1.3843935128603535
3.406,-1.745554695387293,-1.5391719697772934,-1.4364279709666086,-1.3850162742919307,-1.3855679366715163
3.4080000000000004,-1.740575207880891,-1.5359961184865092,-1.4352927631706123,-1.3850490636318815,-1.3867713485774558
3.41,-1.7356382830725288,-1.5328573168095652,-1.4341878283360743,-1.3851102402906483,-1.388003767915216
3.412,-1.7307436180951676,-1.529755375279365,-1.4331130875989728,-1.3851997744921922,-1.3892652148890567
3.414,-1.7258909123739463,-1.526690106254559,-1.4320684632257166,-1.385317637381318,-1.3905557105666868
3.4160000000000004,-1.7210798675963628,-1.523661323900476,-1.4310538786028522,-1.3854638010170814,-1.3918752768753826
3.418,-1.7163101876827567,-1.5206688441703147,-1.430069258227453,-1.3856382383662549,-1.3932239365982606
3.42,-1.7115815787570723,-1.5177124847865107,-1.429114527697299,-1.3858409232968976,-1.3946017133705546
3.4219999999999997,-1.7068937491179428,-1.5147920652223767,-1.428189613701238,-1.3860718305720847,-1.3960086316759492
3.424,-1.7022464092100522,-1.511907406683909,-1.4272944440096924,-1.3863309358434448,-1.397444716843009
3.426,-1.697639271595771,-1.5090583320918394,-1.4264289474652736,-1.3866182156452065,-1.3989099950415524
3.428,-1.6930720509271266,-1.5062446660638895,-1.4255930539733503,-1.3869336473877814,-1.4004044932792006
3.4299999999999997,-1.6885444639179827,-1.5034662348972265,-1.424786694493064,-1.3872772093519408,-1.4019282393978716
3.432,-1.684056229316543,-1.5007228665511054,-1.4240098010280695,-1.3876488806826304,-1.4034812620703554
3.434,-1.679607067878127,-1.498014390629797,-1.4232623066175862,-1.3880486413831856,-1.4050635907969995
3.436,-1.6751967023381606,-1.4953406383655858,-1.4225441453275331,-1.3884764723093825,-1.4066752559023066
3.4379999999999997,-1.6708248573855113,-1.4927014426020762,-1.4218552522417063,-1.3889323551636512,-1.4083162885316605
3.44,-1.6664912596360062,-1.490096637777626,-1.4211955634531581,-1.3894162724894066,-1.4099867206481485
3.442,-1.6621956376062657,-1.487526059909021,-1.420565016055443,-1.3899282076653077,-1.4116865850292997
3.444,-1.657937721687748,-1.4849895465752685,-1.41996354813434,-1.3904681448997378,-1.4134159152639518
3.4459999999999997,-1.6537172441210553,-1.48248693690169,-1.4193910987592502,-1.391036069225229,-1.4151747457491406
3.448,-1.649533938970492,-1.48001807154406,-1.4188476079750079,-1.3916319664929202,-1.4169631116870252
3.45,-1.6453875420988682,-1.477582792673033,-1.4183330167936234,-1.392255823367308,-1.418781049081879
3.452,-1.6412777911425156,-1.4751809439587236,-1.4178472671861284,-1.3929076273207739,-1.4206285947370625
3.4539999999999997,-1.637204425486574,-1.4728123705554184,-1.4173903020746166,-1.3935873666283105,-1.4225057862520933
3.456,-1.6331671862404638,-1.4704769190865221,-1.4169620653241954,-1.394295030362322,-1.4244126620197564
3.458,-1.6291658162136442,-1.4681744376296564,-1.4165625017351982,-1.395030608387442,-1.426349261223177
3.46,-1.625200059891537,-1.4659047757019052,-1.4161915570354155,-1.3957940913554203,-1.4283156238330676
3.4619999999999997,-1.6212696634117205,-1.4636677842452548,-1.4158491778723006,-1.3965854707000576,-1.430311790604848
3.464,-1.6173743745402995,-1.4614633156122112,-1.4155353118055138,-1.397404738632206,-1.4323378030759273
3.466,-1.6135139426485432,-1.4592912235515216,-1.415249907299292,-1.3982518881348507,-1.4343937035630012
3.468,-1.6096881186896683,-1.457151363194131,-1.4149929137150494,-1.3991269129581594,-1.4364795351592987
3.4699999999999998,-1.6058966551758975,-1.4550435910392614,-1.4147642813040204,-1.4000298076147297,-1.4385953417320163
3.472,-1.6021393061556701,-1.452967764940637,-1.414563961199958,-1.4009605673747163,-1.440741167919619
3.474,-1.598415827191094,-1.4509237440928953,-1.4143919054119405,-1.4019191882611772,-1.4429170591293037
3.476,-1.5947259753355858,-1.448911389018121,-1.4142480668172928,-1.4029056670453293,-1.4451230615344468
3.4779999999999998,-1.5910695091117035,-1.446930561552569,-1.4141323991544628,-1.4039200012419895,-1.4473592220720688
3.48,-1.587446188489168,-1.4449811248334865,-1.4140448570161044,-1.4049621891049278,-1.4496255884403764
3.482,-1.5838557748631086,-1.4430629432861326,-1.413985395842178,-1.406032229622392,-1.4519222090962773
3.484,-1.5802980310324584,-1.4411758826109162,-1.4139539719131065,-1.4071301225126107,-1.4542491332529892
3.4859999999999998,-1.5767727211785674,-1.4393198097706692,-1.4139505423430663,-1.408255868219348,-1.456606410877646
3.488,-1.5732796108439713,-1.4374945929780982,-1.413975065073254,-1.4094094679075493,-1.4589940926889278
3.49,-1.569818466911386,-1.4357001016833388,-1.414027498865328,-1.4105909234589877,-1.4614122301547452
3.492,-1.5663890575828263,-1.4339362065616648,-1.4141078032948644,-1.4118002374679826,-1.4638608754899363
3.4939999999999998,-1.5629911523589526,-1.4322027795013392,-1.414215938744877,-1.413037413237156,-1.4663400816539998
3.496,-1.5596245220185503,-1.43049969359158,-1.414351866399427,-1.4143024547732304,-1.4688499023488508
3.498,-1.55628893859822,-1.4288268231106906,-1.4145155482372986,-1.4155953667828896,-1.471390392016621
3.5,-1.5529841753722053,-1.4271840435142857,-1.414706947025729,-1.416916154668648,-1.4739616058374605
