strain_pct,freq_GHz,S11_dB
0.0,1.5,-0.5733250724849414
0.0,1.502,-0.5766112966997242
0.0,1.504,-0.5799392622757239
0.0,1.506,-0.5833094243413235
0.0,1.508,-0.5867222437961603
0.0,1.51,-0.5901781873923555
0.0,1.512,-0.5936777278169677
0.0,1.514,-0.5972213437757196
0.0,1.516,-0.6008095200779617
0.0,1.518,-0.6044427477229712
0.0,1.52,-0.6081215239875413
0.0,1.522,-0.6118463525149144
0.0,1.524,-0.6156177434050616
0.0,1.526,-0.6194362133063755
0.0,1.528,-0.6233022855087127
0.0,1.53,-0.6272164900379052
0.0,1.532,-0.6311793637517098
0.0,1.534,-0.635191450437213
0.0,1.536,-0.6392533009097447
0.0,1.538,-0.6433654731133037
0.0,1.54,-0.6475285322225456
0.0,1.542,-0.6517430507463313
0.0,1.544,-0.656009608632836
0.0,1.546,-0.6603287933763489
0.0,1.548,-0.6647012001256537
0.0,1.55,-0.6691274317941396
0.0,1.552,-0.6736080991715774
0.0,1.554,-0.6781438210376206
0.0,1.556,-0.682735224277115
0.0,1.558,-0.6873829439971477
0.0,1.56,-0.6920876236459332
0.0,1.562,-0.6968499151335482
0.0,1.564,-0.7016704789545353
0.0,1.566,-0.7065499843124425
0.0,1.568,-0.7114891092462461
0.0,1.57,-0.7164885407588382
0.0,1.572,-0.7215489749474391
0.0,1.574,-0.726671117136093
0.0,1.576,-0.7318556820101941
0.0,1.578,-0.737103393753231
0.0,1.58,-0.7424149861855123
0.0,1.582,-0.7477912029052212
0.0,1.584,-0.753232797431598
0.0,1.586,-0.7587405333504529
0.0,1.588,-0.764315184461887
0.0,1.59,-0.7699575349303922
0.0,1.592,-0.7756683794373344
0.0,1.594,-0.7814485233358658
0.0,1.596,-0.7872987828082179
0.0,1.598,-0.7932199850255506
0.0,1.6,-0.7992129683103739
0.0,1.602,-0.8052785823014477
0.0,1.604,-0.8114176881214115
0.0,1.606,-0.8176311585470407
0.0,1.608,-0.8239198781822321
0.0,1.61,-0.8302847436338063
0.0,1.612,-0.8367266636899856
0.0,1.614,-0.8432465595019457
0.0,1.616,-0.8498453647681306
0.0,1.618,-0.8565240259215651
0.0,1.62,-0.8632835023202367
0.0,1.6219999999999999,-0.8701247664405249
0.0,1.624,-0.8770488040737738
0.0,1.626,-0.8840566145260247
0.0,1.6280000000000001,-0.8911492108210133
0.0,1.63,-0.8983276199065117
0.0,1.6320000000000001,-0.9055928828639342
0.0,1.634,-0.9129460551214735
0.0,1.6360000000000001,-0.9203882066706913
0.0,1.638,-0.9279204222865987
0.0,1.6400000000000001,-0.9355438017514814
0.0,1.642,-0.9432594600822728
0.0,1.6440000000000001,-0.9510685277618315
0.0,1.646,-0.9589721509738545
0.0,1.648,-0.9669714918418936
0.0,1.65,-0.9750677286721834
0.0,1.652,-0.9832620562005924
0.0,1.654,-0.9915556858437204
0.0,1.656,-0.9999498459540569
0.0,1.658,-1.008445782079669
0.0,1.66,-1.0170447572279824
0.0,1.662,-1.025748052134236
0.0,1.664,-1.0345569655343236
0.0,1.666,-1.043472814442378
0.0,1.668,-1.0524969344329695
0.0,1.67,-1.0616306799282207
0.0,1.672,-1.0708754244897496
0.0,1.674,-1.080232561115693
0.0,1.676,-1.0897035025427346
0.0,1.678,-1.0992896815535225
0.0,1.68,-1.108992551289198
0.0,1.682,-1.1188135855675503
0.0,1.684,-1.1287542792065686
0.0,1.686,-1.1388161483536983
0.0,1.688,-1.149000730820992
0.0,1.69,-1.159309586425967
0.0,1.692,-1.1697442973386056
0.0,1.694,-1.1803064684344855
0.0,1.696,-1.1909977276542425
0.0,1.698,-1.2018197263693624
0.0,1.7,-1.2127741397546101
0.0,1.702,-1.2238626671671433
0.0,1.704,-1.2350870325325358
0.0,1.706,-1.246448984737671
0.0,1.708,-1.2579502980309347
0.0,1.71,-1.2695927724297251
0.0,1.712,-1.2813782341353575
0.0,1.714,-1.2933085359557572
0.0,1.716,-1.3053855577358684
0.0,1.718,-1.3176112067962014
0.0,1.72,-1.3299874183795037
0.0,1.722,-1.3425161561058667
0.0,1.724,-1.3551994124364328
0.0,1.726,-1.3680392091458997
0.0,1.728,-1.3810375978040157
0.0,1.73,-1.3941966602663287
0.0,1.732,-1.4075185091744025
0.0,1.734,-1.421005288465669
0.0,1.736,-1.4346591738932368
0.0,1.738,-1.4484823735558612
0.0,1.74,-1.4624771284383251
0.0,1.742,-1.4766457129624606
0.0,1.744,-1.4909904355492234
0.0,1.746,-1.5055136391918424
0.0,1.748,-1.5202177020406276
0.0,1.75,-1.5351050379994422
0.0,1.752,-1.5501780973344212
0.0,1.754,-1.5654393672949296
0.0,1.756,-1.5808913727475284
0.0,1.758,-1.5965366768227298
0.0,1.76,-1.6123778815753786
0.0,1.762,-1.6284176286587473
0.0,1.764,-1.6446586000127792
0.0,1.766,-1.661103518566838
0.0,1.768,-1.677755148957453
0.0,1.77,-1.6946162982613002
0.0,1.772,-1.7116898167439834
0.0,1.774,-1.7289785986249575
0.0,1.776,-1.7464855828590928
0.0,1.778,-1.76421375393533
0.0,1.78,-1.7821661426928492
0.0,1.782,-1.8003458271553598
0.0,1.784,-1.81875593338382
0.0,1.786,-1.8373996363484313
0.0,1.788,-1.856280160820011
0.0,1.79,-1.8754007822817889
0.0,1.792,-1.8947648278617633
0.0,1.794,-1.9143756772865703
0.0,1.796,-1.9342367638571811
0.0,1.798,-1.9543515754473948
0.0,1.8,-1.974723655525393
0.0,1.802,-1.9953566041994077
0.0,1.804,-2.016254079288054
0.0,1.806,-2.037419797415843
0.0,1.808,-2.058857535135172
0.0,1.81,-2.0805711300749214
0.0,1.812,-2.102564482116985
0.0,1.814,-2.1248415546012662
0.0,1.816,-2.1474063755601023
0.0,1.818,-2.170263038983097
0.0,1.82,-2.1934157061130035
0.0,1.822,-2.216868606773997
0.0,1.824,-2.2406260407330323
0.0,1.826,-2.264692379095347
0.0,1.828,-2.289072065735381
0.0,1.83,-2.313769618763886
0.0,1.832,-2.338789632032649
0.0,1.834,-2.3641367766777726
0.0,1.836,-2.3898158027029566
0.0,1.838,-2.415831540603843
0.0,1.84,-2.4421889030347854
0.0,1.842,-2.468892886519577
0.0,1.844,-2.4959485732071442
0.0,1.846,-2.5233611326741845
0.0,1.848,-2.551135823775767
0.0,1.85,-2.5792779965458013
0.0,1.8519999999999999,-2.607793094148852
0.0,1.854,-2.6366866548850525
0.0,1.8559999999999999,-2.66596431424976
0.0,1.858,-2.6956318070500362
0.0,1.8599999999999999,-2.7256949695794845
0.0,1.862,-2.7561597418538177
0.0,1.8639999999999999,-2.7870321699088456
0.0,1.866,-2.818318408163302
0.0,1.8679999999999999,-2.850024721848539
0.0,1.87,-2.882157489507706
0.0,1.8719999999999999,-2.914723205566215
0.0,1.874,-2.9477284829769608
0.0,1.876,-2.981180055941911
0.0,1.8780000000000001,-3.0150847827136706
0.0,1.88,-3.049449648479249
0.0,1.8820000000000001,-3.0842817683294914
0.0,1.884,-3.1195883903170234
0.0,1.8860000000000001,-3.155376898606177
0.0,1.888,-3.1916548167181253
0.0,1.8900000000000001,-3.2284298108751104
0.0,1.892,-3.265709693447228
0.0,1.8940000000000001,-3.3035024265060158
0.0,1.896,-3.341816125488704
0.0,1.8980000000000001,-3.3806590629777906
0.0,1.9,-3.4200396726002307
0.0,1.9020000000000001,-3.4599665530512995
0.0,1.904,-3.5004484722479585
0.0,1.9060000000000001,-3.5414943716172944
0.0,1.908,-3.583113370525379
0.0,1.9100000000000001,-3.625314770852715
0.0,1.912,-3.6681080617222266
0.0,1.9140000000000001,-3.7115029243866653
0.0,1.916,-3.755509237282043
0.0,1.918,-3.800137081254682
0.0,1.92,-3.8453967449694515
0.0,1.922,-3.8912987305074296
0.0,1.924,-3.937853759161624
0.0,1.926,-3.9850727774398678
0.0,1.928,-4.032966963284667
0.0,1.93,-4.081547732520169
0.0,1.932,-4.130826745537094
0.0,1.934,-4.180815914227363
0.0,1.936,-4.231527409180299
0.0,1.938,-4.2829736671538
0.0,1.94,-4.3351673988338675
0.0,1.942,-4.3881215968973795
0.0,1.944,-4.441849544393558
0.0,1.946,-4.496364823460706
0.0,1.948,-4.5516813243956245
0.0,1.95,-4.607813255094783
0.0,1.952,-4.664775150886618
0.0,1.954,-4.722581884776735
0.0,1.956,-4.781248678127957
0.0,1.958,-4.840791111799955
0.0,1.96,-4.901225137773395
0.0,1.962,-4.962567091286559
0.0,1.964,-5.024833703513112
0.0,1.966,-5.088042114812396
0.0,1.968,-5.152209888585424
0.0,1.97,-5.217355025772024
0.0,1.972,-5.283495980026826
0.0,1.974,-5.35065167361514
0.0,1.976,-5.418841514071126
0.0,1.978,-5.488085411665597
0.0,1.98,-5.558403797732021
0.0,1.982,-5.629817643904539
0.0,1.984,-5.702348482324091
0.0,1.986,-5.776018426874119
0.0,1.988,-5.850850195510423
0.0,1.99,-5.926867133755546
0.0,1.992,-6.004093239432406
0.0,1.994,-6.0825531887176805
0.0,1.996,-6.1622723636012005
0.0,1.998,-6.243276880844552
0.0,2.0,-6.325593622538136
0.0,2.002,-6.409250268364243
0.0,2.004,-6.494275329681302
0.0,2.0060000000000002,-6.5806981855537305
0.0,2.008,-6.668549120861174
0.0,2.01,-6.7578593666310915
0.0,2.012,-6.848661142750256
0.0,2.0140000000000002,-6.940987703223099
0.0,2.016,-7.034873384157922
0.0,2.018,-7.130353654676657
0.0,2.02,-7.227465170959589
0.0,2.0220000000000002,-7.326245833654284
0.0,2.024,-7.426734848896049
0.0,2.026,-7.52897279320857
0.0,2.028,-7.6330016825756175
0.0,2.0300000000000002,-7.738865045999171
0.0,2.032,-7.84660800388674
0.0,2.034,-7.95627735164019
0.0,2.036,-8.067921648850167
0.0,2.0380000000000003,-8.181591314536579
0.0,2.04,-8.297338728914164
0.0,2.042,-8.415218342205346
0.0,2.044,-8.535286791068847
0.0,2.0460000000000003,-8.657603023265745
0.0,2.048,-8.782228431239991
0.0,2.05,-8.909226995354546
0.0,2.052,-9.038665437591813
0.0,2.0540000000000003,-9.17061338660419
0.0,2.056,-9.305143555083443
0.0,2.058,-9.442331930509674
0.0,2.06,-9.58225798044204
0.0,2.0620000000000003,-9.72500487362442
0.0,2.064,-9.870659718302287
0.0,2.066,-10.019313819280399
0.0,2.068,-10.171062955399414
0.0,2.0700000000000003,-10.326007679269818
0.0,2.072,-10.484253641278672
0.0,2.074,-10.64591194007563
0.0,2.076,-10.811099501952587
0.0,2.078,-10.979939491755479
0.0,2.08,-11.152561758207222
0.0,2.082,-11.329103316772954
0.0,2.084,-11.509708873468599
0.0,2.086,-11.694531393283912
0.0,2.088,-11.883732717170961
0.0,2.09,-12.077484231811443
0.0,2.092,-12.275967596622548
0.0,2.094,-12.479375532654684
0.0,2.096,-12.687912678158819
0.0,2.098,-12.901796515597594
0.0,2.1,-13.121258374695424
0.0,2.102,-13.346544515667896
0.0,2.104,-13.577917295930162
0.0,2.106,-13.815656422175433
0.0,2.108,-14.060060287510854
0.0,2.11,-14.311447389993607
0.0,2.112,-14.570157823969417
0.0,2.114,-14.83655482841045
0.0,2.116,-15.111026366070593
0.0,2.118,-15.393986692413339
0.0,2.12,-15.685877852099013
0.0,2.122,-15.987171010737109
0.0,2.124,-16.29836748694832
0.0,2.126,-16.6199992892862
0.0,2.128,-16.952628876802514
0.0,2.13,-17.296847740351744
0.0,2.132,-17.6532732289934
0.0,2.134,-18.02254280051529
0.0,2.136,-18.40530452675181
0.0,2.138,-18.802202190374405
0.0,2.14,-19.213852611566256
0.0,2.142,-19.640811862030837
0.0,2.144,-20.083525660586066
0.0,2.146,-20.542257384685772
0.0,2.148,-21.016984672335404
0.0,2.15,-21.507252508118675
0.0,2.152,-22.01196721309342
0.0,2.154,-22.529112716946283
0.0,2.156,-23.0553699731651
0.0,2.158,-23.58562685612498
0.0,2.16,-24.112387664007777
0.0,2.162,-24.625141356159077
0.0,2.164,-25.109840060399435
0.0,2.166,-25.54877508039658
0.0,2.168,-25.921271085128108
0.0,2.17,-26.205618970612786
0.0,2.172,-26.38233877191754
0.0,2.174,-26.438136146191415
0.0,2.176,-26.369141826008857
0.0,2.178,-26.181934455260706
0.0,2.18,-25.89182143984288
0.0,2.182,-25.51924737054374
0.0,2.184,-25.085910121347915
0.0,2.186,-24.611824617384784
0.0,2.188,-24.11374889477123
0.0,2.19,-23.604752390738184
0.0,2.192,-23.09448195109806
0.0,2.194,-22.589734439327568
0.0,2.196,-22.09508765897553
0.0,2.198,-21.613467256753825
0.0,2.2,-21.146607363896067
0.0,2.202,-20.695403780363904
0.0,2.2039999999999997,-20.26017515099687
0.0,2.206,-19.840851577334774
0.0,2.208,-19.4371086076998
0.0,2.21,-19.048461256006274
0.0,2.2119999999999997,-18.674329283041835
0.0,2.214,-18.314082050411017
0.0,2.216,-17.967068964108044
0.0,2.218,-17.632639807953833
0.0,2.2199999999999998,-17.310158016197466
0.0,2.222,-16.99900903753371
0.0,2.224,-16.698605305525106
0.0,2.226,-16.408388880077638
0.0,2.2279999999999998,-16.12783250720486
0.0,2.23,-15.856439620805736
0.0,2.232,-15.593743652791701
0.0,2.234,-15.339306907012286
0.0,2.2359999999999998,-15.09271917425549
0.0,2.238,-14.853596210463145
0.0,2.24,-14.62157816141496
0.0,2.242,-14.396327989727967
0.0,2.2439999999999998,-14.177529940741753
0.0,2.246,-13.96488807034042
0.0,2.248,-13.758124848334262
0.0,2.25,-13.556979844498668
0.0,2.252,-13.361208499905104
0.0,2.254,-13.170580983178304
0.0,2.2560000000000002,-12.984881129347874
0.0,2.258,-12.80390545772587
0.0,2.26,-12.62746226451808
0.0,2.262,-12.455370785506158
0.0,2.2640000000000002,-12.287460424011286
0.0,2.266,-12.123570039388005
0.0,2.268,-11.963547291441447
0.0,2.27,-11.807248036373663
0.0,2.2720000000000002,-11.654535770115151
0.0,2.274,-11.505281115168057
0.0,2.276,-11.359361347364201
0.0,2.278,-11.21665995921354
0.0,2.2800000000000002,-11.077066256782373
0.0,2.282,-10.940474987291394
0.0,2.284,-10.806785994859705
0.0,2.286,-10.675903902040659
0.0,2.2880000000000003,-10.547737814999095
0.0,2.29,-10.422201050366624
0.0,2.292,-10.299210881984349
0.0,2.294,-10.178688305900149
0.0,2.2960000000000003,-10.060557822130791
0.0,2.298,-9.944747231830979
0.0,2.3,-9.83118744863034
0.0,2.302,-9.719812323008817
0.0,2.3040000000000003,-9.610558478678248
0.0,2.306,-9.503365160029109
0.0,2.308,-9.398174089781351
0.0,2.31,-9.294929336053592
0.0,2.3120000000000003,-9.193577188131313
0.0,2.314,-9.094066040275576
0.0,2.316,-8.996346282970016
0.0,2.318,-8.900370201053603
0.0,2.3200000000000003,-8.806091878232902
0.0,2.322,-8.713467107508949
0.0,2.324,-8.622453307092075
0.0,2.326,-8.533009441412686
0.0,2.3280000000000003,-8.445095946867218
0.0,2.33,-8.35867466196748
0.0,2.332,-8.273708761587589
0.0,2.334,-8.190162695027151
0.0,2.336,-8.10800212763066
0.0,2.338,-8.027193885723182
0.0,2.34,-7.947705904641368
0.0,2.342,-7.869507179654468
0.0,2.344,-7.792567719586644
0.0,2.346,-7.716858502964677
0.0,2.348,-7.642351436529445
0.0,2.35,-7.569019315960018
0.0,2.352,-7.496835788671455
0.0,2.354,-7.425775318556241
0.0,2.356,-7.355813152549548
0.0,2.358,-7.286925288906022
0.0,2.36,-7.219088447084695
0.0,2.362,-7.152280039144604
0.0,2.364,-7.086478142561713
0.0,2.366,-7.021661474382541
0.0,2.368,-6.957809366636765
0.0,2.37,-6.894901742935316
0.0,2.372,-6.832919096186241
0.0,2.374,-6.771842467364225
0.0,2.376,-6.71165342527466
0.0,2.378,-6.652334047256277
0.0,2.38,-6.593866900770639
0.0,2.382,-6.536235025829276
0.0,2.384,-6.479421918213363
0.0,2.386,-6.423411513442595
0.0,2.388,-6.368188171453583
0.0,2.39,-6.313736661949757
0.0,2.392,-6.260042150387744
0.0,2.394,-6.20709018456672
0.0,2.396,-6.154866681789811
0.0,2.398,-6.103357916567927
0.0,2.4,-6.052550508838799
0.0,2.402,-6.002431412674777
0.0,2.404,-5.952987905455452
0.0,2.406,-5.9042075774815705
0.0,2.408,-5.856078322008964
0.0,2.41,-5.808588325681652
0.0,2.412,-5.761726059345111
0.0,2.414,-5.715480269221203
0.0,2.416,-5.669839968427811
0.0,2.418,-5.624794428826655
0.0,2.42,-5.580333173184199
0.0,2.422,-5.536445967630805
0.0,2.424,-5.493122814404735
0.0,2.426,-5.450353944867641
0.0,2.428,-5.40812981277953
0.0,2.43,-5.366441087821291
0.0,2.432,-5.325278649353984
0.0,2.434,-5.284633580404103
0.0,2.436,-5.244497161865251
0.0,2.438,-5.204860866906417
0.0,2.44,-5.165716355578262
0.0,2.442,-5.127055469608617
0.0,2.444,-5.08887022737941
0.0,2.446,-5.051152819077089
0.0,2.448,-5.013895602009512
0.0,2.45,-4.977091096082146
0.0,2.452,-4.940731979427216
0.0,2.454,-4.904811084179302
0.0,2.456,-4.869321392391646
0.0,2.458,-4.834256032087293
0.0,2.46,-4.799608273439827
0.0,2.4619999999999997,-4.765371525078368
0.0,2.464,-4.731539330512088
0.0,2.466,-4.698105364669468
0.0,2.468,-4.665063430547802
0.0,2.4699999999999998,-4.632407455968747
0.0,2.472,-4.600131490435839
0.0,2.474,-4.568229702090052
0.0,2.476,-4.536696374759733
0.0,2.4779999999999998,-4.505525905101297
0.0,2.48,-4.474712799827383
0.0,2.482,-4.444251673019207
0.0,2.484,-4.4141372435199235
0.0,2.4859999999999998,-4.38436433240616
0.0,2.488,-4.354927860534828
0.0,2.49,-4.325822846162476
0.0,2.492,-4.297044402634645
0.0,2.4939999999999998,-4.268587736142662
0.0,2.496,-4.240448143545554
0.0,2.498,-4.212621010254801
0.0,2.5,-4.185101808179655
0.0,2.502,-4.1578860937310065
0.0,2.504,-4.130969505881758
0.0,2.5060000000000002,-4.1043477642818
0.0,2.508,-4.078016667425677
0.0,2.51,-4.0519720908711685
0.0,2.512,-4.026209985507206
0.0,2.5140000000000002,-4.0007263758692835
0.0,2.516,-3.9755173585009453
0.0,2.518,-3.950579100359754
0.0,2.52,-3.925907837266303
0.0,2.5220000000000002,-3.901499872394945
0.0,2.524,-3.8773515748047327
0.0,2.526,-3.8534593780094175
0.0,2.528,-3.8298197785852444
0.0,2.5300000000000002,-3.806429334815269
0.0,2.532,-3.783284665369138
0.0,2.534,-3.760382448017101
0.0,2.536,-3.7377194183773783
0.0,2.5380000000000003,-3.715292368695628
0.0,2.54,-3.6930981466557107
0.0,2.542,-3.6711336542206654
0.0,2.544,-3.6493958465030496
0.0,2.5460000000000003,-3.6278817306637396
0.0,2.548,-3.606588364838333
0.0,2.55,-3.585512857090275
0.0,2.552,-3.5646523643900423
0.0,2.5540000000000003,-3.544004091619467
0.0,2.556,-3.523565290600559
0.0,2.558,-3.503333259148066
0.0,2.56,-3.4833053401450798
0.0,2.5620000000000003,-3.4634789206411005
0.0,2.564,-3.443851430971751
0.0,2.566,-3.424420343899686
0.0,2.568,-3.4051831737759737
0.0,2.5700000000000003,-3.3861374757214895
0.0,2.572,-3.3672808448276155
0.0,2.574,-3.348610915375794
0.0,2.576,-3.3301253600754137
0.0,2.5780000000000003,-3.3118218893195035
0.0,2.58,-3.293698250457686
0.0,2.582,-3.275752227086
0.0,2.584,-3.2579816383531117
0.0,2.5860000000000003,-3.240384338282427
0.0,2.588,-3.222958215109706
0.0,2.59,-3.2057011906357618
0.0,2.592,-3.188611219593838
0.0,2.5940000000000003,-3.1716862890312694
0.0,2.596,-3.154924417705045
0.0,2.598,-3.1383236554908973
0.0,2.6,-3.1218820828055884
0.0,2.6020000000000003,-3.1055978100420436
0.0,2.604,-3.0894689770169474
0.0,2.606,-3.073493752430548
0.0,2.608,-3.0576703333383186
0.0,2.6100000000000003,-3.0419969446341772
0.0,2.612,-3.0264718385449663
0.0,2.614,-3.011093294135889
0.0,2.616,-2.9958596168266904
0.0,2.6180000000000003,-2.9807691379182186
0.0,2.62,-2.965820214129171
0.0,2.622,-2.9510112271427538
0.0,2.624,-2.9363405831629885
0.0,2.6260000000000003,-2.921806712480473
0.0,2.628,-2.9074080690473036
0.0,2.63,-2.8931431300609693
0.0,2.632,-2.879010395556994
0.0,2.6340000000000003,-2.8650083880101325
0.0,2.636,-2.8511356519438484
0.0,2.638,-2.8373907535479495
0.0,2.64,-2.8237722803041203
0.0,2.6420000000000003,-2.8102788406192456
0.0,2.644,-2.7969090634662317
0.0,2.646,-2.783661598032211
0.0,2.648,-2.7705351133739664
0.0,2.6500000000000004,-2.7575282980803766
0.0,2.652,-2.744639859941717
0.0,2.654,-2.731868525625652
0.0,2.6559999999999997,-2.719213040359802
0.0,2.658,-2.70667216762068
0.0,2.66,-2.6942446888288885
0.0,2.662,-2.681929403050412
0.0,2.6639999999999997,-2.669725126703857
0.0,2.666,-2.6576306932735476
0.0,2.668,-2.645644953028285
0.0,2.67,-2.6337667727456884
0.0,2.6719999999999997,-2.621995035441958
0.0,2.674,-2.6103286401069647
0.0,2.676,-2.5987665014445356
0.0,2.678,-2.5873075496177975
0.0,2.6799999999999997,-2.575950729999516
0.0,2.682,-2.5646950029272646
0.0,2.684,-2.553539343463359
0.0,2.686,-2.5424827411594286
0.0,2.6879999999999997,-2.5315241998255216
0.0,2.69,-2.520662737303651
0.0,2.692,-2.5098973852457185
0.0,2.694,-2.4992271888956434
0.0,2.6959999999999997,-2.4886512068756668
0.0,2.698,-2.4781685109767295
0.0,2.7,-2.46777818595284
0.0,2.702,-2.4574793293193147
0.0,2.7039999999999997,-2.4472710511548392
0.0,2.706,-2.43715247390727
0.0,2.708,-2.4271227322030806
0.0,2.71,-2.4171809726603892
0.0,2.7119999999999997,-2.4073263537054683
0.0,2.714,-2.3975580453926977
0.0,2.716,-2.387875229227884
0.0,2.718,-2.378277097994822
0.0,2.7199999999999998,-2.3687628555851195
0.0,2.722,-2.359331716831136
0.0,2.724,-2.3499829073420377
0.0,2.726,-2.3407156633428423
0.0,2.7279999999999998,-2.331529231516456
0.0,2.73,-2.3224228688485664
0.0,2.732,-2.313395842475433
0.0,2.734,-2.3044474295344055
0.0,2.7359999999999998,-2.2955769170171996
0.0,2.738,-2.28678360162584
0.0,2.74,-2.278066789631212
0.0,2.742,-2.26942579673419
0.0,2.7439999999999998,-2.2608599479292613
0.0,2.746,-2.2523685773706315
0.0,2.748,-2.243951028240764
0.0,2.75,-2.235606652621231
0.0,2.752,-2.2273348113659233
0.0,2.754,-2.219134873976559
0.0,2.7560000000000002,-2.2110062184803674
0.0,2.758,-2.2029482313099957
0.0,2.76,-2.194960307185564
0.0,2.762,-2.1870418489988044
0.0,2.7640000000000002,-2.1791922676992797
0.0,2.766,-2.1714109821826173
0.0,2.768,-2.1636974191807283
0.0,2.77,-2.156051013153983
0.0,2.7720000000000002,-2.1484712061852913
0.0,2.774,-2.1409574478760445
0.0,2.776,-2.1335091952439176
0.0,2.778,-2.1261259126224563
0.0,2.7800000000000002,-2.118807071562461
0.0,2.782,-2.111552150735075
0.0,2.784,-2.104360635836599
0.0,2.786,-2.097232019494962
0.0,2.7880000000000003,-2.0901658011778776
0.0,2.79,-2.0831614871025477
0.0,2.792,-2.076218590146996
0.0,2.794,-2.069336629762947
0.0,2.7960000000000003,-2.062515131890227
0.0,2.798,-2.0557536288726466
0.0,2.8,-2.0490516593753894
0.0,2.802,-2.0424087683038072
0.0,2.8040000000000003,-2.035824506723676
0.0,2.806,-2.0292984317827996
0.0,2.808,-2.02283010663401
0.0,2.81,-2.01641910035952
0.0,2.8120000000000003,-2.010064987896564
0.0,2.814,-2.003767349964366
0.0,2.816,-1.9975257729923732
0.0,2.818,-1.9913398490497312
0.0,2.8200000000000003,-1.9852091757760137
0.0,2.822,-1.979133356313147
0.0,2.824,-1.9731119992385056
0.0,2.826,-1.9671447184992188
0.0,2.8280000000000003,-1.961231133347595
0.0,2.83,-1.9553708682776811
0.0,2.832,-1.9495635529629374
0.0,2.834,-1.9438088221949943
0.0,2.8360000000000003,-1.9381063158235035
0.0,2.838,-1.9324556786970184
0.0,2.84,-1.926856560604926
0.0,2.842,-1.9213086162203972
0.0,2.8440000000000003,-1.9158115050443494
0.0,2.846,-1.910364891350386
0.0,2.848,-1.9049684441307035
0.0,2.85,-1.8996218370429672
0.0,2.8520000000000003,-1.8943247483581422
0.0,2.854,-1.889076860909189
0.0,2.856,-1.8838778620407517
0.0,2.858,-1.8787274435596768
0.0,2.8600000000000003,-1.8736253016864557
0.0,2.862,-1.8685711370075135
0.0,2.864,-1.8635646544283584
0.0,2.866,-1.8586055631275795
0.0,2.8680000000000003,-1.8536935765116724
0.0,2.87,-1.848828412170659
0.0,2.872,-1.8440097918345577
0.0,2.874,-1.8392374413305943
0.0,2.8760000000000003,-1.8345110905412298
0.0,2.878,-1.8298304733629402
0.0,2.88,-1.8251953276657567
0.0,2.882,-1.8206053952535477
0.0,2.8840000000000003,-1.8160604218250538
0.0,2.886,-1.8115601569356192
0.0,2.888,-1.8071043539596607
0.0,2.89,-1.8026927700538313
0.0,2.8920000000000003,-1.7983251661208755
0.0,2.894,-1.7940013067741845
0.0,2.896,-1.7897209603029967
0.0,2.898,-1.7854838986382957
0.0,2.9000000000000004,-1.781289897319343
0.0,2.902,-1.7771387354608803
0.0,2.904,-1.7730301957209287
0.0,2.906,-1.7689640642692817
0.0,2.908,-1.7649401307565593
0.0,2.91,-1.760958188283911
0.0,2.912,-1.7570180333733234
0.0,2.9139999999999997,-1.7531194659384979
0.0,2.916,-1.74926228925637
0.0,2.918,-1.7454463099391573
0.0,2.92,-1.7416713379070252
0.0,2.9219999999999997,-1.737937186361297
0.0,2.924,-1.734243671758228
0.0,2.926,-1.7305906137833689
0.0,2.928,-1.726977835326422
0.0,2.9299999999999997,-1.723405162456688
0.0,2.932,-1.7198724243990204
0.0,2.934,-1.716379453510325
0.0,2.936,-1.7129260852565829
0.0,2.9379999999999997,-1.7095121581903905
0.0,2.94,-1.7061375139289843
0.0,2.942,-1.7028019971328436
0.0,2.944,-1.6995054554847167
0.0,2.9459999999999997,-1.6962477396691926
0.0,2.948,-1.6930287033527402
0.0,2.95,-1.6898482031642632
0.0,2.952,-1.686706098676091
0.0,2.9539999999999997,-1.6836022523855
0.0,2.956,-1.6805365296966621
0.0,2.958,-1.6775087989030968
0.0,2.96,-1.674518931170558
0.0,2.9619999999999997,-1.6715668005203945
0.0,2.964,-1.6686522838133873
0.0,2.966,-1.6657752607339782
0.0,2.968,-1.6629356137750297
0.0,2.9699999999999998,-1.6601332282229484
0.0,2.972,-1.6573679921433058
0.0,2.974,-1.6546397963668702
0.0,2.976,-1.6519485344760778
0.0,2.9779999999999998,-1.6492941027919379
0.0,2.98,-1.64667640036136
0.0,2.982,-1.6440953289449114
0.0,2.984,-1.641550793004991
0.0,2.9859999999999998,-1.6390426996944274
0.0,2.988,-1.6365709588454782
0.0,2.99,-1.6341354829592758
0.0,2.992,-1.6317361871956466
0.0,2.9939999999999998,-1.629372989363356
0.0,2.996,-1.6270458099107619
0.0,2.998,-1.6247545719168772
0.0,3.0,-1.622499201082819
0.0,3.002,-1.6202796257236591
0.0,3.004,-1.6180957767606952
0.0,3.0060000000000002,-1.615947587714083
0.0,3.008,-1.6138349946959132
0.0,3.01,-1.6117579364036083
0.0,3.012,-1.6097163541137975
0.0,3.0140000000000002,-1.607710191676511
0.0,3.016,-1.6057393955097994
0.0,3.018,-1.6038039145947351
0.0,3.02,-1.6019037004707946
0.0,3.0220000000000002,-1.6000387072316293
0.0,3.024,-1.5982088915212287
0.0,3.026,-1.5964142125304468
0.0,3.028,-1.59465463199394
0.0,3.0300000000000002,-1.5929301141874679
0.0,3.032,-1.5912406259255782
0.0,3.034,-1.589586136559681
0.0,3.036,-1.5879666179764982
0.0,3.0380000000000003,-1.5863820445968964
0.0,3.04,-1.5848323933751005
0.0,3.042,-1.5833176437982874
0.0,3.044,-1.5818377778865547
0.0,3.0460000000000003,-1.580392780193286
0.0,3.048,-1.5789826378058804
0.0,3.05,-1.5776073403468793
0.0,3.052,-1.5762668799754433
0.0,3.0540000000000003,-1.5749612513892681
0.0,3.056,-1.5736904518268164
0.0,3.058,-1.5724544810699816
0.0,3.06,-1.5712533414471175
0.0,3.0620000000000003,-1.570087037836458
0.0,3.064,-1.5689555776699071
0.0,3.066,-1.5678589709372424
0.0,3.068,-1.5667972301906783
0.0,3.0700000000000003,-1.565770370549847
0.0,3.072,-1.564778409707141
0.0,3.074,-1.5638213679334643
0.0,3.076,-1.5628992680843838
0.0,3.0780000000000003,-1.5620121356066505
0.0,3.08,-1.5611599985451365
0.0,3.082,-1.5603428875501837
0.0,3.084,-1.5595608358852895
0.0,3.0860000000000003,-1.5588138794352933
0.0,3.088,-1.558102056714878
0.0,3.09,-1.5574254088775188
0.0,3.092,-1.5567839797248342
0.0,3.0940000000000003,-1.556177815716364
0.0,3.096,-1.5556069659797154
0.0,3.098,-1.5550714823211753
0.0,3.1,-1.5545714192367082
0.0,3.1020000000000003,-1.554106833923394
0.0,3.104,-1.5536777862912652
0.0,3.106,-1.5532843389756041
0.0,3.108,-1.552926557349651
0.0,3.1100000000000003,-1.552604509537728
0.0,3.112,-1.5523182664288449
0.0,3.114,-1.5520679016906913
0.0,3.116,-1.5518534917841253
0.0,3.1180000000000003,-1.5516751159780484
0.0,3.12,-1.5515328563647914
0.0,3.122,-1.5514267978759175
0.0,3.124,-1.5513570282984788
0.0,3.1260000000000003,-1.5513236382917688
0.0,3.128,-1.5513267214045086
0.0,3.13,-1.5513663740925128
0.0,3.132,-1.5514426957368366
0.0,3.1340000000000003,-1.5515557886623883
0.0,3.136,-1.5517057581570481
0.0,3.138,-1.5518927124912565
0.0,3.14,-1.5521167629380868
0.0,3.1420000000000003,-1.5523780237938483
0.0,3.144,-1.552676612399163
0.0,3.146,-1.553012649160563
0.0,3.148,-1.5533862575725996
0.0,3.1500000000000004,-1.5537975642404795
0.0,3.152,-1.5542466989032009
0.0,3.154,-1.554733794457258
0.0,3.156,-1.5552589869808404
0.0,3.1580000000000004,-1.5558224157586134
0.0,3.16,-1.5564242233070171
0.0,3.162,-1.5570645554001314
0.0,3.164,-1.5577435610961108
0.0,3.166,-1.5584613927641695
0.0,3.168,-1.5592182061121551
0.0,3.17,-1.5600141602146955
0.0,3.1719999999999997,-1.5608494175419287
0.0,3.174,-1.5617241439888552
0.0,3.176,-1.5626385089052455
0.0,3.178,-1.5635926851262163
0.0,3.1799999999999997,-1.564586849003359
0.0,3.182,-1.5656211804365632
0.0,3.184,-1.5666958629064032
0.0,3.186,-1.5678110835072245
0.0,3.1879999999999997,-1.5689670329808547
0.0,3.19,-1.570163905750953
0.0,3.192,-1.5714018999580728
0.0,3.194,-1.5726812174953557
0.0,3.1959999999999997,-1.5740020640449346
0.0,3.198,-1.57536464911503
0.0,3.2,-1.5767691860777249
0.0,3.202,-1.5782158922074911
0.0,3.2039999999999997,-1.5797049887204027
0.0,3.206,-1.5812367008140924
0.0,3.208,-1.582811257708463
0.0,3.21,-1.5844288926871357
0.0,3.2119999999999997,-1.586089843139664
0.0,3.214,-1.58779435060452
0.0,3.216,-1.5895426608128715
0.0,3.218,-1.5913350237331487
0.0,3.2199999999999998,-1.5931716936164273
0.0,3.222,-1.5950529290425985
0.0,3.224,-1.5969789929674147
0.0,3.226,-1.598950152770343
0.0,3.2279999999999998,-1.6009666803032863
0.0,3.23,-1.6030288519401665
0.0,3.232,-1.6051369486273805
0.0,3.234,-1.6072912559351769
0.0,3.2359999999999998,-1.6094920641098853
0.0,3.238,-1.611739668127123
0.0,3.24,-1.6140343677458846
0.0,3.242,-1.6163764675636105
0.0,3.2439999999999998,-1.6187662770722002
0.0,3.246,-1.6212041107149955
0.0,3.248,-1.6236902879447674
0.0,3.25,-1.626225133282693
0.0,3.252,-1.6288089763783646
0.0,3.254,-1.6314421520708213
0.0,3.2560000000000002,-1.6341250004506234
0.0,3.258,-1.6368578669230327
0.0,3.26,-1.6396411022722226
0.0,3.262,-1.642475062726617
0.0,3.2640000000000002,-1.645360110025353
0.0,3.266,-1.6482966114858466
0.0,3.268,-1.6512849400725413
0.0,3.27,-1.6543254744668006
0.0,3.2720000000000002,-1.6574185991380088
0.0,3.274,-1.6605647044158416
0.0,3.276,-1.66376418656382
0.0,3.278,-1.6670174478540434
0.0,3.2800000000000002,-1.670324896643225
0.0,3.282,-1.6736869474499994
0.0,3.284,-1.6771040210335262
0.0,3.286,-1.6805765444734322
0.0,3.2880000000000003,-1.6841049512510862
0.0,3.29,-1.6876896813322284
0.0,3.292,-1.691331181251017
0.0,3.294,-1.6950299041954533
0.0,3.2960000000000003,-1.6987863100942644
0.0,3.298,-1.7026008657052145
0.0,3.3,-1.7064740447049043
0.0,3.302,-1.7104063277801003
0.0,3.3040000000000003,-1.7143982027205198
0.0,3.306,-1.718450164513239
0.0,3.308,-1.7225627154386347
0.0,3.31,-1.726736365167929
0.0,3.3120000000000003,-1.7309716308623715
0.0,3.314,-1.735269037274057
0.0,3.316,-1.7396291168484463
0.0,3.318,-1.7440524098285481
0.0,3.3200000000000003,-1.7485394643608925
0.0,3.322,-1.753090836603202
0.0,3.324,-1.757707090833906
0.0,3.326,-1.762388799563432
0.0,3.3280000000000003,-1.7671365436473676
0.0,3.33,-1.771950912401492
0.0,3.332,-1.7768325037187158
0.0,3.334,-1.7817819241879524
0.0,3.3360000000000003,-1.7867997892149645
0.0,3.338,-1.7918867231452213
0.0,3.34,-1.7970433593887685
0.0,3.342,-1.8022703405471885
0.0,3.3440000000000003,-1.8075683185426326
0.0,3.346,-1.8129379547490232
0.0,3.348,-1.8183799201253947
0.0,3.35,-1.8238948953514509
0.0,3.3520000000000003,-1.8294835709653672
0.0,3.354,-1.8351466475038558
0.0,3.356,-1.8408848356445606
0.0,3.358,-1.8466988563507927
0.0,3.3600000000000003,-1.8525894410186483
0.0,3.362,-1.8585573316265724
0.0,3.364,-1.864603280887375
0.0,3.366,-1.8707280524027714
0.0,3.3680000000000003,-1.8769324208204339
0.0,3.37,-1.883217171993675
0.0,3.372,-1.8895831031437407
0.0,3.374,-1.8960310230247814
0.0,3.3760000000000003,-1.9025617520915261
0.0,3.378,-1.9091761226697346
0.0,3.38,-1.9158749791294525
0.0,3.382,-1.922659178061112
0.0,3.3840000000000003,-1.9295295884545194
0.0,3.386,-1.9364870918807966
0.0,3.388,-1.9435325826773175
0.0,3.39,-1.9506669681356739
0.0,3.3920000000000003,-1.9578911686927207
0.0,3.394,-1.965206118124769
0.0,3.396,-1.9726127637449677
0.0,3.398,-1.980112066603906
0.0,3.4000000000000004,-1.9877050016935216
0.0,3.402,-1.9953925581543315
0.0,3.404,-2.003175739486082
0.0,3.406,-2.0110555637618246
0.0,3.4080000000000004,-2.0190330638454945
0.0,3.41,-2.027109287613057
0.0,3.412,-2.035285298177272
0.0,3.414,-2.0435621741161145
0.0,3.4160000000000004,-2.0519410097049136
0.0,3.418,-2.0604229151523237
0.0,3.42,-2.069009016840078
0.0,3.4219999999999997,-2.077700457566708
0.0,3.424,-2.0864983967951805
0.0,3.426,-2.0954040109045895
0.0,3.428,-2.1044184934459227
0.0,3.4299999999999997,-2.113543055402002
0.0,3.432,-2.122778925451612
0.0,3.434,-2.1321273502379254
0.0,3.436,-2.1415895946412737
0.0,3.4379999999999997,-2.1511669420563244
0.0,3.44,-2.1608606946737487
0.0,3.442,-2.1706721737663988
0.0,3.444,-2.1806027199801603
0.0,3.4459999999999997,-2.190653693629426
0.0,3.448,-2.2008264749973723
0.0,3.45,-2.2111224646410044
0.0,3.452,-2.221543083701154
0.0,3.4539999999999997,-2.2320897742174015
0.0,3.456,-2.2427639994480555
0.0,3.458,-2.2535672441952257
0.0,3.46,-2.264501015135098
0.0,3.4619999999999997,-2.275566841153467
0.0,3.464,-2.286766273686584
0.0,3.466,-2.298100887067437
0.0,3.468,-2.309572278877488
0.0,3.4699999999999998,-2.3211820703040136
0.0,3.472,-2.332931906503031
0.0,3.474,-2.3448234569679887
0.0,3.476,-2.356858415904206
0.0,3.4779999999999998,-2.3690385026092295
0.0,3.48,-2.3813654618591
0.0,3.482,-2.3938410643006685
0.0,3.484,-2.4064671068500005
0.0,3.4859999999999998,-2.4192454130970145
0.0,3.488,-2.4321778337163344
0.0,3.49,-2.4452662468844917
0.0,3.492,-2.458512558703594
0.0,3.4939999999999998,-2.4719187036314625
0.0,3.496,-2.4854866449183666
0.0,3.498,-2.499218375050405
0.0,3.5,-2.5131159161996557
5.0,1.5,-0.596569870805539
5.0,1.502,-0.6001712235740474
5.0,1.504,-0.6038181879496678
5.0,1.506,-0.6075112839996438
5.0,1.508,-0.6112510387511282
5.0,1.51,-0.6150379862958972
5.0,1.512,-0.6188726678967563
5.0,1.514,-0.6227556320957454
5.0,1.516,-0.6266874348241089
5.0,1.518,-0.6306686395141116
5.0,1.52,-0.634699817212689
5.0,1.522,-0.6387815466970028
5.0,1.524,-0.6429144145919155
5.0,1.526,-0.6470990154894183
5.0,1.528,-0.6513359520700546
5.0,1.53,-0.6556258352263888
5.0,1.532,-0.6599692841885024
5.0,1.534,-0.6643669266516626
5.0,1.536,-0.6688193989060364
5.0,1.538,-0.673327345968685
5.0,1.54,-0.6778914217176819
5.0,1.542,-0.6825122890285885
5.0,1.544,-0.6871906199131551
5.0,1.546,-0.6919270956604163
5.0,1.548,-0.6967224069800979
5.0,1.55,-0.701577254148621
5.0,1.552,-0.7064923471572875
5.0,1.554,-0.7114684058633675
5.0,1.556,-0.7165061601433885
5.0,1.558,-0.7216063500493198
5.0,1.56,-0.7267697259671884
5.0,1.562,-0.7319970487785993
5.0,1.564,-0.7372890900249341
5.0,1.566,-0.7426466320742887
5.0,1.568,-0.7480704682914558
5.0,1.57,-0.7535614032105995
5.0,1.572,-0.7591202527111744
5.0,1.574,-0.7647478441965567
5.0,1.576,-0.7704450167760418
5.0,1.578,-0.7762126214498009
5.0,1.58,-0.7820515212971485
5.0,1.582,-0.7879625916679528
5.0,1.584,-0.7939467203775721
5.0,1.586,-0.800004807904895
5.0,1.588,-0.8061377675940422
5.0,1.59,-0.8123465258595554
5.0,1.592,-0.8186320223950773
5.0,1.594,-0.82499521038576
5.0,1.596,-0.8314370567243906
5.0,1.598,-0.8379585422311613
5.0,1.6,-0.844560661877578
5.0,1.602,-0.851244425014071
5.0,1.604,-0.8580108556015985
5.0,1.606,-0.864860992447629
5.0,1.608,-0.8717958894459744
5.0,1.61,-0.8788166158209063
5.0,1.612,-0.8859242563758818
5.0,1.614,-0.8931199117462607
5.0,1.616,-0.9004046986568979
5.0,1.618,-0.9077797501841738
5.0,1.62,-0.9152462160225205
5.0,1.6219999999999999,-0.9228052627560791
5.0,1.624,-0.9304580741348568
5.0,1.626,-0.9382058513562443
5.0,1.6280000000000001,-0.9460498133510558
5.0,1.63,-0.9539911970751922
5.0,1.6320000000000001,-0.9620312578064155
5.0,1.634,-0.9701712694463309
5.0,1.6360000000000001,-0.9784125248279367
5.0,1.638,-0.9867563360289298
5.0,1.6400000000000001,-0.9952040346905058
5.0,1.642,-1.0037569723418103
5.0,1.6440000000000001,-1.0124165207306113
5.0,1.646,-1.0211840721598844
5.0,1.648,-1.0300610398305805
5.0,1.65,-1.0390488581906754
5.0,1.652,-1.0481489832903876
5.0,1.654,-1.0573628931445085
5.0,1.656,-1.0666920881007242
5.0,1.658,-1.0761380912153957
5.0,1.66,-1.0857024486357707
5.0,1.662,-1.0953867299895292
5.0,1.664,-1.105192528781608
5.0,1.666,-1.1151214627985389
5.0,1.668,-1.1251751745197272
5.0,1.67,-1.1353553315372873
5.0,1.672,-1.1456636269832086
5.0,1.674,-1.1561017799646194
5.0,1.676,-1.1666715360073605
5.0,1.678,-1.177374667508063
5.0,1.68,-1.1882129741943497
5.0,1.682,-1.1991882835942516
5.0,1.684,-1.2103024515144303
5.0,1.686,-1.221557362527244
5.0,1.688,-1.2329549304675624
5.0,1.69,-1.2444970989387996
5.0,1.692,-1.2561858418288196
5.0,1.694,-1.2680231638356805
5.0,1.696,-1.2800111010037627
5.0,1.698,-1.2921517212700366
5.0,1.7,-1.3044471250210639
5.0,1.702,-1.316899445660937
5.0,1.704,-1.3295108501901733
5.0,1.706,-1.3422835397961506
5.0,1.708,-1.355219750454871
5.0,1.71,-1.3683217535449985
5.0,1.712,-1.381591856473604
5.0,1.714,-1.3950324033147685
5.0,1.716,-1.4086457754605592
5.0,1.718,-1.422434392285332
5.0,1.72,-1.4364007118228883
5.0,1.722,-1.4505472314579992
5.0,1.724,-1.4648764886308792
5.0,1.726,-1.479391061557074
5.0,1.728,-1.4940935699611237
5.0,1.73,-1.5089866758254282
5.0,1.732,-1.5240730841547214
5.0,1.734,-1.5393555437557502
5.0,1.736,-1.5548368480339585
5.0,1.738,-1.5705198358052601
5.0,1.74,-1.5864073921261537
5.0,1.742,-1.6025024491403816
5.0,1.744,-1.6188079869432106
5.0,1.746,-1.6353270344647106
5.0,1.748,-1.6520626703706847
5.0,1.75,-1.6690180239837538
5.0,1.752,-1.686196276223257
5.0,1.754,-1.703600660565857
5.0,1.756,-1.721234464026535
5.0,1.758,-1.7391010281609125
5.0,1.76,-1.7572037500894477
5.0,1.762,-1.775546083543651
5.0,1.764,-1.794131539935855
5.0,1.766,-1.8129636894520167
5.0,1.768,-1.8320461621691608
5.0,1.77,-1.8513826491973497
5.0,1.772,-1.8709769038475341
5.0,1.774,-1.8908327428257725
5.0,1.776,-1.9109540474542857
5.0,1.778,-1.9313447649202578
5.0,1.78,-1.9520089095535886
5.0,1.782,-1.9729505641338887
5.0,1.784,-1.9941738812276872
5.0,1.786,-2.015683084556959
5.0,1.788,-2.0374824703998815
5.0,1.79,-2.0595764090241166
5.0,1.792,-2.0819693461550366
5.0,1.794,-2.104665804478168
5.0,1.796,-2.127670385178348
5.0,1.798,-2.15098776951609
5.0,1.8,-2.17462272044201
5.0,1.802,-2.198580084251524
5.0,1.804,-2.2228647922800966
5.0,1.806,-2.2474818626406967
5.0,1.808,-2.272436402005104
5.0,1.81,-2.2977336074297705
5.0,1.812,-2.3233787682287965
5.0,1.814,-2.3493772678944884
5.0,1.816,-2.3757345860676233
5.0,1.818,-2.402456300559436
5.0,1.82,-2.4295480894261825
5.0,1.822,-2.4570157330989706
5.0,1.824,-2.48486511657031
5.0,1.826,-2.5131022316396505
5.0,1.828,-2.5417331792197713
5.0,1.83,-2.570764171706201
5.0,1.832,-2.600201535412234
5.0,1.834,-2.630051713071859
5.0,1.836,-2.66032126641268
5.0,1.838,-2.691016878802235
5.0,1.84,-2.722145357969532
5.0,1.842,-2.753713638805804
5.0,1.844,-2.785728786246401
5.0,1.846,-2.8181979982376864
5.0,1.848,-2.851128608792223
5.0,1.85,-2.8845280911353517
5.0,1.8519999999999999,-2.9184040609473016
5.0,1.854,-2.952764279704436
5.0,1.8559999999999999,-2.987616658123775
5.0,1.858,-3.022969259715029
5.0,1.8599999999999999,-3.0588303044446254
5.0,1.862,-3.0952081725166347
5.0,1.8639999999999999,-3.1321114082752235
5.0,1.866,-3.1695487242343034
5.0,1.8679999999999999,-3.2075290052394703
5.0,1.87,-3.246061312768458
5.0,1.8719999999999999,-3.285154889375897
5.0,1.874,-3.3248191632891677
5.0,1.876,-3.365063753161917
5.0,1.8780000000000001,-3.405898472992664
5.0,1.88,-3.447333337215919
5.0,1.8820000000000001,-3.48937856597416
5.0,1.884,-3.5320445905787863
5.0,1.8860000000000001,-3.5753420591694764
5.0,1.888,-3.6192818425811106
5.0,1.8900000000000001,-3.6638750404286218
5.0,1.892,-3.709132987420235
5.0,1.8940000000000001,-3.7550672599106028
5.0,1.896,-3.801689682705583
5.0,1.8980000000000001,-3.8490123361316537
5.0,1.9,-3.897047563383106
5.0,1.9020000000000001,-3.9458079781616675
5.0,1.904,-3.995306472623352
5.0,1.9060000000000001,-4.0455562256490545
5.0,1.908,-4.0965707114556125
5.0,1.9100000000000001,-4.148363708565884
5.0,1.912,-4.200949309156882
5.0,1.9140000000000001,-4.2543419288068645
5.0,1.916,-4.308556316663008
5.0,1.918,-4.363607566053196
5.0,1.92,-4.419511125566665
5.0,1.922,-4.476282810630108
5.0,1.924,-4.533938815607314
5.0,1.926,-4.592495726452781
5.0,1.928,-4.651970533951086
5.0,1.93,-4.712380647576817
5.0,1.932,-4.773743910011435
5.0,1.934,-4.836078612356409
5.0,1.936,-4.899403510084803
5.0,1.938,-4.963737839776054
5.0,1.94,-5.029101336682075
5.0,1.942,-5.0955142531764785
5.0,1.944,-5.1629973781417675
5.0,1.946,-5.231572057354493
5.0,1.948,-5.30126021493119
5.0,1.95,-5.372084375904286
5.0,1.952,-5.444067690000846
5.0,1.954,-5.517233956703629
5.0,1.956,-5.591607651679309
5.0,1.958,-5.667213954665444
5.0,1.96,-5.744078778915115
5.0,1.962,-5.822228802305515
5.0,1.964,-5.9016915002254065
5.0,1.966,-5.98249518036582
5.0,1.968,-6.06466901954796
5.0,1.97,-6.148243102733318
5.0,1.972,-6.233248464373596
5.0,1.974,-6.319717132270348
5.0,1.976,-6.407682174129333
5.0,1.978,-6.497177747009667
5.0,1.98,-6.5882391498863875
5.0,1.982,-6.680902879562417
5.0,1.984,-6.7752066901888055
5.0,1.986,-6.871189656673646
5.0,1.988,-6.9688922422867625
5.0,1.99,-7.068356370794544
5.0,1.992,-7.169625503491577
5.0,1.994,-7.272744721528869
5.0,1.996,-7.377760813978449
5.0,1.998,-7.484722372114815
5.0,2.0,-7.593679890442997
5.0,2.002,-7.704685875053712
5.0,2.004,-7.817794959946626
5.0,2.0060000000000002,-7.9330640320267385
5.0,2.008,-8.05055236555396
5.0,2.01,-8.17032176690673
5.0,2.012,-8.292436730613762
5.0,2.0140000000000002,-8.416964607710938
5.0,2.016,-8.543975787598848
5.0,2.018,-8.673543894705965
5.0,2.02,-8.805746001413297
5.0,2.0220000000000002,-8.940662858863952
5.0,2.024,-9.0783791474734
5.0,2.026,-9.218983749172338
5.0,2.028,-9.362570043663057
5.0,2.0300000000000002,-9.509236231252453
5.0,2.032,-9.65908568514839
5.0,2.034,-9.812227336477362
5.0,2.036,-9.968776095707243
5.0,2.0380000000000003,-10.128853314650579
5.0,2.04,-10.292587293790236
5.0,2.042,-10.460113840328102
5.0,2.044,-10.631576883116498
5.0,2.0460000000000003,-10.807129151523249
5.0,2.048,-10.986932926315749
5.0,2.05,-11.171160871863169
5.0,2.052,-11.359996960382148
5.0,2.0540000000000003,-11.553637500630208
5.0,2.056,-11.752292285437612
5.0,2.058,-11.956185874824325
5.0,2.06,-12.165559034252713
5.0,2.0620000000000003,-12.380670350919356
5.0,2.064,-12.601798055010056
5.0,2.066,-12.829242077685656
5.0,2.068,-13.063326383422796
5.0,2.0700000000000003,-13.304401621451774
5.0,2.072,-13.5528481497177
5.0,2.074,-13.809079495440141
5.0,2.076,-14.073546329465469
5.0,2.078,-14.346741047862515
5.0,2.08,-14.629203074446655
5.0,2.082,-14.921525023259301
5.0,2.084,-15.224359891951806
5.0,2.086,-15.538429497462564
5.0,2.088,-15.864534416949681
5.0,2.09,-16.2035657631185
5.0,2.092,-16.55651920858007
5.0,2.094,-16.924511785069704
5.0,2.096,-17.308802128970726
5.0,2.098,-17.71081503655884
5.0,2.1,-18.132171447152782
5.0,2.102,-18.57472531247062
5.0,2.104,-19.040609266858432
5.0,2.106,-19.532291627394734
5.0,2.108,-20.05264808004352
5.0,2.11,-20.605052515888133
5.0,2.112,-21.193492942565086
5.0,2.114,-21.822720254703274
5.0,2.116,-22.498439819734703
5.0,2.118,-23.22755782754415
5.0,2.12,-24.018494480230693
5.0,2.122,-24.881569331752548
5.0,2.124,-25.8294359696852
5.0,2.126,-26.87745227331794
5.0,2.128,-28.043597792622805
5.0,2.13,-29.34673329626749
5.0,2.132,-30.799588062125906
5.0,2.134,-32.38610523309657
5.0,2.136,-33.998191382177566
5.0,2.138,-35.310585634110545
5.0,2.14,-35.763746844723535
5.0,2.142,-35.082361960742
5.0,2.144,-33.67478140057893
5.0,2.146,-32.06890859126509
5.0,2.148,-30.527603106581086
5.0,2.15,-29.12855979735875
5.0,2.152,-27.87758593958219
5.0,2.154,-26.759352824608147
5.0,2.156,-25.754864778369885
5.0,2.158,-24.84668355972645
5.0,2.16,-24.020093428445524
5.0,2.162,-23.263015940734924
5.0,2.164,-22.565605130721764
5.0,2.166,-21.91981913217201
5.0,2.168,-21.319051126248247
5.0,2.17,-20.75783254986709
5.0,2.172,-20.231600563323866
5.0,2.174,-19.736517388351324
5.0,2.176,-19.269329956506155
5.0,2.178,-18.827260427834585
5.0,2.18,-18.407920261231425
5.0,2.182,-18.009242284617212
5.0,2.184,-17.629426586417857
5.0,2.186,-17.266897086120657
5.0,2.188,-16.920266413925788
5.0,2.19,-16.58830730288786
5.0,2.192,-16.269929123092467
5.0,2.194,-15.964158505362406
5.0,2.196,-15.6701232404438
5.0,2.198,-15.387038819593053
5.0,2.2,-15.114197119188642
5.0,2.202,-14.850956836562908
5.0,2.2039999999999997,-14.596735364764875
5.0,2.206,-14.351001856398899
5.0,2.208,-14.113271275396881
5.0,2.21,-13.883099273853423
5.0,2.2119999999999997,-13.660077761289616
5.0,2.214,-13.443831057758853
5.0,2.216,-13.234012541430415
5.0,2.218,-13.03030171674828
5.0,2.2199999999999998,-12.832401641757649
5.0,2.222,-12.640036663346025
5.0,2.224,-12.45295041743381
5.0,2.226,-12.270904057951185
5.0,2.2279999999999998,-12.093674684039929
5.0,2.23,-11.921053939558394
5.0,2.232,-11.752846762818628
5.0,2.234,-11.588870267702536
5.0,2.2359999999999998,-11.428952739995994
5.0,2.238,-11.27293273504306
5.0,2.24,-11.120658264733876
5.0,2.242,-10.971986063455223
5.0,2.2439999999999998,-10.826780924005488
5.0,2.246,-10.684915095647336
5.0,2.248,-10.546267737469748
5.0,2.25,-10.410724421087213
5.0,2.252,-10.278176677442254
5.0,2.254,-10.148521583110588
5.0,2.2560000000000002,-10.021661382057914
5.0,2.258,-9.897503139270704
5.0,2.26,-9.775958423098846
5.0,2.262,-9.65694301350439
5.0,2.2640000000000002,-9.540376633726616
5.0,2.266,-9.426182703145724
5.0,2.268,-9.314288109369587
5.0,2.27,-9.20462299777802
5.0,2.2720000000000002,-9.097120576945013
5.0,2.274,-8.991716938522783
5.0,2.276,-8.888350890317415
5.0,2.278,-8.786963801412416
5.0,2.2800000000000002,-8.687499458311425
5.0,2.282,-8.589903931170907
5.0,2.284,-8.494125449284637
5.0,2.286,-8.40011428506142
5.0,2.2880000000000003,-8.30782264580818
5.0,2.29,-8.217204572695533
5.0,2.292,-8.128215846339511
5.0,2.294,-8.040813898484338
5.0,2.2960000000000003,-7.954957729317713
5.0,2.298,-7.870607829990713
5.0,2.3,-7.787726109952665
5.0,2.302,-7.706275828743908
5.0,2.3040000000000003,-7.626221531921006
5.0,2.306,-7.547528990815015
5.0,2.308,-7.470165145849297
5.0,2.31,-7.3940980531658305
5.0,2.3120000000000003,-7.319296834328672
5.0,2.314,-7.245731628892563
5.0,2.316,-7.173373549641116
5.0,2.318,-7.102194640314801
5.0,2.3200000000000003,-7.032167835662277
5.0,2.322,-6.963266923662287
5.0,2.324,-6.895466509773999
5.0,2.326,-6.828741983085416
5.0,2.3280000000000003,-6.763069484238326
5.0,2.33,-6.698425875017769
5.0,2.332,-6.6347887095017555
5.0,2.334,-6.572136206675184
5.0,2.336,-6.510447224418018
5.0,2.338,-6.449701234784412
5.0,2.34,-6.3898783004959006
5.0,2.342,-6.330959052575943
5.0,2.344,-6.272924669059461
5.0,2.346,-6.215756854714273
5.0,2.348,-6.159437821716671
5.0,2.35,-6.103950271226343
5.0,2.352,-6.049277375810268
5.0,2.354,-5.995402762667762
5.0,2.356,-5.942310497612756
5.0,2.358,-5.889985069771359
5.0,2.36,-5.838411376956336
5.0,2.362,-5.787574711681664
5.0,2.364,-5.737460747783539
5.0,2.366,-5.6880555276153775
5.0,2.368,-5.639345449787281
5.0,2.37,-5.591317257421365
5.0,2.372,-5.543958026896822
5.0,2.374,-5.4972551570596355
5.0,2.376,-5.451196358873657
5.0,2.378,-5.405769645490929
5.0,2.38,-5.360963322720698
5.0,2.382,-5.316765979877349
5.0,2.384,-5.273166480989166
5.0,2.386,-5.2301539563502
5.0,2.388,-5.187717794399296
5.0,2.39,-5.145847633910348
5.0,2.392,-5.10453335647973
5.0,2.394,-5.063765079296574
5.0,2.396,-5.023533148183321
5.0,2.398,-4.983828130893853
5.0,2.4,-4.944640810657901
5.0,2.402,-4.905962179960286
5.0,2.404,-4.8677834345449735
5.0,2.406,-4.830095967633604
5.0,2.408,-4.792891364349553
5.0,2.41,-4.7561613963381735
5.0,2.412,-4.719898016575163
5.0,2.414,-4.6840933543547605
5.0,2.416,-4.648739710450352
5.0,2.418,-4.613829552440095
5.0,2.42,-4.5793555101908625
5.0,2.422,-4.54531037149379
5.0,2.424,-4.511687077845405
5.0,2.426,-4.4784787203682415
5.0,2.428,-4.445678535865486
5.0,2.43,-4.413279903004169
5.0,2.432,-4.381276338621879
5.0,2.434,-4.349661494152082
5.0,2.436,-4.318429152163496
5.0,2.438,-4.287573223008975
5.0,2.44,-4.2570877415798325
5.0,2.442,-4.226966864161435
5.0,2.444,-4.197204865386388
5.0,2.446,-4.1677961352814545
5.0,2.448,-4.138735176404928
5.0,2.45,-4.110016601070855
5.0,2.452,-4.081635128657198
5.0,2.454,-4.053585582994563
5.0,2.456,-4.025862889832875
5.0,2.458,-3.9984620743829358
5.0,2.46,-3.971378258930378
5.0,2.4619999999999997,-3.944606660519324
5.0,2.464,-3.9181425887033345
5.0,2.466,-3.8919814433613444
5.0,2.468,-3.866118712576207
5.0,2.4699999999999998,-3.8405499705737887
5.0,2.472,-3.8152708757204827
5.0,2.474,-3.7902771685772074
5.0,2.476,-3.7655646700078877
5.0,2.4779999999999998,-3.7411292793406474
5.0,2.48,-3.7169669725799714
5.0,2.482,-3.6930738006681034
5.0,2.484,-3.669445887794055
5.0,2.4859999999999998,-3.646079429748666
5.0,2.488,-3.622970692324283
5.0,2.49,-3.600116009757503
5.0,2.492,-3.5775117832136925
5.0,2.4939999999999998,-3.5551544793118603
5.0,2.496,-3.5330406286886773
5.0,2.498,-3.511166824600405
5.0,2.5,-3.4895297215614574
5.0,2.502,-3.4681260340185287
5.0,2.504,-3.44695253505918
5.0,2.5060000000000002,-3.4260060551538087
5.0,2.508,-3.405283480929966
5.0,2.51,-3.38478175397801
5.0,2.512,-3.364497869687251
5.0,2.5140000000000002,-3.3444288761115364
5.0,2.516,-3.324571872863488
5.0,2.518,-3.304924010036481
5.0,2.52,-3.2854824871535677
5.0,2.5220000000000002,-3.266244552142582
5.0,2.524,-3.247207500336557
5.0,2.526,-3.228368673498847
5.0,2.528,-3.209725458872102
5.0,2.5300000000000002,-3.1912752882505666
5.0,2.532,-3.1730156370748563
5.0,2.534,-3.154944023548683
5.0,2.536,-3.137058007776898
5.0,2.5380000000000003,-3.119355190924209
5.0,2.54,-3.101833214394016
5.0,2.542,-3.0844897590267575
5.0,2.544,-3.0673225443173284
5.0,2.5460000000000003,-3.0503293276509202
5.0,2.548,-3.0335079035568535
5.0,2.55,-3.0168561029798373
5.0,2.552,-3.000371792568291
5.0,2.5540000000000003,-2.9840528739791514
5.0,2.556,-2.9678972831987824
5.0,2.558,-2.9519029898795
5.0,2.56,-2.93606799669138
5.0,2.5620000000000003,-2.9203903386888492
5.0,2.564,-2.9048680826917344
5.0,2.566,-2.889499326680318
5.0,2.568,-2.8742821992041083
5.0,2.5700000000000003,-2.8592148588039046
5.0,2.572,-2.8442954934468574
5.0,2.574,-2.829522319974109
5.0,2.576,-2.8148935835607976
5.0,2.5780000000000003,-2.8004075571880227
5.0,2.58,-2.7860625411264675
5.0,2.582,-2.7718568624314495
5.0,2.584,-2.757788874449009
5.0,2.5860000000000003,-2.7438569563328623
5.0,2.588,-2.730059512571836
5.0,2.59,-2.7163949725276098
5.0,2.592,-2.7028617899824643
5.0,2.5940000000000003,-2.689458442696779
5.0,2.596,-2.6761834319760727
5.0,2.598,-2.663035282247304
5.0,2.6,-2.6500125406442514
5.0,2.6020000000000003,-2.6371137766017223
5.0,2.604,-2.6243375814583607
5.0,2.606,-2.611682568067879
5.0,2.608,-2.5991473704184993
5.0,2.6100000000000003,-2.586730643260382
5.0,2.612,-2.5744310617408805
5.0,2.614,-2.562247321047403
5.0,2.616,-2.550178136057744
5.0,2.6180000000000003,-2.5382222409976487
5.0,2.62,-2.5263783891054925
5.0,2.622,-2.514645352303881
5.0,2.624,-2.5030219208779885
5.0,2.6260000000000003,-2.4915069031605475
5.0,2.628,-2.4800991252232354
5.0,2.63,-2.4687974305743783
5.0,2.632,-2.4576006798628125
5.0,2.6340000000000003,-2.446507750587766
5.0,2.636,-2.4355175368145625
5.0,2.638,-2.4246289488961184
5.0,2.64,-2.413840913200001
5.0,2.6420000000000003,-2.403152371840993
5.0,2.644,-2.392562282418992
5.0,2.646,-2.382069617762135
5.0,2.648,-2.371673365675045
5.0,2.6500000000000004,-2.361372528692087
5.0,2.652,-2.3511661238354766
5.0,2.654,-2.3410531823782006
5.0,2.6559999999999997,-2.331032749611572
5.0,2.658,-2.32110388461737
5.0,2.66,-2.3112656600444534
5.0,2.662,-2.301517161889735
5.0,2.6639999999999997,-2.291857489283386
5.0,2.666,-2.2822857542782806
5.0,2.668,-2.2728010816434936
5.0,2.67,-2.2634026086617878
5.0,2.6719999999999997,-2.2540894849310225
5.0,2.674,-2.244860872169394
5.0,2.676,-2.235715944024393
5.0,2.678,-2.2266538858854665
5.0,2.6799999999999997,-2.217673894700215
5.0,2.682,-2.208775178794129
5.0,2.684,-2.199956957693762
5.0,2.686,-2.1912184619532433
5.0,2.6879999999999997,-2.1825589329840804
5.0,2.69,-2.173977622888206
5.0,2.692,-2.1654737942941473
5.0,2.694,-2.1570467201963157
5.0,2.6959999999999997,-2.148695683797274
5.0,2.698,-2.1404199783530036
5.0,2.7,-2.1322189070210547
5.0,2.702,-2.1240917827115253
5.0,2.7039999999999997,-2.1160379279408335
5.0,2.706,-2.1080566746882003
5.0,2.708,-2.1001473642548243
5.0,2.71,-2.092309347125632
5.0,2.7119999999999997,-2.084541982833614
5.0,2.714,-2.07684463982666
5.0,2.716,-2.0692166953368636
5.0,2.718,-2.0616575352522144
5.0,2.7199999999999998,-2.0541665539906555
5.0,2.722,-2.04674315437647
5.0,2.724,-2.0393867475189125
5.0,2.726,-2.032096752693066
5.0,2.7279999999999998,-2.02487259722291
5.0,2.73,-2.017713716366443
5.0,2.732,-2.0106195532030022
5.0,2.734,-2.0035895585225467
5.0,2.7359999999999998,-1.996623190717003
5.0,2.738,-1.9897199156735552
5.0,2.74,-1.982879206669896
5.0,2.742,-1.9761005442713477
5.0,2.7439999999999998,-1.9693834162298653
5.0,2.746,-1.96272731738484
5.0,2.748,-1.9561317495657307
5.0,2.75,-1.949596221496399
5.0,2.752,-1.94312024870123
5.0,2.754,-1.9367033534128806
5.0,2.7560000000000002,-1.9303450644817213
5.0,2.758,-1.9240449172869085
5.0,2.76,-1.9178024536490317
5.0,2.762,-1.911617221744337
5.0,2.7640000000000002,-1.9054887760205044
5.0,2.766,-1.8994166771139014
5.0,2.768,-1.8934004917683533
5.0,2.77,-1.8874397927553326
5.0,2.7720000000000002,-1.881534158795612
5.0,2.774,-1.875683174482303
5.0,2.776,-1.8698864302052407
5.0,2.778,-1.8641435220767915
5.0,2.7800000000000002,-1.8584540518589128
5.0,2.782,-1.8528176268915588
5.0,2.784,-1.8472338600223712
5.0,2.786,-1.8417023695375854
5.0,2.7880000000000003,-1.8362227790942152
5.0,2.79,-1.8307947176534334
5.0,2.792,-1.825417819415161
5.0,2.794,-1.820091723753766
5.0,2.7960000000000003,-1.8148160751550158
5.0,2.798,-1.809590523154072
5.0,2.8,-1.8044147222746303
5.0,2.802,-1.7992883319691624
5.0,2.8040000000000003,-1.7942110165602245
5.0,2.806,-1.789182445182801
5.0,2.808,-1.7842022917277143
5.0,2.81,-1.7792702347860478
5.0,2.8120000000000003,-1.7743859575945544
5.0,2.814,-1.769549147982083
5.0,2.816,-1.7647594983169455
5.0,2.818,-1.760016705455244
5.0,2.8200000000000003,-1.7553204706901604
5.0,2.822,-1.7506704997021447
5.0,2.824,-1.7460665025100046
5.0,2.826,-1.7415081934229306
5.0,2.8280000000000003,-1.736995290993333
5.0,2.83,-1.732527517970632
5.0,2.832,-1.7281046012558097
5.0,2.834,-1.723726271856863
5.0,2.8360000000000003,-1.7193922648450586
5.0,2.838,-1.7151023193119936
5.0,2.84,-1.710856178327482
5.0,2.842,-1.7066535888981818
5.0,2.8440000000000003,-1.7024943019270646
5.0,2.846,-1.6983780721735842
5.0,2.848,-1.694304658214631
5.0,2.85,-1.6902738224062295
5.0,2.8520000000000003,-1.6862853308459473
5.0,2.854,-1.6823389533360424
5.0,2.856,-1.6784344633473116
5.0,2.858,-1.6745716379836217
5.0,2.8600000000000003,-1.6707502579471678
5.0,2.862,-1.6669701075043744
5.0,2.864,-1.6632309744524718
5.0,2.866,-1.6595326500867649
5.0,2.8680000000000003,-1.6558749291684869
5.0,2.87,-1.652257609893383
5.0,2.872,-1.6486804938608366
5.0,2.874,-1.6451433860436881
5.0,2.8760000000000003,-1.6416460947586364
5.0,2.878,-1.6381884316372555
5.0,2.88,-1.634770211597617
5.0,2.882,-1.6313912528164871
5.0,2.8840000000000003,-1.6280513767021425
5.0,2.886,-1.624750407867719
5.0,2.888,-1.6214881741051719
5.0,2.89,-1.618264506359771
5.0,2.8920000000000003,-1.6150792387051573
5.0,2.894,-1.6119322083189718
5.0,2.896,-1.6088232554589823
5.0,2.898,-1.6057522234397963
5.0,2.9000000000000004,-1.6027189586100665
5.0,2.902,-1.5997233103302397
5.0,2.904,-1.5967651309508173
5.0,2.906,-1.5938442757911255
5.0,2.908,-1.590960603118611
5.0,2.91,-1.588113974128603
5.0,2.912,-1.585304252924597
5.0,2.9139999999999997,-1.5825313064990416
5.0,2.916,-1.5797950047145581
5.0,2.918,-1.5770952202857182
5.0,2.92,-1.5744318287612167
5.0,2.9219999999999997,-1.5718047085065794
5.0,2.924,-1.569213740687292
5.0,2.926,-1.5666588092524365
5.0,2.928,-1.5641398009187368
5.0,2.9299999999999997,-1.5616566051550969
5.0,2.932,-1.5592091141675697
5.0,2.934,-1.5567972228847828
5.0,2.936,-1.5544208289437909
5.0,2.9379999999999997,-1.5520798326763894
5.0,2.94,-1.5497741370958342
5.0,2.942,-1.547503647884029
5.0,2.944,-1.5452682733791114
5.0,2.9459999999999997,-1.5430679245634715
5.0,2.948,-1.5409025150522089
5.0,2.95,-1.5387719610819888
5.0,2.952,-1.5366761815003116
5.0,2.9539999999999997,-1.5346150977552384
5.0,2.956,-1.532588633885459
5.0,2.958,-1.5305967165108343
5.0,2.96,-1.5286392748233064
5.0,2.9619999999999997,-1.52671624057821
5.0,2.964,-1.5248275480860276
5.0,2.966,-1.5229731342044888
5.0,2.968,-1.5211529383311064
5.0,2.9699999999999998,-1.519366902396099
5.0,2.972,-1.5176149708556856
5.0,2.974,-1.5158970906858207
5.0,2.976,-1.5142132113762639
5.0,2.9779999999999998,-1.5125632849250783
5.0,2.98,-1.5109472658335035
5.0,2.982,-1.5093651111012152
5.0,2.984,-1.5078167802219722
5.0,2.9859999999999998,-1.5063022351796373
5.0,2.988,-1.5048214404446059
5.0,2.99,-1.5033743629705898
5.0,2.992,-1.5019609721917984
5.0,2.9939999999999998,-1.5005812400205008
5.0,2.996,-1.4992351408449556
5.0,2.998,-1.4979226515277304
5.0,3.0,-1.496643751404418
5.0,3.002,-1.4953984222826802
5.0,3.004,-1.4941866484417274
5.0,3.0060000000000002,-1.4930084166321487
5.0,3.008,-1.4918637160761103
5.0,3.01,-1.4907525384679712
5.0,3.012,-1.4896748779752258
5.0,3.0140000000000002,-1.488630731239867
5.0,3.016,-1.4876200973801144
5.0,3.018,-1.4866429779925139
5.0,3.02,-1.4856993771544278
5.0,3.0220000000000002,-1.4847893014269087
5.0,3.024,-1.4839127598579338
5.0,3.026,-1.4830697639860582
5.0,3.028,-1.4822603278444015
5.0,3.0300000000000002,-1.4814844679650774
5.0,3.032,-1.4807422033839432
5.0,3.034,-1.4800335556457964
5.0,3.036,-1.4793585488099146
5.0,3.0380000000000003,-1.478717209456015
5.0,3.04,-1.47810956669057
5.0,3.042,-1.4775356521535543
5.0,3.044,-1.4769955000255555
5.0,3.0460000000000003,-1.47648914703529
5.0,3.048,-1.4760166324675084
5.0,3.05,-1.4755779981713273
5.0,3.052,-1.4751732885689137
5.0,3.0540000000000003,-1.4748025506646179
5.0,3.056,-1.474465834054486
5.0,3.058,-1.4741631909361885
5.0,3.06,-1.4738946761193499
5.0,3.0620000000000003,-1.4736603470363097
5.0,3.064,-1.4734602637532714
5.0,3.066,-1.4732944889818973
5.0,3.068,-1.4731630880912872
5.0,3.0700000000000003,-1.4730661291204339
5.0,3.072,-1.4730036827910422
5.0,3.074,-1.472975822520829
5.0,3.076,-1.4729826244372248
5.0,3.0780000000000003,-1.4730241673915256
5.0,3.08,-1.473100532973477
5.0,3.082,-1.4732118055263097
5.0,3.084,-1.4733580721622075
5.0,3.0860000000000003,-1.4735394227782372
5.0,3.088,-1.4737559500727302
5.0,3.09,-1.4740077495621247
5.0,3.092,-1.474294919598257
5.0,3.0940000000000003,-1.474617561386128
5.0,3.096,-1.4749757790021603
5.0,3.098,-1.475369679412882
5.0,3.1,-1.4757993724941398
5.0,3.1020000000000003,-1.4762649710507758
5.0,3.104,-1.4767665908367849
5.0,3.106,-1.477304350575968
5.0,3.108,-1.477878371983116
5.0,3.1100000000000003,-1.478488779785656
5.0,3.112,-1.4791357017458184
5.0,3.114,-1.47981926868335
5.0,3.116,-1.4805396144987062
5.0,3.1180000000000003,-1.4812968761967826
5.0,3.12,-1.4820911939112027
5.0,3.122,-1.4829227109291034
5.0,3.124,-1.4837915737165017
5.0,3.1260000000000003,-1.484697931944183
5.0,3.128,-1.4856419385141826
5.0,3.13,-1.4866237495867685
5.0,3.132,-1.4876435246080915
5.0,3.1340000000000003,-1.48870142633829
5.0,3.136,-1.4897976208802928
5.0,3.138,-1.490932277709141
5.0,3.14,-1.4921055697019474
5.0,3.1420000000000003,-1.4933176731684226
5.0,3.144,-1.4945687678820618
5.0,3.146,-1.4958590371119258
5.0,3.148,-1.4971886676550359
5.0,3.1500000000000004,-1.498557849869449
5.0,3.152,-1.499966777707946
5.0,3.154,-1.5014156487523822
5.0,3.156,-1.5029046642486963
5.0,3.1580000000000004,-1.5044340291426086
5.0,3.16,-1.5060039521159827
5.0,3.162,-1.507614645623874
5.0,3.164,-1.5092663259323027
5.0,3.166,-1.510959213156684
5.0,3.168,-1.5126935313010528
5.0,3.17,-1.5144695082979478
5.0,3.1719999999999997,-1.5162873760490594
5.0,3.174,-1.518147370466638
5.0,3.176,-1.5200497315156472
5.0,3.178,-1.5219947032566818
5.0,3.1799999999999997,-1.523982533889683
5.0,3.182,-1.5260134757984414
5.0,3.184,-1.528087785595881
5.0,3.186,-1.5302057241701952
5.0,3.1879999999999997,-1.5323675567317798
5.0,3.19,-1.5345735528610174
5.0,3.192,-1.5368239865569073
5.0,3.194,-1.5391191362865697
5.0,3.1959999999999997,-1.5414592850356137
5.0,3.198,-1.5438447203593877
5.0,3.2,-1.5462757344351652
5.0,3.202,-1.548752624115202
5.0,3.2039999999999997,-1.551275690980756
5.0,3.206,-1.553845241397044
5.0,3.208,-1.5564615865691285
5.0,3.21,-1.559125042598831
5.0,3.2119999999999997,-1.561835930542582
5.0,3.214,-1.5645945764702822
5.0,3.216,-1.5674013115252075
5.0,3.218,-1.5702564719849241
5.0,3.2199999999999998,-1.5731603993232481
5.0,3.222,-1.57611344027329
5.0,3.224,-1.5791159468915734
5.0,3.226,-1.5821682766232217
5.0,3.2279999999999998,-1.5852707923683205
5.0,3.23,-1.588423862549352
5.0,3.232,-1.5916278611798218
5.0,3.234,-1.5948831679340292
5.0,3.2359999999999998,-1.598190168218031
5.0,3.238,-1.6015492532418218
5.0,3.24,-1.604960820092727
5.0,3.242,-1.6084252718100358
5.0,3.2439999999999998,-1.6119430174609084
5.0,3.246,-1.6155144722175627
5.0,3.248,-1.6191400574357648
5.0,3.25,-1.6228202007346468
5.0,3.252,-1.62655533607786
5.0,3.254,-1.6303459038561183
5.0,3.2560000000000002,-1.634192350971092
5.0,3.258,-1.6380951309207754
5.0,3.26,-1.6420547038862112
5.0,3.262,-1.646071536819758
5.0,3.2640000000000002,-1.6501461035347513
5.0,3.266,-1.6542788847967393
5.0,3.268,-1.658470368416224
5.0,3.27,-1.662721049342941
5.0,3.2720000000000002,-1.6670314297617486
5.0,3.274,-1.6714020191900991
5.0,3.276,-1.6758333345771508
5.0,3.278,-1.680325900404557
5.0,3.2800000000000002,-1.684880248788885
5.0,3.282,-1.6894969195858263
5.0,3.284,-1.694176460496077
5.0,3.286,-1.6989194271730412
5.0,3.2880000000000003,-1.7037263833322902
5.0,3.29,-1.708597900862888
5.0,3.292,-1.7135345599405398
5.0,3.294,-1.718536949142668
5.0,3.2960000000000003,-1.7236056655653726
5.0,3.298,-1.728741314942361
5.0,3.3,-1.7339445117658627
5.0,3.302,-1.7392158794095596
5.0,3.3040000000000003,-1.744556050253562
5.0,3.306,-1.749965665811464
5.0,3.308,-1.755445376859543
5.0,3.31,-1.7609958435680737
5.0,3.3120000000000003,-1.7666177356348656
5.0,3.314,-1.7723117324209974
5.0,3.316,-1.7780785230888607
5.0,3.318,-1.783918806742426
5.0,3.3200000000000003,-1.7898332925699332
5.0,3.322,-1.795822699988886
5.0,3.324,-1.8018877587935238
5.0,3.326,-1.8080292093046895
5.0,3.3280000000000003,-1.8142478025222561
5.0,3.33,-1.8205443002800268
5.0,3.332,-1.8269194754032811
5.0,3.334,-1.8333741118688907
5.0,3.3360000000000003,-1.8399090049681346
5.0,3.338,-1.8465249614722068
5.0,3.34,-1.853222799800499
5.0,3.342,-1.8600033501916675
5.0,3.3440000000000003,-1.8668674548775401
5.0,3.346,-1.873815968259957
5.0,3.348,-1.8808497570905136
5.0,3.35,-1.8879697006533274
5.0,3.3520000000000003,-1.8951766909508048
5.0,3.354,-1.9024716328925526
5.0,3.356,-1.9098554444873928
5.0,3.358,-1.9173290570385817
5.0,3.3600000000000003,-1.924893415342287
5.0,3.362,-1.932549477889345
5.0,3.364,-1.9402982170704128
5.0,3.366,-1.9481406193844717
5.0,3.3680000000000003,-1.9560776856508502
5.0,3.37,-1.9641104312247397
5.0,3.372,-1.9722398862163149
5.0,3.374,-1.9804670957134676
5.0,3.3760000000000003,-1.9887931200082591
5.0,3.378,-1.9972190348271246
5.0,3.38,-2.0057459315649058
5.0,3.382,-2.0143749175227628
5.0,3.3840000000000003,-2.023107116150026
5.0,3.386,-2.031943667290072
5.0,3.388,-2.040885727430272
5.0,3.39,-2.049934469956071
5.0,3.3920000000000003,-2.059091085409295
5.0,3.394,-2.068356781750715
5.0,3.396,-2.0777327846269773
5.0,3.398,-2.087220337641931
5.0,3.4000000000000004,-2.0968207026324546
5.0,3.402,-2.1065351599488276
5.0,3.404,-2.1163650087397547
5.0,3.406,-2.1263115672420754
5.0,3.4080000000000004,-2.136376173075255
5.0,3.41,-2.1465601835407293
5.0,3.412,-2.156864975926206
5.0,3.414,-2.1672919478149395
5.0,3.4160000000000004,-2.177842517400105
5.0,3.418,-2.1885181238043536
5.0,3.42,-2.1993202274046038
5.0,3.4219999999999997,-2.2102503101621656
5.0,3.424,-2.2213098759582683
5.0,3.426,-2.232500450935098
5.0,3.428,-2.243823583842391
5.0,3.4299999999999997,-2.255280846389733
5.0,3.432,-2.2668738336045817
5.0,3.434,-2.278604164196097
5.0,3.436,-2.290473480924969
5.0,3.4379999999999997,-2.3024834509792163
5.0,3.44,-2.3146357663560937
5.0,3.442,-2.326932144250198
5.0,3.444,-2.339374327447862
5.0,3.4459999999999997,-2.3519640847279404
5.0,3.448,-2.364703211269062
5.0,3.45,-2.3775935290634296
5.0,3.452,-2.390636887337307
5.0,3.4539999999999997,-2.40383516297827
5.0,3.456,-2.417190260969274
5.0,3.458,-2.4307041148297017
5.0,3.46,-2.444378687063455
5.0,3.4619999999999997,-2.4582159696141943
5.0,3.464,-2.4722179843278
5.0,3.466,-2.486386783422188
5.0,3.468,-2.50072444996459
5.0,3.4699999999999998,-2.5152330983563402
5.0,3.472,-2.5299148748253275
5.0,3.474,-2.5447719579261543
5.0,3.476,-2.559806559048192
5.0,3.4779999999999998,-2.5750209229315146
5.0,3.48,-2.5904173281909273
5.0,3.482,-2.6059980878480826
5.0,3.484,-2.621765549871889
5.0,3.4859999999999998,-2.6377220977272198
5.0,3.488,-2.653870150932074
5.0,3.49,-2.670212165623273
5.0,3.492,-2.6867506351307755
5.0,3.4939999999999998,-2.703488090560759
5.0,3.496,-2.7204271013874814
5.0,3.498,-2.737570276054069
5.0,3.5,-2.754920262582341
10.0,1.5,-0.6707026041630627
10.0,1.502,-0.6750614199310998
10.0,1.504,-0.6794832782827708
10.0,1.506,-0.6839690206666617
10.0,1.508,-0.6885195002046479
10.0,1.51,-0.6931355818366345
10.0,1.512,-0.6978181424665326
10.0,1.514,-0.7025680711095508
10.0,1.516,-0.7073862690408361
10.0,1.518,-0.7122736499454346
10.0,1.52,-0.7172311400696075
10.0,1.522,-0.7222596783736511
10.0,1.524,-0.7273602166860484
10.0,1.526,-0.7325337198591795
10.0,1.528,-0.7377811659266014
10.0,1.53,-0.7431035462618043
10.0,1.532,-0.7485018657387124
10.0,1.534,-0.753977142893819
10.0,1.536,-0.7595304100901032
10.0,1.538,-0.7651627136827427
10.0,1.54,-0.7708751141868098
10.0,1.542,-0.7766686864468607
10.0,1.544,-0.7825445198086789
10.0,1.546,-0.7885037182930572
10.0,1.548,-0.7945474007720392
10.0,1.55,-0.8006767011473425
10.0,1.552,-0.8068927685314502
10.0,1.554,-0.8131967674311193
10.0,1.556,-0.819589877933894
10.0,1.558,-0.8260732958972589
10.0,1.56,-0.8326482331409915
10.0,1.562,-0.8393159176427296
10.0,1.564,-0.8460775937367817
10.0,1.566,-0.8529345223166582
10.0,1.568,-0.8598879810413208
10.0,1.57,-0.8669392645451406
10.0,1.572,-0.8740896846525621
10.0,1.574,-0.8813405705966038
10.0,1.576,-0.8886932692423226
10.0,1.578,-0.8961491453150844
10.0,1.58,-0.9037095816339944
10.0,1.582,-0.9113759793507668
10.0,1.584,-0.9191497581943929
10.0,1.586,-0.9270323567215872
10.0,1.588,-0.9350252325739529
10.0,1.59,-0.9431298627416398
10.0,1.592,-0.9513477438339073
10.0,1.594,-0.9596803923573907
10.0,1.596,-0.9681293450019954
10.0,1.598,-0.9766961589348654
10.0,1.6,-0.9853824121030269
10.0,1.602,-0.9941897035452363
10.0,1.604,-1.003119653712857
10.0,1.606,-1.0121739048011298
10.0,1.608,-1.0213541210901869
10.0,1.61,-1.0306619892977107
10.0,1.612,-1.0400992189423
10.0,1.614,-1.0496675427189108
10.0,1.616,-1.0593687168869779
10.0,1.618,-1.0692045216709913
10.0,1.62,-1.0791767616750083
10.0,1.6219999999999999,-1.0892872663110635
10.0,1.624,-1.0995378902421655
10.0,1.626,-1.1099305138407853
10.0,1.6280000000000001,-1.1204670436630124
10.0,1.63,-1.131149412939461
10.0,1.6320000000000001,-1.141979582082754
10.0,1.634,-1.152959539213609
10.0,1.6360000000000001,-1.1640913007048301
10.0,1.638,-1.175376911744101
10.0,1.6400000000000001,-1.1868184469176297
10.0,1.642,-1.198418010812745
10.0,1.6440000000000001,-1.210177738643186
10.0,1.646,-1.2220997968947682
10.0,1.648,-1.2341863839946439
10.0,1.65,-1.246439731003314
10.0,1.652,-1.258862102330339
10.0,1.654,-1.2714557964752218
10.0,1.656,-1.2842231467931506
10.0,1.658,-1.297166522286829
10.0,1.66,-1.3102883284251452
10.0,1.662,-1.3235910079892723
10.0,1.664,-1.3370770419464613
10.0,1.666,-1.3507489503532741
10.0,1.668,-1.3646092932876928
10.0,1.67,-1.3786606718115058
10.0,1.672,-1.3929057289635987
10.0,1.674,-1.4073471507847157
10.0,1.676,-1.4219876673740979
10.0,1.678,-1.4368300539788528
10.0,1.68,-1.4518771321169228
10.0,1.682,-1.467131770733498
10.0,1.684,-1.4825968873925552
10.0,1.686,-1.498275449502934
10.0,1.688,-1.5141704755804897
10.0,1.69,-1.5302850365460041
10.0,1.692,-1.546622257060547
10.0,1.694,-1.5631853168972474
10.0,1.696,-1.5799774523515817
10.0,1.698,-1.5970019576893804
10.0,1.7,-1.6142621866339129
10.0,1.702,-1.6317615538920613
10.0,1.704,-1.6495035367200104
10.0,1.706,-1.6674916765292562
10.0,1.708,-1.6857295805328794
10.0,1.71,-1.7042209234331076
10.0,1.712,-1.7229694491497822
10.0,1.714,-1.741978972590971
10.0,1.716,-1.7612533814654376
10.0,1.718,-1.780796638137914
10.0,1.72,-1.8006127815270843
10.0,1.722,-1.8207059290472798
10.0,1.724,-1.8410802785934266
10.0,1.726,-1.861740110570752
10.0,1.728,-1.8826897899687465
10.0,1.73,-1.9039337684802717
10.0,1.732,-1.9254765866663461
10.0,1.734,-1.9473228761666457
10.0,1.736,-1.9694773619570487
10.0,1.738,-1.9919448646538358
10.0,1.74,-2.014730302865619
10.0,1.742,-2.037838695593854
10.0,1.744,-2.061275164682237
10.0,1.746,-2.085044937315467
10.0,1.748,-2.109153348568992
10.0,1.75,-2.1336058440097827
10.0,1.752,-2.1584079823493623
10.0,1.754,-2.1835654381501985
10.0,1.756,-2.2090840045862437
10.0,1.758,-2.234969596258844
10.0,1.76,-2.261228252069649
10.0,1.762,-2.2878661381510756
10.0,1.764,-2.3148895508565492
10.0,1.766,-2.3423049198118457
10.0,1.768,-2.370118811028796
10.0,1.77,-2.3983379300838994
10.0,1.772,-2.426969125363067
10.0,1.774,-2.456019391375422
10.0,1.776,-2.4854958721375144
10.0,1.778,-2.5154058646310133
10.0,1.78,-2.545756822336407
10.0,1.782,-2.576556358845053
10.0,1.784,-2.6078122515531788
10.0,1.786,-2.639532445440618
10.0,1.788,-2.67172505693777
10.0,1.79,-2.7043983778845764
10.0,1.792,-2.7375608795851636
10.0,1.794,-2.7712212169624815
10.0,1.796,-2.805388232817257
10.0,1.798,-2.8400709621961995
10.0,1.8,-2.8752786368739596
10.0,1.802,-2.9110206899547664
10.0,1.804,-2.947306760599141
10.0,1.806,-2.9841466988815233
10.0,1.808,-3.021550570785676
10.0,1.81,-3.059528663344326
10.0,1.812,-3.0980914899304968
10.0,1.814,-3.137249795707968
10.0,1.816,-3.177014563249516
10.0,1.818,-3.2173970183309377
10.0,1.82,-3.2584086359108317
10.0,1.822,-3.3000611463052687
10.0,1.824,-3.3423665415682007
10.0,1.826,-3.38533708208847
10.0,1.828,-3.4289853034151774
10.0,1.83,-3.4733240233237983
10.0,1.832,-3.518366349136521
10.0,1.834,-3.564125685310629
10.0,1.836,-3.6106157413100046
10.0,1.838,-3.657850539775594
10.0,1.84,-3.7058444250119518
10.0,1.842,-3.7546120718074665
10.0,1.844,-3.8041684946077146
10.0,1.846,-3.8545290570622543
10.0,1.848,-3.905709481966398
10.0,1.85,-3.9577258616211615
10.0,1.8519999999999999,-4.0105946686360285
10.0,1.854,-4.064332767200573
10.0,1.8559999999999999,-4.118957424852988
10.0,1.858,-4.174486324775459
10.0,1.8599999999999999,-4.23093757864776
10.0,1.862,-4.288329740093579
10.0,1.8639999999999999,-4.346681818755313
10.0,1.866,-4.406013295036394
10.0,1.8679999999999999,-4.466344135552324
10.0,1.87,-4.5276948093349265
10.0,1.8719999999999999,-4.590086304836768
10.0,1.874,-4.653540147787006
10.0,1.876,-4.718078419952392
10.0,1.8780000000000001,-4.7837237788620115
10.0,1.88,-4.850499478557862
10.0,1.8820000000000001,-4.918429391438447
10.0,1.884,-4.987538031266805
10.0,1.8860000000000001,-5.057850577420582
10.0,1.888,-5.1293929004664784
10.0,1.8900000000000001,-5.202191589148669
10.0,1.892,-5.2762739788865645
10.0,1.8940000000000001,-5.351668181885575
10.0,1.896,-5.42840311897154
10.0,1.8980000000000001,-5.50650855326916
10.0,1.9,-5.586015125853131
10.0,1.9020000000000001,-5.6669543935120466
10.0,1.904,-5.749358868775223
10.0,1.9060000000000001,-5.833262062365883
10.0,1.908,-5.918698528256474
10.0,1.9100000000000001,-6.005703911517344
10.0,1.912,-6.094314999165098
10.0,1.9140000000000001,-6.184569774235337
10.0,1.916,-6.276507473322486
10.0,1.918,-6.370168647851698
10.0,1.92,-6.465595229369528
10.0,1.922,-6.562830599166554
10.0,1.924,-6.661919662572195
10.0,1.926,-6.76290892829313
10.0,1.928,-6.865846593200381
10.0,1.93,-6.970782633007567
10.0,1.932,-7.077768899324232
10.0,1.934,-7.186859223613698
10.0,1.936,-7.298109528635739
10.0,1.938,-7.411577948010434
10.0,1.94,-7.527324954601759
10.0,1.942,-7.645413498489411
10.0,1.944,-7.765909155373532
10.0,1.946,-7.88888028634404
10.0,1.948,-8.01439821004109
10.0,1.95,-8.142537388341701
10.0,1.952,-8.273375626825718
10.0,1.954,-8.406994291409692
10.0,1.956,-8.543478542687387
10.0,1.958,-8.682917589683614
10.0,1.96,-8.825404964918825
10.0,1.962,-8.971038822894274
10.0,1.964,-9.119922264348434
10.0,1.966,-9.272163688905565
10.0,1.968,-9.427877179043483
10.0,1.97,-9.587182918652605
10.0,1.972,-9.750207649848438
10.0,1.974,-9.917085172141578
10.0,1.976,-10.087956888569147
10.0,1.978,-10.262972403957328
10.0,1.98,-10.442290181126788
10.0,1.982,-10.626078261578103
10.0,1.984,-10.814515058017811
10.0,1.986,-11.007790227014716
10.0,1.988,-11.20610563112741
10.0,1.99,-11.409676401027241
10.0,1.992,-11.618732109470045
10.0,1.994,-11.83351807045608
10.0,1.996,-12.054296778567723
10.0,1.998,-12.281349505288524
10.0,2.0,-12.51497807108015
10.0,2.002,-12.755506814091348
10.0,2.004,-13.003284778547137
10.0,2.0060000000000002,-13.258688148010897
10.0,2.008,-13.522122950665018
10.0,2.01,-13.794028065235137
10.0,2.012,-14.074878556762025
10.0,2.0140000000000002,-14.365189370410548
10.0,2.016,-14.66551940784003
10.0,2.018,-14.976476002687328
10.0,2.02,-15.29871979689328
10.0,2.0220000000000002,-15.632969993993413
10.0,2.024,-15.980009923008094
10.0,2.026,-16.340692777759507
10.0,2.028,-16.715947286613453
10.0,2.0300000000000002,-17.10678289382448
10.0,2.032,-17.514293759816283
10.0,2.034,-17.93966045708706
10.0,2.036,-18.384147561316972
10.0,2.0380000000000003,-18.849094271772657
10.0,2.04,-19.335893517069817
10.0,2.042,-19.84595235984966
10.0,2.044,-20.380622362716807
10.0,2.0460000000000003,-20.941082101573215
10.0,2.048,-21.528144060299002
10.0,2.05,-22.1419432993605
10.0,2.052,-22.78144443906777
10.0,2.0540000000000003,-23.44367774077184
10.0,2.056,-24.12259309031535
10.0,2.058,-24.807431217322495
10.0,2.06,-25.4806261494048
10.0,2.0620000000000003,-26.115608275763734
10.0,2.064,-26.675626478971136
10.0,2.066,-27.11572067011446
10.0,2.068,-27.390204143463635
10.0,2.0700000000000003,-27.465472184077704
10.0,2.072,-27.33252802569629
10.0,2.074,-27.010760583909406
10.0,2.076,-26.540020231482163
10.0,2.078,-25.966991668676386
10.0,2.08,-25.33406350584816
10.0,2.082,-24.67413047227623
10.0,2.084,-24.010117514252588
10.0,2.086,-23.35673990378985
10.0,2.088,-22.72274394572897
10.0,2.09,-22.112843978466504
10.0,2.092,-21.5291602699136
10.0,2.094,-20.972206670448333
10.0,2.096,-20.441539785733724
10.0,2.098,-19.936174160613753
10.0,2.1,-19.45484264650615
10.0,2.102,-18.996156791295306
10.0,2.104,-18.558703573832464
10.0,2.106,-18.141101984758002
10.0,2.108,-17.742034476136645
10.0,2.11,-17.360262823190094
10.0,2.112,-16.994634440987525
10.0,2.114,-16.644082973644856
10.0,2.116,-16.3076255607804
10.0,2.118,-15.984358288667188
10.0,2.12,-15.673450763076017
10.0,2.122,-15.374140377974864
10.0,2.124,-15.085726623621493
10.0,2.126,-14.807565631402738
10.0,2.128,-14.539065060646621
10.0,2.13,-14.279679375190305
10.0,2.132,-14.028905522284653
10.0,2.134,-13.786279005474857
10.0,2.136,-13.551370331240193
10.0,2.138,-13.323781803081339
10.0,2.14,-13.103144634235326
10.0,2.142,-12.88911634989242
10.0,2.144,-12.681378450770328
10.0,2.146,-12.479634311605468
10.0,2.148,-12.283607290168376
10.0,2.15,-12.09303902458526
10.0,2.152,-11.907687898898816
10.0,2.154,-11.727327658860311
10.0,2.156,-11.5517461618564
10.0,2.158,-11.380744246630252
10.0,2.16,-11.214134710041414
10.0,2.162,-11.051741379537003
10.0,2.164,-10.893398271277313
10.0,2.166,-10.738948824993278
10.0,2.168,-10.588245207654449
10.0,2.17,-10.441147678916469
10.0,2.172,-10.297524012099707
10.0,2.174,-10.157248965145921
10.0,2.176,-10.020203796609547
10.0,2.178,-9.88627582228255
10.0,2.18,-9.755358008526725
10.0,2.182,-9.627348598810766
10.0,2.184,-9.502150770320135
10.0,2.186,-9.379672317839317
10.0,2.188,-9.259825362396105
10.0,2.19,-9.142526082418193
10.0,2.192,-9.027694465380176
10.0,2.194,-8.915254078124764
10.0,2.196,-8.805131854221692
10.0,2.198,-8.697257896890942
10.0,2.2,-8.591565296159207
10.0,2.202,-8.487989959048521
10.0,2.2039999999999997,-8.38647045170923
10.0,2.206,-8.286947852513403
10.0,2.208,-8.189365615215893
10.0,2.21,-8.093669441372791
10.0,2.2119999999999997,-7.999807161281238
10.0,2.214,-7.907728622770954
10.0,2.216,-7.817385587237457
10.0,2.218,-7.728731632360967
10.0,2.2199999999999998,-7.6417220610035566
10.0,2.222,-7.55631381582107
10.0,2.224,-7.472465399165834
10.0,2.226,-7.390136797891903
10.0,2.2279999999999998,-7.309289412707431
10.0,2.23,-7.229885991747968
10.0,2.232,-7.151890568071302
10.0,2.234,-7.075268400798499
10.0,2.2359999999999998,-6.9999859196482594
10.0,2.238,-6.926010672631637
10.0,2.24,-6.8533112766924065
10.0,2.242,-6.781857371095122
10.0,2.2439999999999998,-6.711619573378193
10.0,2.246,-6.642569437703329
10.0,2.248,-6.574679415445282
10.0,2.25,-6.507922817877479
10.0,2.252,-6.442273780819994
10.0,2.254,-6.377707231126054
10.0,2.2560000000000002,-6.314198854892194
10.0,2.258,-6.251725067285429
10.0,2.26,-6.190262983888517
10.0,2.262,-6.1297903934713736
10.0,2.2640000000000002,-6.070285732103059
10.0,2.266,-6.01172805852462
10.0,2.268,-5.954097030708704
10.0,2.27,-5.8973728835368995
10.0,2.2720000000000002,-5.8415364075302865
10.0,2.274,-5.7865689285729935
10.0,2.276,-5.732452288572668
10.0,2.278,-5.679168827005451
10.0,2.2800000000000002,-5.626701363296287
10.0,2.282,-5.575033179988697
10.0,2.284,-5.524148006661043
10.0,2.286,-5.474030004549107
10.0,2.2880000000000003,-5.42466375183723
10.0,2.29,-5.376034229582595
10.0,2.292,-5.328126808239507
10.0,2.294,-5.280927234752549
10.0,2.2960000000000003,-5.234421620189376
10.0,2.298,-5.188596427885489
10.0,2.3,-5.143438462075281
10.0,2.302,-5.098934856984998
10.0,2.3040000000000003,-5.055073066364684
10.0,2.306,-5.011840853437518
10.0,2.308,-4.9692262812462396
10.0,2.31,-4.9272177033775275
10.0,2.3120000000000003,-4.885803755046253
10.0,2.314,-4.844973344522451
10.0,2.316,-4.804715644885039
10.0,2.318,-4.765020086086959
10.0,2.3200000000000003,-4.725876347317494
10.0,2.322,-4.687274349647987
10.0,2.324,-4.649204248948217
10.0,2.326,-4.611656429061272
10.0,2.3280000000000003,-4.574621495225354
10.0,2.33,-4.5380902677315715
10.0,2.332,-4.502053775807405
10.0,2.334,-4.466503251716077
10.0,2.336,-4.431430125062485
10.0,2.338,-4.396826017296795
10.0,2.34,-4.362682736407496
10.0,2.342,-4.328992271795746
10.0,2.344,-4.295746789323639
10.0,2.346,-4.262938626529026
10.0,2.348,-4.230560288000264
10.0,2.35,-4.198604440904122
10.0,2.352,-4.1670639106609695
10.0,2.354,-4.135931676761052
10.0,2.356,-4.10520086871651
10.0,2.358,-4.0748647621435765
10.0,2.36,-4.044916774970047
10.0,2.362,-4.01535046376298
10.0,2.364,-3.9861595201722135
10.0,2.366,-3.9573377674850145
10.0,2.368,-3.9288791572879433
10.0,2.37,-3.9007777662315855
10.0,2.372,-3.8730277928946095
10.0,2.374,-3.845623554743218
10.0,2.376,-3.8185594851826714
10.0,2.378,-3.7918301306973605
10.0,2.38,-3.7654301480763963
10.0,2.382,-3.739354301721427
10.0,2.384,-3.7135974610339706
10.0,2.386,-3.6881545978792007
10.0,2.388,-3.6630207841237503
10.0,2.39,-3.6381911892446785
10.0,2.392,-3.613661078007371
10.0,2.394,-3.5894258082097794
10.0,2.396,-3.565480828490919
10.0,2.398,-3.5418216762012604
10.0,2.4,-3.5184439753330787
10.0,2.402,-3.495343434508604
10.0,2.404,-3.4725158450241804
10.0,2.406,-3.4499570789484246
10.0,2.408,-3.4276630872727862
10.0,2.41,-3.4056298981125788
10.0,2.412,-3.3838536149570757
10.0,2.414,-3.3623304149668414
10.0,2.416,-3.341056547317032
10.0,2.418,-3.3200283315849277
10.0,2.42,-3.2992421561805667
10.0,2.422,-3.2786944768188637
10.0,2.424,-3.2583818150321435
10.0,2.426,-3.2383007567216335
10.0,2.428,-3.218447950746854
10.0,2.43,-3.198820107551618
10.0,2.432,-3.1794139978256704
10.0,2.434,-3.160226451200675
10.0,2.436,-3.1412543549797354
10.0,2.438,-3.1224946528992232
10.0,2.44,-3.103944343922142
10.0,2.442,-3.0856004810619195
10.0,2.444,-3.0674601702358677
10.0,2.446,-3.0495205691472904
10.0,2.448,-3.031778886195586
10.0,2.45,-3.0142323794132757
10.0,2.452,-2.9968783554294904
10.0,2.454,-2.97971416845882
10.0,2.456,-2.9627372193150903
10.0,2.458,-2.945944954449117
10.0,2.46,-2.9293348650099653
10.0,2.4619999999999997,-2.9129044859288418
10.0,2.464,-2.8966513950251658
10.0,2.466,-2.880573212134099
10.0,2.468,-2.864667598254926
10.0,2.4699999999999998,-2.8489322547197675
10.0,2.472,-2.833364922382021
10.0,2.474,-2.817963380824007
10.0,2.476,-2.802725447583285
10.0,2.4779999999999998,-2.7876489773971103
10.0,2.48,-2.7727318614645897
10.0,2.482,-2.757972026726043
10.0,2.484,-2.743367435159048
10.0,2.4859999999999998,-2.728916083090807
10.0,2.488,-2.7146160005263487
10.0,2.49,-2.700465250492179
10.0,2.492,-2.6864619283949276
10.0,2.4939999999999998,-2.672604161394641
10.0,2.496,-2.658890107792299
10.0,2.498,-2.645317956431244
10.0,2.5,-2.631885926112079
10.0,2.502,-2.618592265020747
10.0,2.504,-2.6054352501694438
10.0,2.5060000000000002,-2.592413186850011
10.0,2.508,-2.579524408099516
10.0,2.51,-2.5667672741776904
10.0,2.512,-2.5541401720559183
10.0,2.5140000000000002,-2.5416415149175657
10.0,2.516,-2.5292697416691956
10.0,2.518,-2.517023316462579
10.0,2.52,-2.504900728227128
10.0,2.5220000000000002,-2.4929004902125107
10.0,2.524,-2.4810211395411983
10.0,2.526,-2.46926123677072
10.0,2.528,-2.4576193654653484
10.0,2.5300000000000002,-2.446094131777031
10.0,2.532,-2.4346841640352843
10.0,2.534,-2.4233881123458896
10.0,2.536,-2.41220464819815
10.0,2.5380000000000003,-2.401132464080489
10.0,2.54,-2.390170273104229
10.0,2.542,-2.379316808635302
10.0,2.544,-2.368570823933752
10.0,2.5460000000000003,-2.3579310918008267
10.0,2.548,-2.3473964042334643
10.0,2.55,-2.3369655720859934
10.0,2.552,-2.326637424738928
10.0,2.5540000000000003,-2.316410809774646
10.0,2.556,-2.306284592659791
10.0,2.558,-2.296257656434249
10.0,2.56,-2.2863289014065638
10.0,2.5620000000000003,-2.276497244855629
10.0,2.564,-2.266761620738486
10.0,2.566,-2.2571209794041285
10.0,2.568,-2.24757428731316
10.0,2.5700000000000003,-2.2381205267631676
10.0,2.572,-2.228758695619693
10.0,2.574,-2.219487807052623
10.0,2.576,-2.210306889277972
10.0,2.5780000000000003,-2.2012149853048553
10.0,2.58,-2.192211152687568
10.0,2.582,-2.183294463282637
10.0,2.584,-2.1744640030107556
10.0,2.5860000000000003,-2.165718871623505
10.0,2.588,-2.1570581824746906
10.0,2.59,-2.1484810622962898
10.0,2.592,-2.139986650978789
10.0,2.5940000000000003,-2.13157410135596
10.0,2.596,-2.1232425789938314
10.0,2.598,-2.114991261983856
10.0,2.6,-2.106819340740172
10.0,2.6020000000000003,-2.0987260178008316
10.0,2.604,-2.090710507632945
10.0,2.606,-2.082772036441639
10.0,2.608,-2.074909841982763
10.0,2.6100000000000003,-2.0671231733792417
10.0,2.612,-2.0594112909410227
10.0,2.614,-2.0517734659885143
10.0,2.616,-2.0442089806794552
10.0,2.6180000000000003,-2.036717127839139
10.0,2.62,-2.0292972107939518
10.0,2.622,-2.0219485432080755
10.0,2.624,-2.014670448923383
10.0,2.6260000000000003,-2.00746226180241
10.0,2.628,-2.000323325574337
10.0,2.63,-1.99325299368392
10.0,2.632,-1.9862506291433508
10.0,2.6340000000000003,-1.9793156043869016
10.0,2.636,-1.9724473011284243
10.0,2.638,-1.9656451102214743
10.0,2.64,-1.9589084315221768
10.0,2.6420000000000003,-1.9522366737546832
10.0,2.644,-1.945629254379167
10.0,2.646,-1.9390855994623426
10.0,2.648,-1.9326051435504374
10.0,2.6500000000000004,-1.9261873295445728
10.0,2.652,-1.9198316085785148
10.0,2.654,-1.9135374398986946
10.0,2.6559999999999997,-1.9073042907465596
10.0,2.658,-1.9011316362430644
10.0,2.66,-1.895018959275439
10.0,2.662,-1.8889657503860051
10.0,2.6639999999999997,-1.8829715076631053
10.0,2.666,-1.8770357366341248
10.0,2.668,-1.8711579501604745
10.0,2.67,-1.8653376683345866
10.0,2.6719999999999997,-1.859574418378799
10.0,2.674,-1.8538677345461854
10.0,2.676,-1.8482171580232252
10.0,2.678,-1.8426222368342848
10.0,2.6799999999999997,-1.8370825257479237
10.0,2.682,-1.831597586184909
10.0,2.684,-1.8261669861280094
10.0,2.686,-1.8207903000334515
10.0,2.6879999999999997,-1.8154671087440177
10.0,2.69,-1.8101969994037983
10.0,2.692,-1.8049795653745626
10.0,2.694,-1.7998144061536374
10.0,2.6959999999999997,-1.7947011272933784
10.0,2.698,-1.7896393403221413
10.0,2.7,-1.7846286626667123
10.0,2.702,-1.7796687175762318
10.0,2.7039999999999997,-1.774759134047528
10.0,2.706,-1.7698995467518472
10.0,2.708,-1.7650895959629902
10.0,2.71,-1.7603289274867928
10.0,2.7119999999999997,-1.7556171925919148
10.0,2.714,-1.7509540479419727
10.0,2.716,-1.7463391555289278
10.0,2.718,-1.7417721826077628
10.0,2.7199999999999998,-1.7372528016323685
10.0,2.722,-1.7327806901926677
10.0,2.724,-1.7283555309529426
10.0,2.726,-1.7239770115913227
10.0,2.7279999999999998,-1.7196448247404366
10.0,2.73,-1.7153586679291943
10.0,2.732,-1.7111182435257057
10.0,2.734,-1.7069232586812852
10.0,2.7359999999999998,-1.7027734252755296
10.0,2.738,-1.698668459862468
10.0,2.74,-1.6946080836177757
10.0,2.742,-1.6905920222869741
10.0,2.7439999999999998,-1.686620006134675
10.0,2.746,-1.6826917698948183
10.0,2.748,-1.6788070527218717
10.0,2.75,-1.6749655981430123
10.0,2.752,-1.6711671540112416
10.0,2.754,-1.6674114724594327
10.0,2.7560000000000002,-1.6636983098553353
10.0,2.758,-1.6600274267574107
10.0,2.76,-1.6563985878716379
10.0,2.762,-1.6528115620091413
10.0,2.7640000000000002,-1.6492661220447085
10.0,2.766,-1.6457620448761368
10.0,2.768,-1.642299111384459
10.0,2.77,-1.6388771063949357
10.0,2.7720000000000002,-1.635495818638927
10.0,2.774,-1.6321550407165057
10.0,2.776,-1.6288545690598946
10.0,2.778,-1.6255942038976903
10.0,2.7800000000000002,-1.6223737492198256
10.0,2.782,-1.6191930127433056
10.0,2.784,-1.6160518058787017
10.0,2.786,-1.6129499436973522
10.0,2.7880000000000003,-1.6098872448993213
10.0,2.79,-1.6068635317820608
10.0,2.792,-1.6038786302097674
10.0,2.794,-1.6009323695834605
10.0,2.7960000000000003,-1.5980245828117436
10.0,2.798,-1.5951551062822262
10.0,2.8,-1.592323779833641
10.0,2.802,-1.589530446728623
10.0,2.8040000000000003,-1.5867749536271254
10.0,2.806,-1.5840571505604997
10.0,2.808,-1.5813768909062123
10.0,2.81,-1.5787340313631866
10.0,2.8120000000000003,-1.5761284319277749
10.0,2.814,-1.5735599558703521
10.0,2.816,-1.571028469712504
10.0,2.818,-1.5685338432048406
10.0,2.8200000000000003,-1.5660759493054035
10.0,2.822,-1.5636546641586357
10.0,2.824,-1.5612698670749736
10.0,2.826,-1.5589214405110012
10.0,2.8280000000000003,-1.556609270050179
10.0,2.83,-1.5543332443841316
10.0,2.832,-1.5520932552945075
10.0,2.834,-1.5498891976354017
10.0,2.8360000000000003,-1.5477209693163139
10.0,2.838,-1.5455884712856558
10.0,2.84,-1.5434916075148069
10.0,2.842,-1.5414302849827108
10.0,2.8440000000000003,-1.5394044136609841
10.0,2.846,-1.5374139064995807
10.0,2.848,-1.5354586794129514
10.0,2.85,-1.53353865126675
10.0,2.8520000000000003,-1.531653743865026
10.0,2.854,-1.5298038819379647
10.0,2.856,-1.5279889931301014
10.0,2.858,-1.5262090079890647
10.0,2.8600000000000003,-1.5244638599548006
10.0,2.862,-1.5227534853493228
10.0,2.864,-1.5210778233669355
10.0,2.866,-1.5194368160649485
10.0,2.8680000000000003,-1.5178304083548926
10.0,2.87,-1.5162585479942305
10.0,2.872,-1.514721185578528
10.0,2.874,-1.5132182745341147
10.0,2.8760000000000003,-1.5117497711112526
10.0,2.878,-1.510315634377729
10.0,2.88,-1.5089158262129905
10.0,2.882,-1.5075503113026867
10.0,2.8840000000000003,-1.5062190571337295
10.0,2.886,-1.5049220339898286
10.0,2.888,-1.5036592149474348
10.0,2.89,-1.5024305758722403
10.0,2.8920000000000003,-1.5012360954160784
10.0,2.894,-1.5000757550143047
10.0,2.896,-1.4989495388836742
10.0,2.898,-1.4978574340206356
10.0,2.9000000000000004,-1.49679943020012
10.0,2.902,-1.4957755199747869
10.0,2.904,-1.4947856986747297
10.0,2.906,-1.4938299644076354
10.0,2.908,-1.4929083180594283
10.0,2.91,-1.4920207632953475
10.0,2.912,-1.4911673065615096
10.0,2.9139999999999997,-1.4903479570869198
10.0,2.916,-1.4895627268859521
10.0,2.918,-1.4888116307612909
10.0,2.92,-1.4880946863073277
10.0,2.9219999999999997,-1.4874119139140367
10.0,2.924,-1.486763336771308
10.0,2.926,-1.4861489808737365
10.0,2.928,-1.4855688750258877
10.0,2.9299999999999997,-1.4850230508480426
10.0,2.932,-1.4845115427823914
10.0,2.934,-1.4840343880996898
10.0,2.936,-1.4835916269064275
10.0,2.9379999999999997,-1.4831833021524352
10.0,2.94,-1.4828094596389638
10.0,2.942,-1.4824701480272762
10.0,2.944,-1.4821654188476785
10.0,2.9459999999999997,-1.4818953265090529
10.0,2.948,-1.4816599283088785
10.0,2.95,-1.4814592844437184
10.0,2.952,-1.4812934580202168
10.0,2.9539999999999997,-1.4811625150665666
10.0,2.956,-1.4810665245444918
10.0,2.958,-1.4810055583617123
10.0,2.96,-1.480979691384905
10.0,2.9619999999999997,-1.4809890014531817
10.0,2.964,-1.4810335693920633
10.0,2.966,-1.481113479027971
10.0,2.968,-1.4812288172032124
10.0,2.9699999999999998,-1.4813796737915093
10.0,2.972,-1.4815661417140285
10.0,2.974,-1.4817883169559474
10.0,2.976,-1.4820462985835259
10.0,2.9779999999999998,-1.4823401887617558
10.0,2.98,-1.4826700927724945
10.0,2.982,-1.4830361190331782
10.0,2.984,-1.4834383791160641
10.0,2.9859999999999998,-1.483876987768027
10.0,2.988,-1.4843520629309148
10.0,2.99,-1.4848637257624577
10.0,2.992,-1.4854121006577647
10.0,2.9939999999999998,-1.4859973152713477
10.0,2.996,-1.4866195005397738
10.0,2.998,-1.4872787907048735
10.0,3.0,-1.4879753233375337
10.0,3.002,-1.4887092393620942
10.0,3.004,-1.4894806830813578
10.0,3.0060000000000002,-1.4902898022021707
10.0,3.008,-1.4911367478616615
10.0,3.01,-1.4920216746540673
10.0,3.012,-1.4929447406581922
10.0,3.0140000000000002,-1.4939061074655258
10.0,3.016,-1.4949059402089668
10.0,3.018,-1.4959444075922093
10.0,3.02,-1.4970216819198092
10.0,3.0220000000000002,-1.4981379391278664
10.0,3.024,-1.499293358815422
10.0,3.026,-1.5004881242765107
10.0,3.028,-1.5017224225329142
10.0,3.0300000000000002,-1.5029964443676014
10.0,3.032,-1.5043103843588779
10.0,3.034,-1.5056644409152564
10.0,3.036,-1.507058816311034
10.0,3.0380000000000003,-1.5084937167226116
10.0,3.04,-1.5099693522655666
10.0,3.042,-1.51148593703244
10.0,3.044,-1.5130436891313372
10.0,3.0460000000000003,-1.5146428307252424
10.0,3.048,-1.5162835880721726
10.0,3.05,-1.5179661915660645
10.0,3.052,-1.5196908757785168
10.0,3.0540000000000003,-1.5214578795013023
10.0,3.056,-1.5232674457897448
10.0,3.058,-1.5251198220068976
10.0,3.06,-1.5270152598685884
10.0,3.0620000000000003,-1.5289540154893169
10.0,3.064,-1.5309363494290251
10.0,3.066,-1.53296252674076
10.0,3.068,-1.5350328170192125
10.0,3.0700000000000003,-1.5371474944501955
10.0,3.072,-1.5393068378610053
10.0,3.074,-1.541511130771761
10.0,3.076,-1.5437606614476616
10.0,3.0780000000000003,-1.5460557229522234
10.0,3.08,-1.5483966132014848
10.0,3.082,-1.5507836350192203
10.0,3.084,-1.5532170961931322
10.0,3.0860000000000003,-1.5556973095320983
10.0,3.088,-1.5582245929244296
10.0,3.09,-1.5607992693971902
10.0,3.092,-1.5634216671766066
10.0,3.0940000000000003,-1.5660921197495172
10.0,3.096,-1.5688109659259672
10.0,3.098,-1.5715785499029
10.0,3.1,-1.5743952213289951
10.0,3.1020000000000003,-1.5772613353706384
10.0,3.104,-1.580177252779103
10.0,3.106,-1.5831433399588735
10.0,3.108,-1.5861599690372166
10.0,3.1100000000000003,-1.5892275179349622
10.0,3.112,-1.59234637043853
10.0,3.114,-1.5955169162732183
10.0,3.116,-1.598739551177807
10.0,3.1180000000000003,-1.6020146769804253
10.0,3.12,-1.6053427016757782
10.0,3.122,-1.6087240395037103
10.0,3.124,-1.6121591110291495
10.0,3.1260000000000003,-1.6156483432234223
10.0,3.128,-1.619192169547003
10.0,3.13,-1.6227910300337032
10.0,3.132,-1.626445371376302
10.0,3.1340000000000003,-1.6301556470136798
10.0,3.136,-1.6339223172194506
10.0,3.138,-1.6377458491921422
10.0,3.14,-1.6416267171469043
10.0,3.1420000000000003,-1.6455654024088495
10.0,3.144,-1.6495623935079458
10.0,3.146,-1.6536181862755868
10.0,3.148,-1.657733283942838
10.0,3.1500000000000004,-1.6619081972403091
10.0,3.152,-1.666143444499816
10.0,3.154,-1.6704395517577573
10.0,3.156,-1.6747970528602563
10.0,3.1580000000000004,-1.6792164895701431
10.0,3.16,-1.683698411675737
10.0,3.162,-1.6882433771015248
10.0,3.164,-1.6928519520207177
10.0,3.166,-1.6975247109697442
10.0,3.168,-1.7022622369647087
10.0,3.17,-1.7070651216198343
10.0,3.1719999999999997,-1.71193396526795
10.0,3.174,-1.7168693770830232
10.0,3.176,-1.7218719752048033
10.0,3.178,-1.72694238686559
10.0,3.1799999999999997,-1.732081248519172
10.0,3.182,-1.7372892059719676
10.0,3.184,-1.7425669145164133
10.0,3.186,-1.747915039066639
10.0,3.1879999999999997,-1.7533342542964276
10.0,3.19,-1.7588252447795938
10.0,3.192,-1.7643887051326999
10.0,3.194,-1.770025340160246
10.0,3.1959999999999997,-1.7757358650023294
10.0,3.198,-1.7815210052848287
10.0,3.2,-1.787381497272159
10.0,3.202,-1.7933180880226165
10.0,3.2039999999999997,-1.7993315355464066
10.0,3.206,-1.805422608966349
10.0,3.208,-1.8115920886813253
10.0,3.21,-1.8178407665325333
10.0,3.2119999999999997,-1.8241694459725806
10.0,3.214,-1.8305789422374534
10.0,3.216,-1.8370700825214237
10.0,3.218,-1.843643706154945
10.0,3.2199999999999998,-1.8503006647856028
10.0,3.222,-1.8570418225621446
10.0,3.224,-1.8638680563216201
10.0,3.226,-1.8707802557797764
10.0,3.2279999999999998,-1.8777793237246765
10.0,3.23,-1.8848661762136045
10.0,3.232,-1.892041742773361
10.0,3.234,-1.8993069666039764
10.0,3.2359999999999998,-1.9066628047859018
10.0,3.238,-1.9141102284907223
10.0,3.24,-1.9216502231954835
10.0,3.242,-1.9292837889006889
10.0,3.2439999999999998,-1.9370119403519932
10.0,3.246,-1.9448357072657
10.0,3.248,-1.952756134558111
10.0,3.25,-1.9607742825787753
10.0,3.252,-1.9688912273477446
10.0,3.254,-1.977108060796858
10.0,3.2560000000000002,-1.9854258910151548
10.0,3.258,-1.9938458424984722
10.0,3.26,-2.002369056403326
10.0,3.262,-2.0109966908050807
10.0,3.2640000000000002,-2.019729920960565
10.0,3.266,-2.028569939575144
10.0,3.268,-2.0375179570743613
10.0,3.27,-2.0465752018802092
10.0,3.2720000000000002,-2.0557429206920994
10.0,3.274,-2.0650223787726447
10.0,3.276,-2.0744148602383006
10.0,3.278,-2.083921668354949
10.0,3.2800000000000002,-2.0935441258385397
10.0,3.282,-2.103283575160823
10.0,3.284,-2.113141378860334
10.0,3.286,-2.1231189198586105
10.0,3.2880000000000003,-2.1332176017818356
10.0,3.29,-2.1434388492879295
10.0,3.292,-2.1537841083992166
10.0,3.294,-2.1642548468407234
10.0,3.2960000000000003,-2.174852554384236
10.0,3.298,-2.185578743198206
10.0,3.3,-2.1964349482035708
10.0,3.302,-2.2074227274356337
10.0,3.3040000000000003,-2.2185436624120443
10.0,3.306,-2.229799358507037
10.0,3.308,-2.241191445332
10.0,3.31,-2.2527215771224713
10.0,3.3120000000000003,-2.264391433131678
10.0,3.314,-2.2762027180307127
10.0,3.316,-2.2881571623154855
10.0,3.318,-2.3002565227205176
10.0,3.3200000000000003,-2.312502582639696
10.0,3.322,-2.3248971525541324
10.0,3.324,-2.3374420704671985
10.0,3.326,-2.3501392023468677
10.0,3.3280000000000003,-2.362990442575473
10.0,3.33,-2.3759977144070077
10.0,3.332,-2.3891629704320736
10.0,3.334,-2.402488193050611
10.0,3.3360000000000003,-2.415975394952487
10.0,3.338,-2.4296266196061227
10.0,3.34,-2.443443941755256
10.0,3.342,-2.4574294679239346
10.0,3.3440000000000003,-2.4715853369298917
10.0,3.346,-2.485913720406447
10.0,3.348,-2.5004168233330133
10.0,3.35,-2.51509688457437
10.0,3.3520000000000003,-2.529956177428812
10.0,3.354,-2.5449970101853125
10.0,3.356,-2.5602217266898393
10.0,3.358,-2.5756327069209224
10.0,3.3600000000000003,-2.591232367574621
10.0,3.362,-2.6070231626590434
10.0,3.364,-2.6230075840985156
10.0,3.366,-2.6391881623475486
10.0,3.3680000000000003,-2.655567467014709
10.0,3.37,-2.6721481074965903
10.0,3.372,-2.6889327336219404
10.0,3.374,-2.7059240363061305
10.0,3.3760000000000003,-2.72312474821605
10.0,3.378,-2.7405376444456095
10.0,3.38,-2.7581655432019723
10.0,3.382,-2.776011306502575
10.0,3.3840000000000003,-2.7940778408831624
10.0,3.386,-2.812368098116917
10.0,3.388,-2.8308850759448037
10.0,3.39,-2.849631818817252
10.0,3.3920000000000003,-2.8686114186473333
10.0,3.394,-2.887827015575491
10.0,3.396,-2.9072817987460278
10.0,3.398,-2.926979007095354
10.0,3.4000000000000004,-2.946921930152204
10.0,3.402,-2.9671139088498717
10.0,3.404,-2.987558336350597
10.0,3.406,-3.008258658882186
10.0,3.4080000000000004,-3.0292183765869343
10.0,3.41,-3.0504410443830126
10.0,3.412,-3.0719302728383235
10.0,3.414,-3.093689729056932
10.0,3.4160000000000004,-3.1157231375781134
10.0,3.418,-3.1380342812881654
10.0,3.42,-3.1606270023448757
10.0,3.4219999999999997,-3.183505203114856
10.0,3.424,-3.2066728471236514
10.0,3.426,-3.230133960018666
10.0,3.428,-3.253892630544972
10.0,3.4299999999999997,-3.27795301153392
10.0,3.432,-3.3023193209045703
10.0,3.434,-3.326995842677846
10.0,3.436,-3.3519869280034396
10.0,3.4379999999999997,-3.377296996199356
10.0,3.44,-3.4029305358039457
10.0,3.442,-3.428892105640359
10.0,3.444,-3.4551863358932886
10.0,3.4459999999999997,-3.4818179291978146
10.0,3.448,-3.5087916617401165
10.0,3.45,-3.536112384369842
10.0,3.452,-3.56378502372392
10.0,3.4539999999999997,-3.591814583361468
10.0,3.456,-3.62020614490943
10.0,3.458,-3.6489648692185734
10.0,3.46,-3.678095997529531
10.0,3.4619999999999997,-3.7076048526482164
10.0,3.464,-3.7374968401302433
10.0,3.466,-3.7677774494736354
10.0,3.468,-3.798452255319289
10.0,3.4699999999999998,-3.8295269186584093
10.0,3.472,-3.8610071880460852
10.0,3.474,-3.892898900820197
10.0,3.476,-3.9252079843246737
10.0,3.4779999999999998,-3.957940457136065
10.0,3.48,-3.991102430292216
10.0,3.482,-4.024700108521818
10.0,3.484,-4.058739791473499
10.0,3.4859999999999998,-4.093227874942878
10.0,3.488,-4.128170852095959
10.0,3.49,-4.163575314687072
10.0,3.492,-4.19944795426941
10.0,3.4939999999999998,-4.235795563396064
10.0,3.496,-4.272625036809153
10.0,3.498,-4.309943372614554
10.0,3.5,-4.347757673439575
15.0,1.5,-0.702805455755991
15.0,1.502,-0.7077188588527982
15.0,1.504,-0.7127000405538289
15.0,1.506,-0.7177499106925547
15.0,1.508,-0.7228693929105469
15.0,1.51,-0.7280594248872562
15.0,1.512,-0.7333209585740413
15.0,1.514,-0.7386549604324673
15.0,1.516,-0.7440624116770382
15.0,1.518,-0.7495443085224014
15.0,1.52,-0.7551016624351299
15.0,1.522,-0.7607355003902343
15.0,1.524,-0.7664468651324117
15.0,1.526,-0.77223681544225
15.0,1.528,-0.7781064264073706
15.0,1.53,-0.7840567896987505
15.0,1.532,-0.7900890138522108
15.0,1.534,-0.7962042245552989
15.0,1.536,-0.8024035649395893
15.0,1.538,-0.8086881958786112
15.0,1.54,-0.8150592962914761
15.0,1.542,-0.821518063452329
15.0,1.544,-0.8280657133058044
15.0,1.546,-0.8347034807885418
15.0,1.548,-0.8414326201570831
15.0,1.55,-0.8482544053219777
15.0,1.552,-0.8551701301886229
15.0,1.554,-0.862181109004662
15.0,1.556,-0.8692886767143527
15.0,1.558,-0.8764941893199125
15.0,1.56,-0.8837990242499991
15.0,1.562,-0.8912045807356159
15.0,1.564,-0.898712280193571
15.0,1.566,-0.9063235666175952
15.0,1.568,-0.9140399069773857
15.0,1.57,-0.9218627916257472
15.0,1.572,-0.9297937347140183
15.0,1.574,-0.9378342746160369
15.0,1.576,-0.9459859743607223
15.0,1.578,-0.9542504220736804
15.0,1.58,-0.9626292314278377
15.0,1.582,-0.9711240421035758
15.0,1.584,-0.9797365202582373
15.0,1.586,-0.988468359005898
15.0,1.588,-0.9973212789066311
15.0,1.59,-1.0062970284667132
15.0,1.592,-1.015397384648989
15.0,1.594,-1.024624153394345
15.0,1.596,-1.0339791701543035
15.0,1.598,-1.0434643004349344
15.0,1.6,-1.053081440352675
15.0,1.602,-1.0628325172020234
15.0,1.604,-1.0727194900356571
15.0,1.606,-1.082744350257219
15.0,1.608,-1.0929091222269873
15.0,1.61,-1.1032158638810587
15.0,1.612,-1.1136666673639604
15.0,1.614,-1.1242636596755515
15.0,1.616,-1.1350090033321167
15.0,1.618,-1.1459048970423082
15.0,1.62,-1.1569535763982588
15.0,1.6219999999999999,-1.1681573145822857
15.0,1.624,-1.1795184230894495
15.0,1.626,-1.1910392524665911
15.0,1.6280000000000001,-1.202722193068281
15.0,1.63,-1.2145696758297895
15.0,1.6320000000000001,-1.2265841730580243
15.0,1.634,-1.2387681992405695
15.0,1.6360000000000001,-1.251124311873336
15.0,1.638,-1.2636551123076436
15.0,1.6400000000000001,-1.2763632466165742
15.0,1.642,-1.289251406482008
15.0,1.6440000000000001,-1.302322330102026
15.0,1.646,-1.315578803119875
15.0,1.648,-1.3290236595746616
15.0,1.65,-1.342659782874629
15.0,1.652,-1.3564901067933417
15.0,1.654,-1.3705176164896788
15.0,1.656,-1.384745349552119
15.0,1.658,-1.3991763970679305
15.0,1.66,-1.4138139047180718
15.0,1.662,-1.42866107389833
15.0,1.664,-1.4437211628675657
15.0,1.666,-1.4589974879236287
15.0,1.668,-1.474493424607914
15.0,1.67,-1.49021240893894
15.0,1.672,-1.5061579386762483
15.0,1.674,-1.522333574614894
15.0,1.676,-1.5387429419118916
15.0,1.678,-1.5553897314449647
15.0,1.68,-1.572277701204852
15.0,1.682,-1.5894106777218235
15.0,1.684,-1.6067925575275934
15.0,1.686,-1.6244273086532315
15.0,1.688,-1.6423189721644507
15.0,1.69,-1.6604716637348436
15.0,1.692,-1.678889575258562
15.0,1.694,-1.697576976503121
15.0,1.696,-1.7165382168036087
15.0,1.698,-1.7357777267994496
15.0,1.7,-1.7553000202147917
15.0,1.702,-1.7751096956837036
15.0,1.704,-1.7952114386215983
15.0,1.706,-1.8156100231439138
15.0,1.708,-1.836310314033427
15.0,1.71,-1.8573172687576964
15.0,1.712,-1.8786359395379013
15.0,1.714,-1.9002714754705212
15.0,1.716,-1.9222291247031689
15.0,1.718,-1.9445142366666883
15.0,1.72,-1.96713226436438
15.0,1.722,-1.990088766720378
15.0,1.724,-2.0133894109889465
15.0,1.726,-2.0370399752262953
15.0,1.728,-2.061046350826588
15.0,1.73,-2.085414545124458
15.0,1.732,-2.110150684065636
15.0,1.734,-2.135261014947752
15.0,1.736,-2.1607519092336025
15.0,1.738,-2.186629865438991
15.0,1.74,-2.2129015120972295
15.0,1.742,-2.2395736108030544
15.0,1.744,-2.26665305933808
15.0,1.746,-2.2941468948805754
15.0,1.748,-2.322062297302103
15.0,1.75,-2.350406592554002
15.0,1.752,-2.379187256146507
15.0,1.754,-2.408411916723547
15.0,1.756,-2.438088359736529
15.0,1.758,-2.468224531220444
15.0,1.76,-2.4988285416757314
15.0,1.762,-2.529908670059541
15.0,1.764,-2.561473367890568
15.0,1.766,-2.5935312634710734
15.0,1.768,-2.6260911662305886
15.0,1.77,-2.659162071195885
15.0,1.772,-2.6927531635916804
15.0,1.774,-2.726873823577124
15.0,1.776,-2.7615336311234366
15.0,1.778,-2.7967423710379697
15.0,1.78,-2.8325100381406347
15.0,1.782,-2.868846842598879
15.0,1.784,-2.9057632154274984
15.0,1.786,-2.9432698141603364
15.0,1.788,-2.9813775287009197
15.0,1.79,-3.0200974873598296
15.0,1.792,-3.05944106308685
15.0,1.794,-3.0994198799064376
15.0,1.796,-3.1400458195655605
15.0,1.798,-3.1813310284037826
15.0,1.8,-3.2232879244554207
15.0,1.802,-3.2659292047950506
15.0,1.804,-3.309267853137406
15.0,1.806,-3.3533171477043586
15.0,1.808,-3.3980906693715953
15.0,1.81,-3.4436023101089948
15.0,1.812,-3.4898662817292476
15.0,1.814,-3.536897124960581
15.0,1.816,-3.5847097188598216
15.0,1.818,-3.6333192905838145
15.0,1.82,-3.6827414255378694
15.0,1.822,-3.732992077921342
15.0,1.824,-3.784087581691735
15.0,1.826,-3.836044661970072
15.0,1.828,-3.8888804469119926
15.0,1.83,-3.942612480070251
15.0,1.832,-3.99725873327663
15.0,1.834,-4.052837620072521
15.0,1.836,-4.109368009719876
15.0,1.838,-4.16686924182624
15.0,1.84,-4.225361141619824
15.0,1.842,-4.284864035913177
15.0,1.844,-4.345398769796559
15.0,1.846,-4.406986724105177
15.0,1.848,-4.469649833707294
15.0,1.85,-4.533410606663722
15.0,1.8519999999999999,-4.598292144312742
15.0,1.854,-4.664318162338247
15.0,1.8559999999999999,-4.731513012883069
15.0,1.858,-4.799901707774313
15.0,1.8599999999999999,-4.8695099429313515
15.0,1.862,-4.940364124033617
15.0,1.8639999999999999,-5.012491393529722
15.0,1.866,-5.085919659076446
15.0,1.8679999999999999,-5.160677623501768
15.0,1.87,-5.236794816394152
15.0,1.8719999999999999,-5.3143016274268104
15.0,1.874,-5.393229341535044
15.0,1.876,-5.473610176072546
15.0,1.8780000000000001,-5.5554773200833285
15.0,1.88,-5.638864975835277
15.0,1.8820000000000001,-5.723808402773674
15.0,1.884,-5.810343964064359
15.0,1.8860000000000001,-5.898509175910465
15.0,1.888,-5.98834275984003
15.0,1.8900000000000001,-6.079884698178618
15.0,1.892,-6.173176292936868
15.0,1.8940000000000001,-6.2682602283626165
15.0,1.896,-6.365180637426018
15.0,1.8980000000000001,-6.46398317252919
15.0,1.9,-6.564715080754339
15.0,1.9020000000000001,-6.667425283991354
15.0,1.904,-6.7721644643125645
15.0,1.9060000000000001,-6.878985154994208
15.0,1.908,-6.987941837615788
15.0,1.9100000000000001,-7.099091045706016
15.0,1.912,-7.212491475441519
15.0,1.9140000000000001,-7.32820410394865
15.0,1.916,-7.446292315802985
15.0,1.918,-7.566822038372852
15.0,1.92,-7.6898618867055095
15.0,1.922,-7.8154833187143655
15.0,1.924,-7.943760801487871
15.0,1.926,-8.074771989608582
15.0,1.928,-8.20859791644354
15.0,1.93,-8.345323199444593
15.0,1.932,-8.485036260579676
15.0,1.934,-8.62782956310245
15.0,1.936,-8.773799865958951
15.0,1.938,-8.923048497223
15.0,1.94,-9.075681648048029
15.0,1.942,-9.231810688717275
15.0,1.944,-9.391552508466077
15.0,1.946,-9.555029880834024
15.0,1.948,-9.722371856374952
15.0,1.95,-9.89371418460307
15.0,1.952,-10.069199767071064
15.0,1.954,-10.248979143448304
15.0,1.956,-10.43321101237389
15.0,1.958,-10.622062788674233
15.0,1.96,-10.815711198224134
15.0,1.962,-11.014342911245382
15.0,1.964,-11.218155214116665
15.0,1.966,-11.427356718727236
15.0,1.968,-11.642168106932093
15.0,1.97,-11.8628229056057
15.0,1.972,-12.089568284939665
15.0,1.974,-12.322665868712503
15.0,1.976,-12.562392539901
15.0,1.978,-12.809041217702662
15.0,1.98,-13.062921572109719
15.0,1.982,-13.324360628690705
15.0,1.984,-13.59370319793366
15.0,1.986,-13.8713120386618
15.0,1.988,-14.157567631304742
15.0,1.99,-14.452867390995115
15.0,1.992,-14.757624088196991
15.0,1.994,-15.072263159931168
15.0,1.996,-15.397218479603353
15.0,1.998,-15.732925997166252
15.0,2.0,-16.079814449492893
15.0,2.002,-16.438292054680407
15.0,2.004,-16.808727719826614
15.0,2.0060000000000002,-17.19142478110151
15.0,2.008,-17.586584626467893
15.0,2.01,-17.994256697783715
15.0,2.012,-18.414270322022844
15.0,2.0140000000000002,-18.84614262435126
15.0,2.016,-19.288955586917986
15.0,2.018,-19.741194523928186
15.0,2.02,-20.200540653491718
15.0,2.0220000000000002,-20.66361356737631
15.0,2.024,-21.12566775529975
15.0,2.026,-21.580264586626523
15.0,2.028,-22.018971346335007
15.0,2.0300000000000002,-22.431183696655687
15.0,2.032,-22.804220089657832
15.0,2.034,-23.123870655064685
15.0,2.036,-23.375550053729263
15.0,2.0380000000000003,-23.546049434202704
15.0,2.04,-23.625604333011275
15.0,2.042,-23.60970987102541
15.0,2.044,-23.500038595898513
15.0,2.0460000000000003,-23.30409300436941
15.0,2.048,-23.03373509942962
15.0,2.05,-22.703152985090544
15.0,2.052,-22.32690764290464
15.0,2.0540000000000003,-21.918486772097268
15.0,2.056,-21.48948811356124
15.0,2.058,-21.049337057436375
15.0,2.06,-20.605359379804895
15.0,2.0620000000000003,-20.163040085811524
15.0,2.064,-19.726347689649483
15.0,2.066,-19.298053237104718
15.0,2.068,-18.88001047315992
15.0,2.0700000000000003,-18.473386354615766
15.0,2.072,-18.0788430771051
15.0,2.074,-17.696677950965736
15.0,2.076,-17.326928886210094
15.0,2.078,-16.969452876531008
15.0,2.08,-16.62398379879981
15.0,2.082,-16.290174621128276
15.0,2.084,-15.967627985533035
15.0,2.086,-15.65591818679422
15.0,2.088,-15.354606817440972
15.0,2.09,-15.063253768741339
15.0,2.092,-14.78142483845672
15.0,2.094,-14.508696867734578
15.0,2.096,-14.244661085791892
15.0,2.098,-13.988925161009078
15.0,2.1,-13.741114324402181
15.0,2.102,-13.500871833836815
15.0,2.104,-13.267858975546137
15.0,2.106,-13.041754746698393
15.0,2.108,-12.822255323879357
15.0,2.11,-12.609073393730391
15.0,2.112,-12.401937400889265
15.0,2.114,-12.200590752845672
15.0,2.116,-12.004791009875166
15.0,2.118,-11.814309079796457
15.0,2.12,-11.62892843110708
15.0,2.122,-11.448444333523186
15.0,2.124,-11.272663131639732
15.0,2.126,-11.101401555032242
15.0,2.128,-10.934486066393852
15.0,2.13,-10.771752248078057
15.0,2.132,-10.613044226558108
15.0,2.134,-10.458214133731534
15.0,2.136,-10.30712160361129
15.0,2.138,-10.159633302709011
15.0,2.14,-10.015622492281809
15.0,2.142,-9.8749686205607
15.0,2.144,-9.73755694307562
15.0,2.146,-9.603278169230572
15.0,2.148,-9.472028133342684
15.0,2.15,-9.343707488439483
15.0,2.152,-9.218221421195482
15.0,2.154,-9.095479386484694
15.0,2.156,-8.975394860119202
15.0,2.158,-8.857885108440444
15.0,2.16,-8.742870973520098
15.0,2.162,-8.630276672817988
15.0,2.164,-8.52002961222685
15.0,2.166,-8.412060211515195
15.0,2.168,-8.306301741252641
15.0,2.17,-8.202690170373417
15.0,2.172,-8.101164023597228
15.0,2.174,-8.00166424798856
15.0,2.176,-7.904134087989761
15.0,2.178,-7.808518968316383
15.0,2.18,-7.714766384149383
15.0,2.182,-7.622825798104101
15.0,2.184,-7.5326485434949655
15.0,2.186,-7.444187733453331
15.0,2.188,-7.357398175488836
15.0,2.19,-7.272236291117257
15.0,2.192,-7.188660040205564
15.0,2.194,-7.106628849712652
15.0,2.196,-7.026103546527324
15.0,2.198,-6.947046294128885
15.0,2.2,-6.869420532815007
15.0,2.202,-6.793190923261698
15.0,2.2039999999999997,-6.718323293196566
15.0,2.206,-6.6447845869835
15.0,2.208,-6.57254281793116
15.0,2.21,-6.50156702315123
15.0,2.2119999999999997,-6.431827220805243
15.0,2.214,-6.363294369590097
15.0,2.216,-6.295940330323048
15.0,2.218,-6.229737829496756
15.0,2.2199999999999998,-6.164660424684013
15.0,2.222,-6.100682471680346
15.0,2.224,-6.0377790932800615
15.0,2.226,-5.975926149588605
15.0,2.2279999999999998,-5.915100209780746
15.0,2.23,-5.855278525220179
15.0,2.232,-5.796439003861701
15.0,2.234,-5.7385601858623625
15.0,2.2359999999999998,-5.6816212203329
15.0,2.238,-5.625601843165273
15.0,2.24,-5.570482355876188
15.0,2.242,-5.516243605410361
15.0,2.2439999999999998,-5.462866964850921
15.0,2.246,-5.410334314987749
15.0,2.248,-5.358628026697513
15.0,2.25,-5.307730944091985
15.0,2.252,-5.257626368394161
15.0,2.254,-5.208298042503971
15.0,2.2560000000000002,-5.159730136217844
15.0,2.258,-5.111907232068306
15.0,2.26,-5.064814311752133
15.0,2.262,-5.018436743117265
15.0,2.2640000000000002,-4.972760267680513
15.0,2.266,-4.927770988649602
15.0,2.268,-4.883455359424778
15.0,2.27,-4.83980017255668
15.0,2.2720000000000002,-4.796792549138283
15.0,2.274,-4.754419928610156
15.0,2.276,-4.712670058959372
15.0,2.278,-4.671530987293628
15.0,2.2800000000000002,-4.6309910507729715
15.0,2.282,-4.591038867882588
15.0,2.284,-4.551663330031036
15.0,2.286,-4.512853593459109
15.0,2.2880000000000003,-4.474599071445402
15.0,2.29,-4.4368894267951555
15.0,2.292,-4.399714564599954
15.0,2.294,-4.3630646252563565
15.0,2.2960000000000003,-4.326929977732183
15.0,2.298,-4.291301213069687
15.0,2.3,-4.256169138115521
15.0,2.302,-4.221524769467917
15.0,2.3040000000000003,-4.187359327631828
15.0,2.306,-4.153664231373387
15.0,2.308,-4.120431092265404
15.0,2.31,-4.087651709416127
15.0,2.3120000000000003,-4.055318064373685
15.0,2.314,-4.023422316199177
15.0,2.316,-3.9919567967015994
15.0,2.318,-3.9609140058282417
15.0,2.3200000000000003,-3.9302866072043234
15.0,2.322,-3.9000674238161066
15.0,2.324,-3.8702494338318023
15.0,2.326,-3.84082576655509
15.0,2.3280000000000003,-3.811789698506093
15.0,2.33,-3.7831346496249436
15.0,2.332,-3.7548541795933876
15.0,2.334,-3.726941984269958
15.0,2.336,-3.699391892234572
15.0,2.338,-3.672197861438376
15.0,2.34,-3.6453539759551727
15.0,2.342,-3.618854442830563
15.0,2.344,-3.592693589025442
15.0,2.346,-3.5668658584502917
15.0,2.348,-3.5413658090872375
15.0,2.35,-3.5161881101965795
15.0,2.352,-3.4913275396050065
15.0,2.354,-3.4667789810724905
15.0,2.356,-3.4425374217352767
15.0,2.358,-3.41859794962227
15.0,2.36,-3.394955751242331
15.0,2.362,-3.3716061092400844
15.0,2.364,-3.3485444001179716
15.0,2.366,-3.3257660920221954
15.0,2.368,-3.3032667425906577
15.0,2.37,-3.281041996860568
15.0,2.372,-3.2590875852340395
15.0,2.374,-3.2373993214995265
15.0,2.376,-3.215973100907515
15.0,2.378,-3.194804898298532
15.0,2.38,-3.173890766281948
15.0,2.382,-3.15322683346381
15.0,2.384,-3.132809302722324
15.0,2.386,-3.1126344495292866
15.0,2.388,-3.0926986203162308
15.0,2.39,-3.0729982308837105
15.0,2.392,-3.05352976485254
15.0,2.394,-3.0342897721555886
15.0,2.396,-3.0152748675689485
15.0,2.398,-2.996481729281266
15.0,2.4,-2.9779070975000628
15.0,2.402,-2.9595477730939344
15.0,2.404,-2.9414006162696236
15.0,2.406,-2.923462545282754
15.0,2.408,-2.9057305351814784
15.0,2.41,-2.888201616581807
15.0,2.412,-2.8708728744739167
15.0,2.414,-2.8537414470583267
15.0,2.416,-2.836804524611289
15.0,2.418,-2.8200593483783436
15.0,2.42,-2.803503209495377
15.0,2.422,-2.7871334479363186
15.0,2.424,-2.7709474514867534
15.0,2.426,-2.7549426547426723
15.0,2.428,-2.73911653813373
15.0,2.43,-2.7234666269702066
15.0,2.432,-2.707990490513143
15.0,2.434,-2.6926857410668523
15.0,2.436,-2.6775500330933744
15.0,2.438,-2.662581062348051
15.0,2.44,-2.6477765650358553
15.0,2.442,-2.6331343169877157
15.0,2.444,-2.6186521328564623
15.0,2.446,-2.6043278653317077
15.0,2.448,-2.5901594043732774
15.0,2.45,-2.576144676462601
15.0,2.452,-2.562281643871642
15.0,2.454,-2.5485683039488567
15.0,2.456,-2.5350026884217645
15.0,2.458,-2.5215828627156456
15.0,2.46,-2.5083069252880104
15.0,2.4619999999999997,-2.4951730069783347
15.0,2.464,-2.4821792703727428
15.0,2.466,-2.4693239091832093
15.0,2.468,-2.456605147640917
15.0,2.4699999999999998,-2.4440212399033605
15.0,2.472,-2.431570469474931
15.0,2.474,-2.4192511486405475
15.0,2.476,-2.4070616179120603
15.0,2.4779999999999998,-2.3950002454870383
15.0,2.48,-2.3830654267197096
15.0,2.482,-2.371255583603693
15.0,2.484,-2.359569164266209
15.0,2.4859999999999998,-2.34800464247353
15.0,2.488,-2.3365605171473502
15.0,2.49,-2.325235311891845
15.0,2.492,-2.3140275745310825
15.0,2.4939999999999998,-2.302935876656621
15.0,2.496,-2.2919588131849595
15.0,2.498,-2.2810950019246476
15.0,2.5,-2.2703430831528206
15.0,2.502,-2.2597017192008853
15.0,2.504,-2.2491695940491736
15.0,2.5060000000000002,-2.238745412930344
15.0,2.508,-2.228427901941303
15.0,2.51,-2.218215807663447
15.0,2.512,-2.208107896791018
15.0,2.5140000000000002,-2.1981029557674043
15.0,2.516,-2.188199790429162
15.0,2.518,-2.1783972256576183
15.0,2.52,-2.168694105037796
15.0,2.5220000000000002,-2.159089290524598
15.0,2.524,-2.1495816621159856
15.0,2.526,-2.140170117533031
15.0,2.528,-2.1308535719066763
15.0,2.5300000000000002,-2.1216309574710475
15.0,2.532,-2.112501223263137
15.0,2.534,-2.103463334828779
15.0,2.536,-2.0945162739346737
15.0,2.5380000000000003,-2.0856590382864204
15.0,2.54,-2.076890641252345
15.0,2.542,-2.0682101115930416
15.0,2.544,-2.059616493196446
15.0,2.5460000000000003,-2.0511088448183816
15.0,2.548,-2.042686239828377
15.0,2.55,-2.0343477659607196
15.0,2.552,-2.026092525070532
15.0,2.5540000000000003,-2.0179196328948494
15.0,2.556,-2.0098282188185297
15.0,2.558,-2.0018174256449117
15.0,2.56,-1.9938864093710773
15.0,2.5620000000000003,-1.9860343389676909
15.0,2.564,-1.9782603961632517
15.0,2.566,-1.9705637752326568
15.0,2.568,-1.9629436827900213
15.0,2.5700000000000003,-1.9553993375856673
15.0,2.572,-1.9479299703071218
15.0,2.574,-1.9405348233840942
15.0,2.576,-1.9332131507973613
15.0,2.5780000000000003,-1.9259642178914052
15.0,2.58,-1.9187873011908039
15.0,2.582,-1.9116816882202134
15.0,2.584,-1.9046466773279387
15.0,2.5860000000000003,-1.8976815775129725
15.0,2.588,-1.8907857082554405
15.0,2.59,-1.883958399350352
15.0,2.592,-1.8771989907446687
15.0,2.5940000000000003,-1.8705068323775011
15.0,2.596,-1.8638812840234784
15.0,2.598,-1.8573217151391503
15.0,2.6,-1.8508275047123945
15.0,2.6020000000000003,-1.844398041114757
15.0,2.604,-1.838032721956648
15.0,2.606,-1.831730953945382
15.0,2.608,-1.8254921527459294
15.0,2.6100000000000003,-1.8193157428443953
15.0,2.612,-1.8132011574141382
15.0,2.614,-1.8071478381844488
15.0,2.616,-1.8011552353117912
15.0,2.6180000000000003,-1.7952228072535157
15.0,2.62,-1.7893500206440025
15.0,2.622,-1.7835363501731785
15.0,2.624,-1.7777812784674027
15.0,2.6260000000000003,-1.7720842959725858
15.0,2.628,-1.7664449008396055
15.0,2.63,-1.7608625988118778
15.0,2.632,-1.755336903115106
15.0,2.6340000000000003,-1.7498673343491276
15.0,2.636,-1.7444534203818418
15.0,2.638,-1.7390946962451506
15.0,2.64,-1.7337907040328935
15.0,2.6420000000000003,-1.7285409928007378
15.0,2.644,-1.7233451184679769
15.0,2.646,-1.7182026437211988
15.0,2.648,-1.7131131379197904
15.0,2.6500000000000004,-1.7080761770032613
15.0,2.652,-1.7030913434003203
15.0,2.654,-1.698158225939677
15.0,2.6559999999999997,-1.6932764197625791
15.0,2.658,-1.6884455262369666
15.0,2.66,-1.6836651528733313
15.0,2.662,-1.6789349132421183
15.0,2.6639999999999997,-1.6742544268927326
15.0,2.666,-1.6696233192741097
15.0,2.668,-1.665041221656758
15.0,2.67,-1.660507771056349
15.0,2.6719999999999997,-1.6560226101587194
15.0,2.674,-1.6515853872463324
15.0,2.676,-1.6471957561261588
15.0,2.678,-1.6428533760589246
15.0,2.6799999999999997,-1.638557911689715
15.0,2.682,-1.634309032979937
15.0,2.684,-1.6301064151405598
15.0,2.686,-1.6259497385666768
15.0,2.6879999999999997,-1.6218386887733054
15.0,2.69,-1.6177729563324326
15.0,2.692,-1.613752236811309
15.0,2.694,-1.6097762307119032
15.0,2.6959999999999997,-1.6058446434115468
15.0,2.698,-1.6019571851047587
15.0,2.7,-1.5981135707461807
15.0,2.702,-1.5943135199946392
15.0,2.7039999999999997,-1.5905567571583277
15.0,2.706,-1.5868430111410157
15.0,2.708,-1.583172015389395
15.0,2.71,-1.5795435078414097
15.0,2.7119999999999997,-1.5759572308756409
15.0,2.714,-1.5724129312617041
15.0,2.716,-1.5689103601116297
15.0,2.718,-1.5654492728322256
15.0,2.7199999999999998,-1.5620294290784134
15.0,2.722,-1.5586505927074923
15.0,2.724,-1.5553125317343464
15.0,2.726,-1.5520150182875772
15.0,2.7279999999999998,-1.5487578285665073
15.0,2.73,-1.5455407427991261
15.0,2.732,-1.5423635452008475
15.0,2.734,-1.5392260239341922
15.0,2.7359999999999998,-1.5361279710692575
15.0,2.738,-1.5330691825450797
15.0,2.74,-1.530049458131768
15.0,2.742,-1.5270686013935122
15.0,2.7439999999999998,-1.5241264196523043
15.0,2.746,-1.5212227239525382
15.0,2.748,-1.518357329026321
15.0,2.75,-1.5155300532595848
15.0,2.752,-1.5127407186589235
15.0,2.754,-1.5099891508192251
15.0,2.7560000000000002,-1.5072751788919605
15.0,2.758,-1.5045986355542798
15.0,2.76,-1.5019593569787502
15.0,2.762,-1.4993571828038563
15.0,2.7640000000000002,-1.4967919561051533
15.0,2.766,-1.4942635233671382
15.0,2.768,-1.4917717344557724
15.0,2.77,-1.4893164425916887
15.0,2.7720000000000002,-1.4868975043240493
15.0,2.774,-1.4845147795050857
15.0,2.776,-1.4821681312652224
15.0,2.778,-1.4798574259889041
15.0,2.7800000000000002,-1.47758253329101
15.0,2.782,-1.4753433259939035
15.0,2.784,-1.4731396801051027
15.0,2.786,-1.4709714747955418
15.0,2.7880000000000003,-1.4688385923784508
15.0,2.79,-1.4667409182888203
15.0,2.792,-1.4646783410634616
15.0,2.794,-1.4626507523216457
15.0,2.7960000000000003,-1.4606580467463102
15.0,2.798,-1.4587001220658513
15.0,2.8,-1.4567768790364741
15.0,2.802,-1.454888221425104
15.0,2.8040000000000003,-1.4530340559928496
15.0,2.806,-1.4512142924790083
15.0,2.808,-1.449428843585647
15.0,2.81,-1.4476776249626662
15.0,2.8120000000000003,-1.445960555193464
15.0,2.814,-1.4442775557810772
15.0,2.816,-1.442628551134884
15.0,2.818,-1.4410134685578089
15.0,2.8200000000000003,-1.439432238234055
15.0,2.822,-1.4378847932173469
15.0,2.824,-1.4363710694196683
15.0,2.826,-1.4348910056005668
15.0,2.8280000000000003,-1.433444543356874
15.0,2.83,-1.432031627113001
15.0,2.832,-1.4306522041116811
15.0,2.834,-1.4293062244052532
15.0,2.8360000000000003,-1.4279936408473795
15.0,2.838,-1.4267144090853239
15.0,2.84,-1.4254684875526422
15.0,2.842,-1.4242558374624157
15.0,2.8440000000000003,-1.4230764228009365
15.0,2.846,-1.421930210321879
15.0,2.848,-1.4208171695409577
15.0,2.85,-1.4197372727310427
15.0,2.8520000000000003,-1.4186904949177697
15.0,2.854,-1.4176768138756177
15.0,2.856,-1.4166962101244498
15.0,2.858,-1.4157486669265307
15.0,2.8600000000000003,-1.4148341702840108
15.0,2.862,-1.4139527089368924
15.0,2.864,-1.4131042743614297
15.0,2.866,-1.4122888607690418
15.0,2.8680000000000003,-1.4115064651056428
15.0,2.87,-1.4107570870514763
15.0,2.872,-1.410040729021387
15.0,2.874,-1.4093573961655874
15.0,2.8760000000000003,-1.4087070963708517
15.0,2.878,-1.4080898402622015
15.0,2.88,-1.4075056412050413
15.0,2.882,-1.4069545153077814
15.0,2.8840000000000003,-1.4064364814248864
15.0,2.886,-1.4059515611604314
15.0,2.888,-1.4054997788720969
15.0,2.89,-1.4050811616756362
15.0,2.8920000000000003,-1.4046957394498194
15.0,2.894,-1.4043435448418435
15.0,2.896,-1.4040246132731995
15.0,2.898,-1.4037389829460236
15.0,2.9000000000000004,-1.4034866948499192
15.0,2.902,-1.403267792769258
15.0,2.904,-1.4030823232909362
15.0,2.906,-1.4029303358126293
15.0,2.908,-1.4028118825515155
15.0,2.91,-1.4027270185534944
15.0,2.912,-1.4026758017028547
15.0,2.9139999999999997,-1.4026582927324738
15.0,2.916,-1.4026745552344724
15.0,2.918,-1.4027246556713615
15.0,2.92,-1.4028086633877082
15.0,2.9219999999999997,-1.4029266506222586
15.0,2.924,-1.403078692520595
15.0,2.926,-1.4032648671482686
15.0,2.928,-1.403485255504462
15.0,2.9299999999999997,-1.403739941536128
15.0,2.932,-1.404029012152677
15.0,2.934,-1.4043525572411466
15.0,2.936,-1.4047106696819047
15.0,2.9379999999999997,-1.405103445364887
15.0,2.94,-1.405530983206336
15.0,2.942,-1.4059933851660906
15.0,2.944,-1.4064907562654034
15.0,2.9459999999999997,-1.4070232046052964
15.0,2.948,-1.407590841385458
15.0,2.95,-1.408193780923714
15.0,2.952,-1.4088321406760036
15.0,2.9539999999999997,-1.4095060412569602
15.0,2.956,-1.4102156064610387
15.0,2.958,-1.4109609632842015
15.0,2.96,-1.4117422419461998
15.0,2.9619999999999997,-1.4125595759134124
15.0,2.964,-1.4134131019222966
15.0,2.966,-1.414302960003411
15.0,2.968,-1.415229293506033
15.0,2.9699999999999998,-1.41619224912341
15.0,2.972,-1.417191976918584
15.0,2.974,-1.4182286303508604
15.0,2.976,-1.4193023663028916
15.0,2.9779999999999998,-1.4204133451083831
15.0,2.98,-1.4215617305804626
15.0,2.982,-1.4227476900406573
15.0,2.984,-1.4239713943485666
15.0,2.9859999999999998,-1.425233017932161
15.0,2.988,-1.4265327388187632
15.0,2.99,-1.4278707386667169
15.0,2.992,-1.4292472027977126
15.0,2.9939999999999998,-1.4306623202298339
15.0,2.996,-1.4321162837112866
15.0,2.998,-1.4336092897548531
15.0,3.0,-1.4351415386730568
15.0,3.002,-1.4367132346140534
15.0,3.004,-1.4383245855982654
15.0,3.0060000000000002,-1.4399758035557728
15.0,3.008,-1.4416671043644316
15.0,3.01,-1.443398707888808
15.0,3.012,-1.4451708380198434
15.0,3.0140000000000002,-1.4469837227153213
15.0,3.016,-1.4488375940411622
15.0,3.018,-1.4507326882134883
15.0,3.02,-1.4526692456415293
15.0,3.0220000000000002,-1.4546475109713635
15.0,3.024,-1.456667733130488
15.0,3.026,-1.4587301653732694
15.0,3.028,-1.460835065327236
15.0,3.0300000000000002,-1.4629826950402602
15.0,3.032,-1.465173321028658
15.0,3.034,-1.467407214326148
15.0,3.036,-1.4696846505337753
15.0,3.0380000000000003,-1.4720059098707416
15.0,3.04,-1.4743712772261803
15.0,3.042,-1.4767810422119187
15.0,3.044,-1.4792354992161918
15.0,3.0460000000000003,-1.4817349474583439
15.0,3.048,-1.4842796910445464
15.0,3.05,-1.4868700390245404
15.0,3.052,-1.489506305449394
15.0,3.0540000000000003,-1.492188809430322
15.0,3.056,-1.4949178751985825
15.0,3.058,-1.4976938321664335
15.0,3.06,-1.5005170149892124
15.0,3.0620000000000003,-1.5033877636285198
15.0,3.064,-1.5063064234165433
15.0,3.066,-1.509273345121525
15.0,3.068,-1.5122888850144096
15.0,3.0700000000000003,-1.5153534049366855
15.0,3.072,-1.5184672723694106
15.0,3.074,-1.5216308605034914
15.0,3.076,-1.524844548311194
15.0,3.0780000000000003,-1.5281087206189217
15.0,3.08,-1.5314237681812921
15.0,3.082,-1.5347900877564922
15.0,3.084,-1.5382080821830035
15.0,3.0860000000000003,-1.5416781604576382
15.0,3.088,-1.5452007378149735
15.0,3.09,-1.5487762358081607
15.0,3.092,-1.5524050823911784
15.0,3.0940000000000003,-1.556087712002484
15.0,3.096,-1.5598245656501721
15.0,3.098,-1.5636160909985932
15.0,3.1,-1.5674627424565029
15.0,3.1020000000000003,-1.5713649812667234
15.0,3.104,-1.5753232755973996
15.0,3.106,-1.5793381006348168
15.0,3.108,-1.583409938677852
15.0,3.1100000000000003,-1.58753927923406
15.0,3.112,-1.591726619117423
15.0,3.114,-1.5959724625478209
15.0,3.116,-1.6002773212521895
15.0,3.1180000000000003,-1.6046417145674787
15.0,3.12,-1.6090661695453647
15.0,3.122,-1.6135512210587772
15.0,3.124,-1.6180974119102984
15.0,3.1260000000000003,-1.6227052929424193
15.0,3.128,-1.6273754231496933
15.0,3.13,-1.6321083697928658
15.0,3.132,-1.636904708514946
15.0,3.1340000000000003,-1.641765023459314
15.0,3.136,-1.64668990738984
15.0,3.138,-1.651679961813113
15.0,3.14,-1.6567357971027628
15.0,3.1420000000000003,-1.6618580326259322
15.0,3.144,-1.667047296871946
15.0,3.146,-1.6723042275832087
15.0,3.148,-1.6776294718883342
15.0,3.1500000000000004,-1.6830236864376167
15.0,3.152,-1.6884875375408168
15.0,3.154,-1.694021701307332
15.0,3.156,-1.699626863788818
15.0,3.1580000000000004,-1.7053037211242275
15.0,3.16,-1.7110529796873934
15.0,3.162,-1.7168753562371628
15.0,3.164,-1.7227715780701045
15.0,3.166,-1.7287423831758775
15.0,3.168,-1.734788520395283
15.0,3.17,-1.7409107495810414
15.0,3.1719999999999997,-1.7471098417613604
15.0,3.174,-1.753386579306343
15.0,3.176,-1.7597417560972415
15.0,3.178,-1.7661761776986835
15.0,3.1799999999999997,-1.7726906615338556
15.0,3.182,-1.779286037062725
15.0,3.184,-1.7859631459633452
15.0,3.186,-1.792722842316314
15.0,3.1879999999999997,-1.7995659927924248
15.0,3.19,-1.8064934768435528
15.0,3.192,-1.8135061868968823
15.0,3.194,-1.8206050285524675
15.0,3.1959999999999997,-1.8277909207842538
15.0,3.198,-1.8350647961445652
15.0,3.2,-1.842427600972142
15.0,3.202,-1.8498802956037856
15.0,3.2039999999999997,-1.857423854589715
15.0,3.206,-1.8650592669126036
15.0,3.208,-1.8727875362104633
15.0,3.21,-1.8806096810033865
15.0,3.2119999999999997,-1.888526734924236
15.0,3.214,-1.8965397469533403
15.0,3.216,-1.9046497816572585
15.0,3.218,-1.9128579194317181
15.0,3.2199999999999998,-1.9211652567487718
15.0,3.222,-1.9295729064082443
15.0,3.224,-1.9380819977935597
15.0,3.226,-1.9466936771320236
15.0,3.2279999999999998,-1.9554091077596578
15.0,3.23,-1.9642294703905967
15.0,3.232,-1.973155963391211
15.0,3.234,-1.9821898030590168
15.0,3.2359999999999998,-1.9913322239064037
15.0,3.238,-2.0005844789493388
15.0,3.24,-2.009947840001105
15.0,3.242,-2.0194235979711057
15.0,3.2439999999999998,-2.0290130631689713
15.0,3.246,-2.0387175656138754
15.0,3.248,-2.048538455349292
15.0,3.25,-2.0584771027632365
15.0,3.252,-2.0685348989140846
15.0,3.254,-2.0787132558620733
15.0,3.2560000000000002,-2.08901360700658
15.0,3.258,-2.0994374074292876
15.0,3.26,-2.109986134243343
15.0,3.262,-2.120661286948587
15.0,3.2640000000000002,-2.131464387793001
15.0,3.266,-2.1423969821404194
15.0,3.268,-2.1534606388447113
15.0,3.27,-2.1646569506304343
15.0,3.2720000000000002,-2.175987534480155
15.0,3.274,-2.187454032028498
15.0,3.276,-2.1990581099631044
15.0,3.278,-2.2108014604325246
15.0,3.2800000000000002,-2.222685801461262
15.0,3.282,-2.234712877372025
15.0,3.284,-2.2468844592153485
15.0,3.286,-2.2592023452066727
15.0,3.2880000000000003,-2.2716683611710535
15.0,3.29,-2.28428436099561
15.0,3.292,-2.297052227089834
15.0,3.294,-2.3099738708539075
15.0,3.2960000000000003,-2.323051233155164
15.0,3.298,-2.336286284812816
15.0,3.3,-2.349681027091147
15.0,3.302,-2.363237492201197
15.0,3.3040000000000003,-2.37695774381121
15.0,3.306,-2.3908438775658967
15.0,3.308,-2.4048980216147404
15.0,3.31,-2.419122337149403
15.0,3.3120000000000003,-2.4335190189504616
15.0,3.314,-2.4480902959436053
15.0,3.316,-2.462838431765441
15.0,3.318,-2.4777657253390593
15.0,3.3200000000000003,-2.4928745114595547
15.0,3.322,-2.5081671613896144
15.0,3.324,-2.523646083465399
15.0,3.326,-2.53931372371283
15.0,3.3280000000000003,-2.555172566474464
15.0,3.33,-2.571225135047145
15.0,3.332,-2.5874739923306054
15.0,3.334,-2.603921741487158
15.0,3.3360000000000003,-2.620571026612673
15.0,3.338,-2.637424533419042
15.0,3.34,-2.6544849899282723
15.0,3.342,-2.67175516717842
15.0,3.3440000000000003,-2.6892378799415058
15.0,3.346,-2.706935987453647
15.0,3.348,-2.7248523941575775
15.0,3.35,-2.7429900504577054
15.0,3.3520000000000003,-2.761351953487936
15.0,3.354,-2.779941147892453
15.0,3.356,-2.798760726619624
15.0,3.358,-2.8178138317292296
15.0,3.3600000000000003,-2.837103655213214
15.0,3.362,-2.856633439830145
15.0,3.364,-2.8764064799535776
15.0,3.366,-2.8964261224345442
15.0,3.3680000000000003,-2.9166957674782634
15.0,3.37,-2.9372188695354033
15.0,3.372,-2.9579989382080134
15.0,3.374,-2.9790395391702784
15.0,3.3760000000000003,-3.0003442951043673
15.0,3.378,-3.021916886651523
15.0,3.38,-3.043761053378598
15.0,3.382,-3.0658805947601713
15.0,3.3840000000000003,-3.088279371176519
15.0,3.386,-3.1109613049275127
15.0,3.388,-3.1339303812627244
15.0,3.39,-3.1571906494278252
15.0,3.3920000000000003,-3.1807462237274797
15.0,3.394,-3.204601284604899
15.0,3.396,-3.228760079738233
15.0,3.398,-3.2532269251538577
15.0,3.4000000000000004,-3.2780062063567943
15.0,3.402,-3.303102379478355
15.0,3.404,-3.3285199724411374
15.0,3.406,-3.3542635861414456
15.0,3.4080000000000004,-3.3803378956492827
15.0,3.41,-3.4067476514259787
15.0,3.412,-3.4334976805595274
15.0,3.414,-3.4605928880176706
15.0,3.4160000000000004,-3.4880382579187517
15.0,3.418,-3.5158388548203963
15.0,3.42,-3.543999825026001
15.0,3.4219999999999997,-3.57252639790893
15.0,3.424,-3.601423887254457
15.0,3.426,-3.6306976926192758
15.0,3.428,-3.6603533007085294
15.0,3.4299999999999997,-3.6903962867701763
15.0,3.432,-3.7208323160064616
15.0,3.434,-3.7516671450022674
15.0,3.436,-3.78290662317013
15.0,3.4379999999999997,-3.8145566942115123
15.0,3.44,-3.846623397593941
15.0,3.442,-3.879112870043582
15.0,3.444,-3.912031347052754
15.0,3.4459999999999997,-3.9453851644017917
15.0,3.448,-3.979180759694518
15.0,3.45,-4.013424673906661
15.0,3.452,-4.048123552946321
15.0,3.4539999999999997,-4.083284149225617
15.0,3.456,-4.118913323242314
15.0,3.458,-4.1550180451703325
15.0,3.46,-4.191605396457893
15.0,3.4619999999999997,-4.228682571431749
15.0,3.464,-4.266256878905859
15.0,3.466,-4.30433574379284
15.0,3.468,-4.342926708716116
15.0,3.4699999999999998,-4.38203743562072
15.0,3.472,-4.421675707380156
15.0,3.474,-4.461849429396833
15.0,3.476,-4.5025666311931705
15.0,3.4779999999999998,-4.543835467990138
15.0,3.48,-4.5856642222696795
15.0,3.482,-4.628061305317267
15.0,3.484,-4.6710352587403445
15.0,3.4859999999999998,-4.714594755958034
15.0,3.488,-4.758748603657014
15.0,3.49,-4.803505743208004
15.0,3.492,-4.848875252036892
15.0,3.4939999999999998,-4.894866344943773
15.0,3.496,-4.941488375362568
15.0,3.498,-4.988750836553381
15.0,3.5,-5.036663362718819
20.0,1.5,-0.7556136806021563
20.0,1.502,-0.7612894649421089
20.0,1.504,-0.7670435479846878
20.0,1.506,-0.7728770510125581
20.0,1.508,-0.7787911139188973
20.0,1.51,-0.7847868955520042
20.0,1.512,-0.7908655740668314
20.0,1.514,-0.7970283472836449
20.0,1.516,-0.8032764330539284
20.0,1.518,-0.8096110696337123
20.0,1.52,-0.8160335160644598
20.0,1.522,-0.8225450525617078
20.0,1.524,-0.8291469809116188
20.0,1.526,-0.8358406248756032
20.0,1.528,-0.8426273306032086
20.0,1.53,-0.8495084670534547
20.0,1.532,-0.8564854264247863
20.0,1.534,-0.8635596245938235
20.0,1.536,-0.870732501563165
20.0,1.538,-0.8780055219183689
20.0,1.54,-0.8853801752943542
20.0,1.542,-0.8928579768514117
20.0,1.544,-0.9004404677610717
20.0,1.546,-0.9081292157020099
20.0,1.548,-0.9159258153662265
20.0,1.55,-0.9238318889757496
20.0,1.552,-0.9318490868100555
20.0,1.554,-0.9399790877444989
20.0,1.556,-0.9482235997999411
20.0,1.558,-0.956584360703887
20.0,1.56,-0.9650631384633368
20.0,1.562,-0.9736617319496589
20.0,1.564,-0.9823819714957537
20.0,1.566,-0.9912257195057139
20.0,1.568,-1.0001948710774067
20.0,1.57,-1.0092913546381093
20.0,1.572,-1.018517132593646
20.0,1.574,-1.0278742019912104
20.0,1.576,-1.037364595196261
20.0,1.578,-1.0469903805838183
20.0,1.58,-1.0567536632444234
20.0,1.582,-1.0666565857052086
20.0,1.584,-1.0767013286662839
20.0,1.586,-1.0868901117529293
20.0,1.588,-1.0972251942839537
20.0,1.59,-1.1077088760564187
20.0,1.592,-1.1183434981473914
20.0,1.594,-1.129131443732856
20.0,1.596,-1.1400751389244115
20.0,1.598,-1.1511770536239887
20.0,1.6,-1.162439702397173
20.0,1.602,-1.1738656453654324
20.0,1.604,-1.1854574891177785
20.0,1.606,-1.1972178876424253
20.0,1.608,-1.2091495432786015
20.0,1.61,-1.2212552076894048
20.0,1.612,-1.2335376828559286
20.0,1.614,-1.2459998220932837
20.0,1.616,-1.2586445310889738
20.0,1.618,-1.2714747689643093
20.0,1.62,-1.2844935493592335
20.0,1.6219999999999999,-1.2977039415413585
20.0,1.624,-1.3111090715395077
20.0,1.626,-1.324712123302747
20.0,1.6280000000000001,-1.338516339885202
20.0,1.63,-1.3525250246574618
20.0,1.6320000000000001,-1.3667415425452645
20.0,1.634,-1.3811693212960672
20.0,1.6360000000000001,-1.3958118527742363
20.0,1.638,-1.4106726942855528
20.0,1.6400000000000001,-1.4257554699318884
20.0,1.642,-1.4410638719967197
20.0,1.6440000000000001,-1.4566016623622202
20.0,1.646,-1.4723726739589726
20.0,1.648,-1.4883808122489262
20.0,1.65,-1.5046300567424242
20.0,1.652,-1.5211244625506612
20.0,1.654,-1.5378681619737482
20.0,1.656,-1.554865366126044
20.0,1.658,-1.5721203665992847
20.0,1.66,-1.5896375371647848
20.0,1.662,-1.6074213355155855
20.0,1.664,-1.625476305049821
20.0,1.666,-1.643807076696149
20.0,1.668,-1.6624183707827467
20.0,1.67,-1.6813149989508782
20.0,1.672,-1.7005018661142128
20.0,1.674,-1.7199839724652937
20.0,1.676,-1.7397664155305832
20.0,1.678,-1.7598543922751608
20.0,1.68,-1.780253201258799
20.0,1.682,-1.8009682448447304
20.0,1.684,-1.822005031462703
20.0,1.686,-1.843369177927827
20.0,1.688,-1.8650664118170424
20.0,1.69,-1.8871025739046838
20.0,1.692,-1.9094836206590693
20.0,1.694,-1.9322156268019413
20.0,1.696,-1.9553047879326075
20.0,1.698,-1.978757423218847
20.0,1.7,-2.002579978156604
20.0,1.702,-2.026779027400594
20.0,1.704,-2.0513612776681605
20.0,1.706,-2.07633357071861
20.0,1.708,-2.101702886410493
20.0,1.71,-2.1274763458393275
20.0,1.712,-2.1536612145585514
20.0,1.714,-2.1802649058861516
20.0,1.716,-2.207294984300196
20.0,1.718,-2.234759168925912
20.0,1.72,-2.262665337117767
20.0,1.722,-2.291021528139593
20.0,1.724,-2.3198359469461503
20.0,1.726,-2.3491169680699815
20.0,1.728,-2.3788731396169362
20.0,1.73,-2.4091131873744813
20.0,1.732,-2.43984601903683
20.0,1.734,-2.471080728551388
20.0,1.736,-2.5028266005904776
20.0,1.738,-2.535093115153739
20.0,1.74,-2.567889952305651
20.0,1.742,-2.6012269970536623
20.0,1.744,-2.6351143443721576
20.0,1.746,-2.669562304378271
20.0,1.748,-2.704581407665298
20.0,1.75,-2.740182410800242
20.0,1.752,-2.776376301992186
20.0,1.754,-2.813174306938311
20.0,1.756,-2.850587894855216
20.0,1.758,-2.888628784703205
20.0,1.76,-2.927308951611738
20.0,1.762,-2.9666406335149302
20.0,1.764,-3.0066363380059014
20.0,1.766,-3.047308849420067
20.0,1.768,-3.0886712361572437
20.0,1.77,-3.1307368582534743
20.0,1.772,-3.173519375214051
20.0,1.774,-3.2170327541196486
20.0,1.776,-3.261291278018449
20.0,1.778,-3.3063095546177177
20.0,1.78,-3.3521025252889802
20.0,1.782,-3.3986854744022805
20.0,1.784,-3.446074039005102
20.0,1.786,-3.4942842188633128
20.0,1.788,-3.5433323868819917
20.0,1.79,-3.593235299925163
20.0,1.792,-3.644010110054932
20.0,1.794,-3.6956743762112554
20.0,1.796,-3.748246076355379
20.0,1.798,-3.801743620101065
20.0,1.8,-3.856185861859351
20.0,1.802,-3.911592114524263
20.0,1.804,-3.9679821637283985
20.0,1.806,-4.02537628269935
20.0,1.808,-4.083795247749753
20.0,1.81,-4.143260354435827
20.0,1.812,-4.203793434421493
20.0,1.814,-4.265416873087579
20.0,1.816,-4.328153627928053
20.0,1.818,-4.392027247777853
20.0,1.82,-4.457061892919886
20.0,1.822,-4.523282356121754
20.0,1.824,-4.590714084655795
20.0,1.826,-4.659383203359877
20.0,1.828,-4.72931653879959
20.0,1.83,-4.800541644596705
20.0,1.832,-4.873086827992819
20.0,1.834,-4.946981177721285
20.0,1.836,-5.022254593265513
20.0,1.838,-5.098937815586471
20.0,1.84,-5.1770624594073595
20.0,1.842,-5.25666104714913
20.0,1.844,-5.33776704461621
20.0,1.846,-5.420414898537946
20.0,1.848,-5.504640076077702
20.0,1.85,-5.5904791064282975
20.0,1.8519999999999999,-5.677969624619534
20.0,1.854,-5.767150417670819
20.0,1.8559999999999999,-5.858061473229393
20.0,1.858,-5.950744030842964
20.0,1.8599999999999999,-6.045240636022587
20.0,1.862,-6.141595197261044
20.0,1.8639999999999999,-6.2398530461786645
20.0,1.866,-6.3400610009781655
20.0,1.8679999999999999,-6.4422674333963
20.0,1.87,-6.54652233934932
20.0,1.8719999999999999,-6.6528774134743305
20.0,1.874,-6.7613861277762854
20.0,1.876,-6.872103814593357
20.0,1.8780000000000001,-6.98508775409797
20.0,1.88,-7.100397266549808
20.0,1.8820000000000001,-7.218093809516365
20.0,1.884,-7.338241080268658
20.0,1.8860000000000001,-7.460905123550195
20.0,1.888,-7.586154444898051
20.0,1.8900000000000001,-7.714060129670869
20.0,1.892,-7.844695967901485
20.0,1.8940000000000001,-7.978138585044916
20.0,1.896,-8.114467578626698
20.0,1.8980000000000001,-8.253765660714114
20.0,1.9,-8.396118806022226
20.0,1.9020000000000001,-8.541616405328734
20.0,1.904,-8.69035142369141
20.0,1.9060000000000001,-8.842420562737953
20.0,1.908,-8.997924426010023
20.0,1.9100000000000001,-9.156967685985343
20.0,1.912,-9.319659250947096
20.0,1.9140000000000001,-9.486112429304141
20.0,1.916,-9.656445088251909
20.0,1.918,-9.830779802775275
20.0,1.92,-10.009243989878414
20.0,1.922,-10.191970021534242
20.0,1.924,-10.37909530810217
20.0,1.926,-10.570762341782622
20.0,1.928,-10.76711868694999
20.0,1.93,-10.968316900792505
20.0,1.932,-11.174514363416378
20.0,1.934,-11.385872991223865
20.0,1.936,-11.60255880067835
20.0,1.938,-11.82474128118415
20.0,1.94,-12.052592525310057
20.0,1.942,-12.286286051448009
20.0,1.944,-12.52599523757562
20.0,1.946,-12.771891264293133
20.0,1.948,-13.024140439783018
20.0,1.95,-13.282900747673626
20.0,1.952,-13.548317419690877
20.0,1.954,-13.820517287045089
20.0,1.956,-14.09960160629396
20.0,1.958,-14.38563698570017
20.0,1.96,-14.678643956201434
20.0,1.962,-14.978582637608111
20.0,1.964,-15.285334848512298
20.0,1.966,-15.598681904796152
20.0,1.968,-15.918277260740654
20.0,1.97,-16.243613093932634
20.0,1.972,-16.573979962862403
20.0,1.974,-16.908418841384705
20.0,1.976,-17.245665257455222
20.0,1.978,-17.584086075459375
20.0,1.98,-17.92161084264142
20.0,1.982,-18.255661771566444
20.0,1.984,-18.583089515660618
20.0,1.986,-18.900125918555027
20.0,1.988,-19.20236952197575
20.0,1.99,-19.484823806475415
20.0,1.992,-19.74201004285529
20.0,1.994,-19.968173540486294
20.0,1.996,-20.157591137384905
20.0,1.998,-20.30496761182999
20.0,2.0,-20.40588166753702
20.0,2.002,-20.457215864865166
20.0,2.004,-20.457490868092375
20.0,2.0060000000000002,-20.407032845780808
20.0,2.008,-20.307935662553454
20.0,2.01,-20.16382667853729
20.0,2.012,-19.97948877726425
20.0,2.0140000000000002,-19.760415796071033
20.0,2.016,-19.512378104671242
20.0,2.018,-19.241055248248177
20.0,2.02,-18.951764823331434
20.0,2.0220000000000002,-18.64929160999407
20.0,2.024,-18.33780411908023
20.0,2.026,-18.020837885779066
20.0,2.028,-17.70132389822289
20.0,2.0300000000000002,-17.381643553266862
20.0,2.032,-17.063696037215784
20.0,2.034,-16.748968499053706
20.0,2.036,-16.438603085682047
20.0,2.0380000000000003,-16.133457644515584
20.0,2.04,-15.83415874962423
20.0,2.042,-15.541146860517062
20.0,2.044,-15.254714075421978
20.0,2.0460000000000003,-14.975035260664198
20.0,2.048,-14.702193450124518
20.0,2.05,-14.436200401140278
20.0,2.052,-14.177013122813243
20.0,2.0540000000000003,-13.924547094984858
20.0,2.056,-13.678686791877182
20.0,2.058,-13.439294024823901
20.0,2.06,-13.20621452901402
20.0,2.0620000000000003,-12.979283141681107
20.0,2.064,-12.758327853723612
20.0,2.066,-12.543172962401439
20.0,2.068,-12.33364150817449
20.0,2.0700000000000003,-12.129557142490697
20.0,2.072,-11.930745544021775
20.0,2.074,-11.737035477257008
20.0,2.076,-11.548259568439077
20.0,2.078,-11.364254858672
20.0,2.08,-11.184863181913816
20.0,2.082,-11.009931405887606
20.0,2.084,-10.839311566210503
20.0,2.086,-10.672860917869007
20.0,2.088,-10.510441923235692
20.0,2.09,-10.351922191886322
20.0,2.092,-10.197174384326784
20.0,2.094,-10.046076089226311
20.0,2.096,-9.898509681740386
20.0,2.098,-9.754362168900956
20.0,2.1,-9.61352502676397
20.0,2.102,-9.475894032978436
20.0,2.104,-9.341369097617886
20.0,2.106,-9.20985409446123
20.0,2.108,-9.081256694384711
20.0,2.11,-8.955488202111763
20.0,2.112,-8.832463397234317
20.0,2.114,-8.712100380158065
20.0,2.116,-8.594320423414688
20.0,2.118,-8.479047828622367
20.0,2.12,-8.36620978924609
20.0,2.122,-8.255736259211671
20.0,2.124,-8.147559827348994
20.0,2.126,-8.041615597583373
20.0,2.128,-7.937841074748702
20.0,2.13,-7.836176055865507
20.0,2.132,-7.736562526702933
20.0,2.134,-7.638944563429674
20.0,2.136,-7.543268239147954
20.0,2.138,-7.449481535101032
20.0,2.14,-7.357534256341803
20.0,2.142,-7.267377951652821
20.0,2.144,-7.178965837509912
20.0,2.146,-7.092252725887857
20.0,2.148,-7.007194955711347
20.0,2.15,-6.92375032776244
20.0,2.152,-6.8418780428619606
20.0,2.154,-6.76153864315114
20.0,2.156,-6.682693956306448
20.0,2.158,-6.605307042529676
20.0,2.16,-6.529342144161937
20.0,2.162,-6.454764637779153
20.0,2.164,-6.3815409886328665
20.0,2.166,-6.30963870730869
20.0,2.168,-6.239026308480514
20.0,2.17,-6.169673271646424
20.0,2.172,-6.10155000373764
20.0,2.174,-6.0346278034989105
20.0,2.176,-5.968878827543605
20.0,2.178,-5.904276057993315
20.0,2.18,-5.840793271615898
20.0,2.182,-5.778405010381967
20.0,2.184,-5.717086553363398
20.0,2.186,-5.656813889902854
20.0,2.188,-5.597563693986585
20.0,2.19,-5.539313299757427
20.0,2.192,-5.482040678107937
20.0,2.194,-5.425724414297739
20.0,2.196,-5.370343686541689
20.0,2.198,-5.315878245519286
20.0,2.2,-5.26230839475788
20.0,2.202,-5.20961497184566
20.0,2.2039999999999997,-5.157779330432265
20.0,2.206,-5.106783322977813
20.0,2.208,-5.056609284213046
20.0,2.21,-5.007240015275464
20.0,2.2119999999999997,-4.9586587684883
20.0,2.214,-4.910849232751214
20.0,2.216,-4.863795519513038
20.0,2.218,-4.817482149298683
20.0,2.2199999999999998,-4.771894038763914
20.0,2.222,-4.7270164882530965
20.0,2.224,-4.6828351698363235
20.0,2.226,-4.6393361158036655
20.0,2.2279999999999998,-4.596505707595432
20.0,2.23,-4.554330665148631
20.0,2.232,-4.512798036640632
20.0,2.234,-4.47189518861217
20.0,2.2359999999999998,-4.431609796452747
20.0,2.238,-4.3919298352324585
20.0,2.24,-4.352843570864933
20.0,2.242,-4.314339551586965
20.0,2.2439999999999998,-4.276406599741137
20.0,2.246,-4.239033803848477
20.0,2.248,-4.202210510958796
20.0,2.25,-4.165926319266896
20.0,2.252,-4.130171070983592
20.0,2.254,-4.094934845450957
20.0,2.2560000000000002,-4.060207952491676
20.0,2.258,-4.025980925982953
20.0,2.26,-3.9922445176458177
20.0,2.262,-3.9589896910412126
20.0,2.2640000000000002,-3.926207615764588
20.0,2.266,-3.893889661831054
20.0,2.268,-3.8620273942436545
20.0,2.27,-3.830612567737618
20.0,2.2720000000000002,-3.799637121693732
20.0,2.274,-3.769093175214342
20.0,2.276,-3.7389730223557067
20.0,2.278,-3.709269127510904
20.0,2.2800000000000002,-3.679974120937543
20.0,2.282,-3.651080794424846
20.0,2.284,-3.622582097094951
20.0,2.286,-3.5944711313335596
20.0,2.2880000000000003,-3.5667411488451166
20.0,2.29,-3.53938554682802
20.0,2.292,-3.512397864265526
20.0,2.294,-3.485771778328241
20.0,2.2960000000000003,-3.4595011008842267
20.0,2.298,-3.4335797751128543
20.0,2.3,-3.4080018722188177
20.0,2.302,-3.3827615882428317
20.0,2.3040000000000003,-3.357853240965653
20.0,2.306,-3.33327126690215
20.0,2.308,-3.309010218382416
20.0,2.31,-3.2850647607169785
20.0,2.3120000000000003,-3.2614296694432
20.0,2.314,-3.238099827650185
20.0,2.316,-3.2150702233795774
20.0,2.318,-3.1923359470997283
20.0,2.3200000000000003,-3.169892189250799
20.0,2.322,-3.147734237858532
20.0,2.324,-3.1258574762143483
20.0,2.326,-3.104257380619746
20.0,2.3280000000000003,-3.0829295181928695
20.0,2.33,-3.061869544735238
20.0,2.332,-3.041073202656759
20.0,2.334,-3.0205363189571575
20.0,2.336,-3.0002548032621057
20.0,2.338,-2.980224645912213
20.0,2.34,-2.960441916103372
20.0,2.342,-2.9409027600767637
20.0,2.344,-2.9216033993570663
20.0,2.346,-2.902540129037326
20.0,2.348,-2.8837093161091416
20.0,2.35,-2.8651073978366686
20.0,2.352,-2.8467308801732836
20.0,2.354,-2.8285763362194554
20.0,2.356,-2.8106404047207483
20.0,2.358,-2.792919788604592
20.0,2.36,-2.775411253554881
20.0,2.362,-2.758111626623052
20.0,2.364,-2.7410177948747885
20.0,2.366,-2.724126704071122
20.0,2.368,-2.707435357383108
20.0,2.37,-2.6909408141389184
20.0,2.372,-2.6746401886026017
20.0,2.374,-2.6585306487834384
20.0,2.376,-2.6426094152751385
20.0,2.378,-2.626873760123955
20.0,2.38,-2.611321005724943
20.0,2.382,-2.5959485237455304
20.0,2.384,-2.580753734075657
20.0,2.386,-2.565734103803739
20.0,2.388,-2.550887146217733
20.0,2.39,-2.5362104198305797
20.0,2.392,-2.5217015274294137
20.0,2.394,-2.5073581151477886
20.0,2.396,-2.493177871560414
20.0,2.398,-2.4791585267996523
20.0,2.4,-2.4652978516932937
20.0,2.402,-2.4515936569229484
20.0,2.404,-2.4380437922025724
20.0,2.406,-2.424646145476515
20.0,2.408,-2.411398642136636
20.0,2.41,-2.3982992442578883
20.0,2.412,-2.3853459498519998
20.0,2.414,-2.3725367921386247
20.0,2.416,-2.359869838833667
20.0,2.418,-2.3473431914541494
20.0,2.42,-2.3349549846393627
20.0,2.422,-2.3227033854877233
20.0,2.424,-2.310586592909032
20.0,2.426,-2.298602836991676
20.0,2.428,-2.286750378384419
20.0,2.43,-2.2750275076923785
20.0,2.432,-2.263432544886839
20.0,2.434,-2.25196383872854
20.0,2.436,-2.2406197662041136
20.0,2.438,-2.22939873197529
20.0,2.44,-2.2182991678406068
20.0,2.442,-2.2073195322092465
20.0,2.444,-2.1964583095867525
20.0,2.446,-2.185714010072275
20.0,2.448,-2.1750851688670854
20.0,2.45,-2.1645703457940777
20.0,2.452,-2.1541681248279625
20.0,2.454,-2.1438771136359165
20.0,2.456,-2.133695943128389
20.0,2.458,-2.1236232670198834
20.0,2.46,-2.1136577613993683
20.0,2.4619999999999997,-2.1037981243101758
20.0,2.464,-2.094043075339097
20.0,2.466,-2.084391355214485
20.0,2.468,-2.0748417254131186
20.0,2.4699999999999998,-2.065392967775608
20.0,2.472,-2.0560438841301982
20.0,2.474,-2.046793295924683
20.0,2.476,-2.0376400438662983
20.0,2.4779999999999998,-2.028582987569357
20.0,2.48,-2.019621005210477
20.0,2.482,-2.010752993191226
20.0,2.484,-2.00197786580795
20.0,2.4859999999999998,-1.9932945549286705
20.0,2.488,-1.9847020096768755
20.0,2.49,-1.9761991961220247
20.0,2.492,-1.9677850969766113
20.0,2.4939999999999998,-1.95945871129965
20.0,2.496,-1.9512190542064103
20.0,2.498,-1.9430651565842818
20.0,2.5,-1.9349960648146005
20.0,2.502,-1.927010840500304
20.0,2.504,-1.919108560199307
20.0,2.5060000000000002,-1.911288315163429
20.0,2.508,-1.9035492110827752
20.0,2.51,-1.8958903678354098
20.0,2.512,-1.8883109192422662
20.0,2.5140000000000002,-1.8808100128270864
20.0,2.516,-1.8733868095813628
20.0,2.518,-1.8660404837341042
20.0,2.52,-1.858770222526349
20.0,2.5220000000000002,-1.8515752259903118
20.0,2.524,-1.8444547067330732
20.0,2.526,-1.837407889724664
20.0,2.528,-1.8304340120905103
20.0,2.5300000000000002,-1.8235323229081088
20.0,2.532,-1.8167020830078147
20.0,2.534,-1.8099425647777174
20.0,2.536,-1.8032530519724341
20.0,2.5380000000000003,-1.7966328395258067
20.0,2.54,-1.7900812333673746
20.0,2.542,-1.783597550242534
20.0,2.544,-1.7771811175363603
20.0,2.5460000000000003,-1.7708312731009217
20.0,2.548,-1.7645473650861245
20.0,2.55,-1.758328751773889
20.0,2.552,-1.7521748014156813
20.0,2.5540000000000003,-1.7460848920732917
20.0,2.556,-1.740058411462778
20.0,2.558,-1.7340947568015435
20.0,2.56,-1.7281933346584164
20.0,2.5620000000000003,-1.72235356080677
20.0,2.564,-1.7165748600805044
20.0,2.566,-1.7108566662329334
20.0,2.568,-1.705198421798413
20.0,2.5700000000000003,-1.699599577956773
20.0,2.572,-1.6940595944003602
20.0,2.574,-1.688577939203765
20.0,2.576,-1.683154088696083
20.0,2.5780000000000003,-1.6777875273357055
20.0,2.58,-1.6724777475875798
20.0,2.582,-1.6672242498028758
20.0,2.584,-1.6620265421010125
20.0,2.5860000000000003,-1.656884140254037
20.0,2.588,-1.6517965675732182
20.0,2.59,-1.646763354797908
20.0,2.592,-1.6417840399865749
20.0,2.5940000000000003,-1.6368581684099515
20.0,2.596,-1.6319852924463072
20.0,2.598,-1.627164971478734
20.0,2.6,-1.6223967717944774
20.0,2.6020000000000003,-1.6176802664862224
20.0,2.604,-1.6130150353553137
20.0,2.606,-1.6084006648168583
20.0,2.608,-1.6038367478066964
20.0,2.6100000000000003,-1.5993228836902096
20.0,2.612,-1.5948586781728653
20.0,2.614,-1.5904437432125613
20.0,2.616,-1.5860776969336656
20.0,2.6180000000000003,-1.5817601635427319
20.0,2.62,-1.5774907732458865
20.0,2.622,-1.573269162167818
20.0,2.624,-1.5690949722723646
20.0,2.6260000000000003,-1.5649678512846632
20.0,2.628,-1.5608874526148209
20.0,2.63,-1.5568534352831
20.0,2.632,-1.5528654638465536
20.0,2.6340000000000003,-1.548923208327141
20.0,2.636,-1.545026344141232
20.0,2.638,-1.5411745520305238
20.0,2.64,-1.5373675179943183
20.0,2.6420000000000003,-1.5336049332231445
20.0,2.644,-1.5298864940337022
20.0,2.646,-1.5262119018050837
20.0,2.648,-1.5225808629163184
20.0,2.6500000000000004,-1.5189930886850898
20.0,2.652,-1.5154482953077497
20.0,2.654,-1.5119462038004992
20.0,2.6559999999999997,-1.5084865399417708
20.0,2.658,-1.5050690342157695
20.0,2.66,-1.5016934217571545
20.0,2.662,-1.4983594422968551
20.0,2.6639999999999997,-1.4950668401089853
20.0,2.666,-1.491815363958846
20.0,2.668,-1.488604767051995
20.0,2.67,-1.4854348069843695
20.0,2.6719999999999997,-1.482305245693448
20.0,2.674,-1.4792158494104086
20.0,2.676,-1.4761663886133114
20.0,2.678,-1.47315663798125
20.0,2.6799999999999997,-1.47018637634946
20.0,2.682,-1.46725538666542
20.0,2.684,-1.4643634559458374
20.0,2.686,-1.4615103752345875
20.0,2.6879999999999997,-1.4586959395615633
20.0,2.69,-1.4559199479023979
20.0,2.692,-1.4531822031390726
20.0,2.694,-1.4504825120214362
20.0,2.6959999999999997,-1.447820685129487
20.0,2.698,-1.445196536836586
20.0,2.7,-1.4426098852734417
20.0,2.702,-1.4400605522929442
20.0,2.7039999999999997,-1.4375483634357777
20.0,2.706,-1.4350731478968473
20.0,2.708,-1.4326347384924742
20.0,2.71,-1.4302329716283737
20.0,2.7119999999999997,-1.4278676872683782
20.0,2.714,-1.4255387289039276
20.0,2.716,-1.4232459435242744
20.0,2.718,-1.42098918158746
20.0,2.7199999999999998,-1.4187682969919608
20.0,2.722,-1.4165831470490846
20.0,2.724,-1.4144335924560574
20.0,2.726,-1.4123194972697937
20.0,2.7279999999999998,-1.410240728881357
20.0,2.73,-1.4081971579910992
20.0,2.732,-1.406188658584484
20.0,2.734,-1.4042151079085192
20.0,2.7359999999999998,-1.4022763864489054
20.0,2.738,-1.400372377907777
20.0,2.74,-1.3985029691821218
20.0,2.742,-1.3966680503428037
20.0,2.7439999999999998,-1.394867514614211
20.0,2.746,-1.3931012583545335
20.0,2.748,-1.39136918103665
20.0,2.75,-1.3896711852296066
20.0,2.752,-1.388007176580717
20.0,2.754,-1.386377063798211
20.0,2.7560000000000002,-1.384780758634529
20.0,2.758,-1.3832181758701565
20.0,2.76,-1.381689233298036
20.0,2.762,-1.3801938517085794
20.0,2.7640000000000002,-1.3787319548752142
20.0,2.766,-1.3773034695404986
20.0,2.768,-1.3759083254028184
20.0,2.77,-1.3745464551035953
20.0,2.7720000000000002,-1.373217794215074
20.0,2.774,-1.3719222812286542
20.0,2.776,-1.3706598575437237
20.0,2.778,-1.369430467457093
20.0,2.7800000000000002,-1.3682340581528976
20.0,2.782,-1.3670705796930762
20.0,2.784,-1.3659399850083465
20.0,2.786,-1.3648422298897263
20.0,2.7880000000000003,-1.3637772729805557
20.0,2.79,-1.3627450757690522
20.0,2.792,-1.361745602581369
20.0,2.794,-1.3607788205751712
20.0,2.7960000000000003,-1.3598446997337323
20.0,2.798,-1.3589432128605103
20.0,2.8,-1.3580743355742608
20.0,2.802,-1.357238046304643
20.0,2.8040000000000003,-1.3564343262883163
20.0,2.806,-1.3556631595655566
20.0,2.808,-1.354924532977357
20.0,2.81,-1.3542184361630392
20.0,2.8120000000000003,-1.353544861558358
20.0,2.814,-1.352903804394091
20.0,2.816,-1.3522952626951419
20.0,2.818,-1.3517192372801146
20.0,2.8200000000000003,-1.351175731761424
20.0,2.822,-1.3506647525458297
20.0,2.824,-1.350186308835549
20.0,2.826,-1.3497404126297894
20.0,2.8280000000000003,-1.3493270787268115
20.0,2.83,-1.3489463247264957
20.0,2.832,-1.3485981710333452
20.0,2.834,-1.3482826408600603
20.0,2.8360000000000003,-1.3479997602315572
20.0,2.838,-1.3477495579894736
20.0,2.84,-1.3475320657972238
20.0,2.842,-1.347347318145489
20.0,2.8440000000000003,-1.3471953523582498
20.0,2.846,-1.347076208599298
20.0,2.848,-1.3469899298792485
20.0,2.85,-1.3469365620630611
20.0,2.8520000000000003,-1.3469161538780638
20.0,2.854,-1.3469287569224833
20.0,2.856,-1.3469744256744658
20.0,2.858,-1.3470532175016479
20.0,2.8600000000000003,-1.3471651926711892
20.0,2.862,-1.3473104143603485
20.0,2.864,-1.3474889486675878
20.0,2.866,-1.3477008646241515
20.0,2.8680000000000003,-1.3479462342062256
20.0,2.87,-1.3482251323475651
20.0,2.872,-1.3485376369526967
20.0,2.874,-1.3488838289106155
20.0,2.8760000000000003,-1.3492637921090513
20.0,2.878,-1.349677613449241
20.0,2.88,-1.3501253828612607
20.0,2.882,-1.3506071933199006
20.0,2.8840000000000003,-1.3511231408610938
20.0,2.886,-1.351673324598883
20.0,2.888,-1.352257846742973
20.0,2.89,-1.3528768126168147
20.0,2.8920000000000003,-1.3535303306762687
20.0,2.894,-1.3542185125288624
20.0,2.896,-1.3549414729535867
20.0,2.898,-1.355699329921297
20.0,2.9000000000000004,-1.356492204615698
20.0,2.902,-1.3573202214549194
20.0,2.904,-1.3581835081136955
20.0,2.906,-1.3590821955461319
20.0,2.908,-1.3600164180091023
20.0,2.91,-1.3609863130862498
20.0,2.912,-1.36199202171262
20.0,2.9139999999999997,-1.3630336881998955
20.0,2.916,-1.3641114602623086
20.0,2.918,-1.3652254890431637
20.0,2.92,-1.366375929142015
20.0,2.9219999999999997,-1.3675629386425099
20.0,2.924,-1.3687866791408791
20.0,2.926,-1.3700473157751272
20.0,2.928,-1.371345017254861
20.0,2.9299999999999997,-1.3726799558918434
20.0,2.932,-1.374052307631215
20.0,2.934,-1.3754622520834383
20.0,2.936,-1.3769099725569356
20.0,2.9379999999999997,-1.3783956560914605
20.0,2.94,-1.379919493492201
20.0,2.942,-1.381481679364604
20.0,2.944,-1.3830824121499699
20.0,2.9459999999999997,-1.3847218941617843
20.0,2.948,-1.386400331622831
20.0,2.95,-1.3881179347030883
20.0,2.952,-1.389874917558381
20.0,2.9539999999999997,-1.391671498369878
20.0,2.956,-1.3935078993843575
20.0,2.958,-1.3953843469553115
20.0,2.96,-1.39730107158489
20.0,2.9619999999999997,-1.3992583079666652
20.0,2.964,-1.4012562950292642
20.0,2.966,-1.4032952759808741
20.0,2.968,-1.405375498354612
20.0,2.9699999999999998,-1.4074972140548003
20.0,2.972,-1.4096606794041247
20.0,2.974,-1.4118661551917422
20.0,2.976,-1.414113906722291
20.0,2.9779999999999998,-1.4164042038658564
20.0,2.98,-1.418737321108895
20.0,2.982,-1.4211135376061337
20.0,2.984,-1.423533137233446
20.0,2.9859999999999998,-1.4259964086417467
20.0,2.988,-1.4285036453118825
20.0,2.99,-1.4310551456105736
20.0,2.992,-1.4336512128473946
20.0,2.9939999999999998,-1.4362921553328198
20.0,2.996,-1.4389782864373577
20.0,2.998,-1.4417099246517628
20.0,3.0,-1.4444873936483902
20.0,3.002,-1.4473110223436614
20.0,3.004,-1.4501811449616864
20.0,3.0060000000000002,-1.4530981010990518
20.0,3.008,-1.4560622357907984
20.0,3.01,-1.4590738995776122
20.0,3.012,-1.4621334485742257
20.0,3.0140000000000002,-1.4652412445390572
20.0,3.016,-1.468397654945151
20.0,3.018,-1.4716030530523656
20.0,3.02,-1.4748578179808822
20.0,3.0220000000000002,-1.4781623347860415
20.0,3.024,-1.4815169945345306
20.0,3.026,-1.484922194381929
20.0,3.028,-1.4883783376516755
20.0,3.0300000000000002,-1.4918858339154144
20.0,3.032,-1.4954450990748187
20.0,3.034,-1.4990565554448536
20.0,3.036,-1.5027206318385387
20.0,3.0380000000000003,-1.5064377636532187
20.0,3.04,-1.5102083929583814
20.0,3.042,-1.5140329685850384
20.0,3.044,-1.5179119462166881
20.0,3.0460000000000003,-1.521845788481905
20.0,3.048,-1.5258349650485852
20.0,3.05,-1.5298799527198383
20.0,3.052,-1.533981235531627
20.0,3.0540000000000003,-1.5381393048520717
20.0,3.056,-1.5423546594825877
20.0,3.058,-1.5466278057607727
20.0,3.06,-1.55095925766513
20.0,3.0620000000000003,-1.5553495369216233
20.0,3.064,-1.5597991731121645
20.0,3.066,-1.5643087037849792
20.0,3.068,-1.568878674566938
20.0,3.0700000000000003,-1.5735096392778778
20.0,3.072,-1.578202160046942
20.0,3.074,-1.5829568074309688
20.0,3.076,-1.587774160534994
20.0,3.0780000000000003,-1.5926548071348519
20.0,3.08,-1.5975993438019689
20.0,3.082,-1.6026083760303536
20.0,3.084,-1.6076825183658272
20.0,3.0860000000000003,-1.6128223945375249
20.0,3.088,-1.6180286375917607
20.0,3.09,-1.6233018900282157
20.0,3.092,-1.6286428039385534
20.0,3.0940000000000003,-1.6340520411474768
20.0,3.096,-1.6395302733562864
20.0,3.098,-1.6450781822889735
20.0,3.1,-1.6506964598408989
20.0,3.1020000000000003,-1.6563858082300817
20.0,3.104,-1.662146940151204
20.0,3.106,-1.667980578932293
20.0,3.108,-1.6738874586942147
20.0,3.1100000000000003,-1.6798683245129804
20.0,3.112,-1.6859239325849027
20.0,3.114,-1.692055050394715
20.0,3.116,-1.6982624568866578
20.0,3.1180000000000003,-1.7045469426385629
20.0,3.12,-1.7109093100390944
20.0,3.122,-1.7173503734680475
20.0,3.124,-1.7238709594799382
20.0,3.1260000000000003,-1.7304719069907715
20.0,3.128,-1.7371540674681727
20.0,3.13,-1.7439183051248857
20.0,3.132,-1.7507654971157116
20.0,3.1340000000000003,-1.7576965337379336
20.0,3.136,-1.7647123186353297
20.0,3.138,-1.771813769005813
20.0,3.14,-1.7790018158127499
20.0,3.1420000000000003,-1.7862774040000509
20.0,3.144,-1.7936414927111133
20.0,3.146,-1.8010950555116403
20.0,3.148,-1.8086390806164576
20.0,3.1500000000000004,-1.8162745711203423
20.0,3.152,-1.824002545233021
20.0,3.154,-1.8318240365183345
20.0,3.156,-1.8397400941376776
20.0,3.1580000000000004,-1.8477517830977988
20.0,3.16,-1.8558601845030323
20.0,3.162,-1.8640663958120367
20.0,3.164,-1.8723715310991578
20.0,3.166,-1.8807767213204152
20.0,3.168,-1.8892831145843314
20.0,3.17,-1.8978918764275396
20.0,3.1719999999999997,-1.906604190095418
20.0,3.174,-1.91542125682769
20.0,3.176,-1.9243442961491728
20.0,3.178,-1.933374546165786
20.0,3.1799999999999997,-1.9425132638658362
20.0,3.182,-1.9517617254267332
20.0,3.184,-1.9611212265272402
20.0,3.186,-1.9705930826653075
20.0,3.1879999999999997,-1.980178629481676
20.0,3.19,-1.9898792230892834
20.0,3.192,-1.9996962404085992
20.0,3.194,-2.0096310795090297
20.0,3.1959999999999997,-2.019685159956471
20.0,3.198,-2.029859923167142
20.0,3.2,-2.0401568327677726
20.0,3.202,-2.0505773749623533
20.0,3.2039999999999997,-2.0611230589054745
20.0,3.206,-2.0717954170824155
20.0,3.208,-2.0825960056961312
20.0,3.21,-2.0935264050612035
20.0,3.2119999999999997,-2.1045882200049677
20.0,3.214,-2.115783080275864
20.0,3.216,-2.127112640959214
20.0,3.218,-2.138578582900483
20.0,3.2199999999999998,-2.150182613136299
20.0,3.222,-2.1619264653331975
20.0,3.224,-2.1738119002343694
20.0,3.226,-2.1858407061145186
20.0,3.2279999999999998,-2.1980146992429623
20.0,3.23,-2.210335724355135
20.0,3.232,-2.2228056551326625
20.0,3.234,-2.235426394692154
20.0,3.2359999999999998,-2.2481998760828845
20.0,3.238,-2.261128062793513
20.0,3.24,-2.2742129492680125
20.0,3.242,-2.287456561430968
20.0,3.2439999999999998,-2.3008609572224796
20.0,3.246,-2.314428227142739
20.0,3.248,-2.3281604948065286
20.0,3.25,-2.3420599175078336
20.0,3.252,-2.356128686794718
20.0,3.254,-2.37036902905466
20.0,3.2560000000000002,-2.384783206110542
20.0,3.258,-2.3993735158275067
20.0,3.26,-2.4141422927308636
20.0,3.262,-2.4290919086352414
20.0,3.2640000000000002,-2.4442247732851863
20.0,3.266,-2.459543335007461
20.0,3.268,-2.4750500813752048
20.0,3.27,-2.4907475398841985
20.0,3.2720000000000002,-2.506638278641438
20.0,3.274,-2.522724907066252
20.0,3.276,-2.5390100766042294
20.0,3.278,-2.5554964814540835
20.0,3.2800000000000002,-2.5721868593077963
20.0,3.282,-2.5890839921042326
20.0,3.284,-2.606190706796492
20.0,3.286,-2.6235098761331965
20.0,3.2880000000000003,-2.6410444194540146
20.0,3.29,-2.658797303499665
20.0,3.292,-2.6767715432366668
20.0,3.294,-2.6949702026970734
20.0,3.2960000000000003,-2.713396395833467
20.0,3.298,-2.7320532873895145
20.0,3.3,-2.750944093786339
20.0,3.302,-2.770072084024982
20.0,3.3040000000000003,-2.789440580605229
20.0,3.306,-2.8090529604611385
20.0,3.308,-2.828912655913532
20.0,3.31,-2.8490231556397294
20.0,3.3120000000000003,-2.869388005660827
20.0,3.314,-2.8900108103469075
20.0,3.316,-2.91089523344037
20.0,3.318,-2.9320449990977817
20.0,3.3200000000000003,-2.9534638929505026
20.0,3.322,-2.97515576318448
20.0,3.324,-2.997124521639476
20.0,3.326,-3.0193741449280727
20.0,3.3280000000000003,-3.041908675574785
20.0,3.33,-3.0647322231756178
20.0,3.332,-3.0878489655784507
20.0,3.334,-3.1112631500844596
20.0,3.3360000000000003,-3.1349790946710767
20.0,3.338,-3.159001189236709
20.0,3.34,-3.1833338968676554
20.0,3.342,-3.207981755127502
20.0,3.3440000000000003,-3.2329493773693225
20.0,3.346,-3.258241454071154
20.0,3.348,-3.2838627541949634
20.0,3.35,-3.3098181265695343
20.0,3.3520000000000003,-3.336112501297539
20.0,3.354,-3.3627508911872415
20.0,3.356,-3.389738393209121
20.0,3.358,-3.417080189977708
20.0,3.3600000000000003,-3.4447815512590134
20.0,3.362,-3.47284783550389
20.0,3.364,-3.5012844914076147
20.0,3.366,-3.5300970594959926
20.0,3.3680000000000003,-3.5592911737382433
20.0,3.37,-3.588872563187074
20.0,3.372,-3.618847053646106
20.0,3.374,-3.649220569364893
20.0,3.3760000000000003,-3.6799991347618324
20.0,3.378,-3.7111888761751644
20.0,3.38,-3.7427960236422173
20.0,3.382,-3.774826912707078
20.0,3.3840000000000003,-3.807287986256772
20.0,3.386,-3.8401857963861623
20.0,3.388,-3.8735270062915026
20.0,3.39,-3.9073183921926673
20.0,3.3920000000000003,-3.9415668452840773
20.0,3.394,-3.976279373714202
20.0,3.396,-4.011463104593466
20.0,3.398,-4.047125286030345
20.0,3.4000000000000004,-4.0832732891953345
20.0,3.402,-4.119914610412444
20.0,3.404,-4.157056873277778
20.0,3.406,-4.194707830804477
20.0,3.4080000000000004,-4.23287536759346
20.0,3.41,-4.27156750202915
20.0,3.412,-4.3107923884991575
20.0,3.414,-4.35055831963686
20.0,3.4160000000000004,-4.390873728585513
20.0,3.418,-4.4317471912826125
20.0,3.42,-4.473187428762637
20.0,3.4219999999999997,-4.515203309476361
20.0,3.424,-4.557803851624594
20.0,3.426,-4.600998225503849
20.0,3.428,-4.644795755861313
20.0,3.4299999999999997,-4.689205924255958
20.0,3.432,-4.7342383714224034
20.0,3.434,-4.779902899633587
20.0,3.436,-4.826209475058121
20.0,3.4379999999999997,-4.87316823010741
20.0,3.44,-4.920789465767181
20.0,3.442,-4.969083653907578
20.0,3.444,-5.018061439565167
20.0,3.4459999999999997,-5.067733643189614
20.0,3.448,-5.118111262846777
20.0,3.45,-5.169205476369313
20.0,3.452,-5.221027643444867
20.0,3.4539999999999997,-5.273589307630768
20.0,3.456,-5.326902198283033
20.0,3.458,-5.380978232386134
20.0,3.46,-5.435829516268828
20.0,3.4619999999999997,-5.49146834718941
20.0,3.464,-5.54790721477222
20.0,3.466,-5.605158802275383
20.0,3.468,-5.663235987667679
20.0,3.4699999999999998,-5.722151844490043
20.0,3.472,-5.781919642474687
20.0,3.474,-5.842552847892188
20.0,3.476,-5.904065123593766
20.0,3.4779999999999998,-5.966470328712559
20.0,3.48,-6.029782517983991
20.0,3.482,-6.094015940641329
20.0,3.484,-6.1591850388380545
20.0,3.4859999999999998,-6.225304445543616
20.0,3.488,-6.292388981853653
20.0,3.49,-6.3604536536499285
20.0,3.492,-6.429513647538528
20.0,3.4939999999999998,-6.499584325987563
20.0,3.496,-6.570681221577531
20.0,3.498,-6.642820030268729
20.0,3.5,-6.716016603580458
